input_file,nG,nH,k,density,seed,algorithm,time_seconds,extension_cost,status
g2_h3_k1_ddense_s0.txt,2,3,1,dense,0,exact,0.003580,0,success
g2_h3_k1_ddense_s0.txt,2,3,1,dense,0,approx,0.003276,0,success
g2_h3_k1_ddense_s1.txt,2,3,1,dense,1,exact,0.002774,4,success
g2_h3_k1_ddense_s1.txt,2,3,1,dense,1,approx,0.003316,6,success
g2_h3_k1_ddense_s2.txt,2,3,1,dense,2,exact,0.002767,0,success
g2_h3_k1_ddense_s2.txt,2,3,1,dense,2,approx,0.004727,1,success
g2_h3_k1_dmedium_s0.txt,2,3,1,medium,0,exact,0.002501,0,success
g2_h3_k1_dmedium_s0.txt,2,3,1,medium,0,approx,0.002442,0,success
g2_h3_k1_dmedium_s1.txt,2,3,1,medium,1,exact,0.002667,0,success
g2_h3_k1_dmedium_s1.txt,2,3,1,medium,1,approx,0.002731,0,success
g2_h3_k1_dmedium_s2.txt,2,3,1,medium,2,exact,0.002405,3,success
g2_h3_k1_dmedium_s2.txt,2,3,1,medium,2,approx,0.002429,5,success
g2_h3_k1_dsparse_s0.txt,2,3,1,sparse,0,exact,0.002470,0,success
g2_h3_k1_dsparse_s0.txt,2,3,1,sparse,0,approx,0.002511,0,success
g2_h3_k1_dsparse_s1.txt,2,3,1,sparse,1,exact,0.003286,0,success
g2_h3_k1_dsparse_s1.txt,2,3,1,sparse,1,approx,0.002423,0,success
g2_h3_k1_dsparse_s2.txt,2,3,1,sparse,2,exact,0.002432,2,success
g2_h3_k1_dsparse_s2.txt,2,3,1,sparse,2,approx,0.002856,2,success
g2_h4_k1_ddense_s0.txt,2,4,1,dense,0,exact,0.002451,0,success
g2_h4_k1_ddense_s0.txt,2,4,1,dense,0,approx,0.003258,1,success
g2_h4_k1_ddense_s1.txt,2,4,1,dense,1,exact,0.002597,0,success
g2_h4_k1_ddense_s1.txt,2,4,1,dense,1,approx,0.002463,0,success
g2_h4_k1_ddense_s2.txt,2,4,1,dense,2,exact,0.002715,0,success
g2_h4_k1_ddense_s2.txt,2,4,1,dense,2,approx,0.002443,0,success
g2_h4_k1_dmedium_s0.txt,2,4,1,medium,0,exact,0.002521,0,success
g2_h4_k1_dmedium_s0.txt,2,4,1,medium,0,approx,0.003643,0,success
g2_h4_k1_dmedium_s1.txt,2,4,1,medium,1,exact,0.002588,0,success
g2_h4_k1_dmedium_s1.txt,2,4,1,medium,1,approx,0.002557,0,success
g2_h4_k1_dmedium_s2.txt,2,4,1,medium,2,exact,0.002730,0,success
g2_h4_k1_dmedium_s2.txt,2,4,1,medium,2,approx,0.002504,1,success
g2_h4_k1_dsparse_s0.txt,2,4,1,sparse,0,exact,0.002302,1,success
g2_h4_k1_dsparse_s0.txt,2,4,1,sparse,0,approx,0.002328,1,success
g2_h4_k1_dsparse_s1.txt,2,4,1,sparse,1,exact,0.002527,0,success
g2_h4_k1_dsparse_s1.txt,2,4,1,sparse,1,approx,0.002708,0,success
g2_h4_k1_dsparse_s2.txt,2,4,1,sparse,2,exact,0.002384,1,success
g2_h4_k1_dsparse_s2.txt,2,4,1,sparse,2,approx,0.002738,3,success
g2_h5_k1_ddense_s0.txt,2,5,1,dense,0,exact,0.002817,0,success
g2_h5_k1_ddense_s0.txt,2,5,1,dense,0,approx,0.002745,0,success
g2_h5_k1_ddense_s1.txt,2,5,1,dense,1,exact,0.002329,2,success
g2_h5_k1_ddense_s1.txt,2,5,1,dense,1,approx,0.002889,2,success
g2_h5_k1_ddense_s2.txt,2,5,1,dense,2,exact,0.017340,0,success
g2_h5_k1_ddense_s2.txt,2,5,1,dense,2,approx,0.023409,2,success
g2_h5_k1_dmedium_s0.txt,2,5,1,medium,0,exact,0.004815,0,success
g2_h5_k1_dmedium_s0.txt,2,5,1,medium,0,approx,0.007304,0,success
g2_h5_k1_dmedium_s1.txt,2,5,1,medium,1,exact,0.005512,2,success
g2_h5_k1_dmedium_s1.txt,2,5,1,medium,1,approx,0.002634,2,success
g2_h5_k1_dmedium_s2.txt,2,5,1,medium,2,exact,0.003161,0,success
g2_h5_k1_dmedium_s2.txt,2,5,1,medium,2,approx,0.003015,1,success
g2_h5_k1_dsparse_s0.txt,2,5,1,sparse,0,exact,0.002537,0,success
g2_h5_k1_dsparse_s0.txt,2,5,1,sparse,0,approx,0.002270,0,success
g2_h5_k1_dsparse_s1.txt,2,5,1,sparse,1,exact,0.002412,0,success
g2_h5_k1_dsparse_s1.txt,2,5,1,sparse,1,approx,0.002542,0,success
g2_h5_k1_dsparse_s2.txt,2,5,1,sparse,2,exact,0.002766,0,success
g2_h5_k1_dsparse_s2.txt,2,5,1,sparse,2,approx,0.002321,0,success
g2_h3_k2_ddense_s0.txt,2,3,2,dense,0,exact,0.002272,0,success
g2_h3_k2_ddense_s0.txt,2,3,2,dense,0,approx,0.002760,1,success
g2_h3_k2_ddense_s1.txt,2,3,2,dense,1,exact,0.002421,1,success
g2_h3_k2_ddense_s1.txt,2,3,2,dense,1,approx,0.002396,3,success
g2_h3_k2_ddense_s2.txt,2,3,2,dense,2,exact,0.002791,0,success
g2_h3_k2_ddense_s2.txt,2,3,2,dense,2,approx,0.002436,1,success
g2_h3_k2_dmedium_s0.txt,2,3,2,medium,0,exact,0.002320,0,success
g2_h3_k2_dmedium_s0.txt,2,3,2,medium,0,approx,0.002503,0,success
g2_h3_k2_dmedium_s1.txt,2,3,2,medium,1,exact,0.002370,0,success
g2_h3_k2_dmedium_s1.txt,2,3,2,medium,1,approx,0.002156,1,success
g2_h3_k2_dmedium_s2.txt,2,3,2,medium,2,exact,0.002475,1,success
g2_h3_k2_dmedium_s2.txt,2,3,2,medium,2,approx,0.002467,2,success
g2_h3_k2_dsparse_s0.txt,2,3,2,sparse,0,exact,0.002528,0,success
g2_h3_k2_dsparse_s0.txt,2,3,2,sparse,0,approx,0.002617,0,success
g2_h3_k2_dsparse_s1.txt,2,3,2,sparse,1,exact,0.002739,6,success
g2_h3_k2_dsparse_s1.txt,2,3,2,sparse,1,approx,0.002252,6,success
g2_h3_k2_dsparse_s2.txt,2,3,2,sparse,2,exact,0.002732,1,success
g2_h3_k2_dsparse_s2.txt,2,3,2,sparse,2,approx,0.002861,1,success
g3_h4_k1_ddense_s0.txt,3,4,1,dense,0,exact,0.002487,1,success
g3_h4_k1_ddense_s0.txt,3,4,1,dense,0,approx,0.002270,2,success
g3_h4_k1_ddense_s1.txt,3,4,1,dense,1,exact,0.002512,2,success
g3_h4_k1_ddense_s1.txt,3,4,1,dense,1,approx,0.002279,4,success
g3_h4_k1_ddense_s2.txt,3,4,1,dense,2,exact,0.002561,5,success
g3_h4_k1_ddense_s2.txt,3,4,1,dense,2,approx,0.002494,5,success
g3_h4_k1_dmedium_s0.txt,3,4,1,medium,0,exact,0.002807,0,success
g3_h4_k1_dmedium_s0.txt,3,4,1,medium,0,approx,0.002485,3,success
g3_h4_k1_dmedium_s1.txt,3,4,1,medium,1,exact,0.002899,4,success
g3_h4_k1_dmedium_s1.txt,3,4,1,medium,1,approx,0.002236,7,success
g3_h4_k1_dmedium_s2.txt,3,4,1,medium,2,exact,0.003080,0,success
g3_h4_k1_dmedium_s2.txt,3,4,1,medium,2,approx,0.002474,0,success
g3_h4_k1_dsparse_s0.txt,3,4,1,sparse,0,exact,0.002362,0,success
g3_h4_k1_dsparse_s0.txt,3,4,1,sparse,0,approx,0.002417,0,success
g3_h4_k1_dsparse_s1.txt,3,4,1,sparse,1,exact,0.002901,1,success
g3_h4_k1_dsparse_s1.txt,3,4,1,sparse,1,approx,0.002330,2,success
g3_h4_k1_dsparse_s2.txt,3,4,1,sparse,2,exact,0.003273,0,success
g3_h4_k1_dsparse_s2.txt,3,4,1,sparse,2,approx,0.002515,2,success
g2_h6_k1_ddense_s0.txt,2,6,1,dense,0,exact,0.002513,0,success
g2_h6_k1_ddense_s0.txt,2,6,1,dense,0,approx,0.003241,1,success
g2_h6_k1_ddense_s1.txt,2,6,1,dense,1,exact,0.002696,0,success
g2_h6_k1_ddense_s1.txt,2,6,1,dense,1,approx,0.002702,2,success
g2_h6_k1_ddense_s2.txt,2,6,1,dense,2,exact,0.003041,0,success
g2_h6_k1_ddense_s2.txt,2,6,1,dense,2,approx,0.002526,2,success
g2_h6_k1_dmedium_s0.txt,2,6,1,medium,0,exact,0.002672,0,success
g2_h6_k1_dmedium_s0.txt,2,6,1,medium,0,approx,0.002407,0,success
g2_h6_k1_dmedium_s1.txt,2,6,1,medium,1,exact,0.003045,0,success
g2_h6_k1_dmedium_s1.txt,2,6,1,medium,1,approx,0.002484,0,success
g2_h6_k1_dmedium_s2.txt,2,6,1,medium,2,exact,0.002606,0,success
g2_h6_k1_dmedium_s2.txt,2,6,1,medium,2,approx,0.003376,0,success
g2_h6_k1_dsparse_s0.txt,2,6,1,sparse,0,exact,0.003017,0,success
g2_h6_k1_dsparse_s0.txt,2,6,1,sparse,0,approx,0.002687,1,success
g2_h6_k1_dsparse_s1.txt,2,6,1,sparse,1,exact,0.003138,0,success
g2_h6_k1_dsparse_s1.txt,2,6,1,sparse,1,approx,0.002407,2,success
g2_h6_k1_dsparse_s2.txt,2,6,1,sparse,2,exact,0.002537,0,success
g2_h6_k1_dsparse_s2.txt,2,6,1,sparse,2,approx,0.002393,0,success
g2_h3_k3_ddense_s0.txt,2,3,3,dense,0,exact,0.002510,1,success
g2_h3_k3_ddense_s0.txt,2,3,3,dense,0,approx,0.002508,3,success
g2_h3_k3_ddense_s1.txt,2,3,3,dense,1,exact,0.002651,0,success
g2_h3_k3_ddense_s1.txt,2,3,3,dense,1,approx,0.002285,2,success
g2_h3_k3_ddense_s2.txt,2,3,3,dense,2,exact,0.002711,0,success
g2_h3_k3_ddense_s2.txt,2,3,3,dense,2,approx,0.002513,0,success
g2_h3_k3_dmedium_s0.txt,2,3,3,medium,0,exact,0.002434,0,success
g2_h3_k3_dmedium_s0.txt,2,3,3,medium,0,approx,0.002319,0,success
g2_h3_k3_dmedium_s1.txt,2,3,3,medium,1,exact,0.002674,0,success
g2_h3_k3_dmedium_s1.txt,2,3,3,medium,1,approx,0.002313,0,success
g2_h3_k3_dmedium_s2.txt,2,3,3,medium,2,exact,0.002427,5,success
g2_h3_k3_dmedium_s2.txt,2,3,3,medium,2,approx,0.002281,7,success
g2_h3_k3_dsparse_s0.txt,2,3,3,sparse,0,exact,0.002512,0,success
g2_h3_k3_dsparse_s0.txt,2,3,3,sparse,0,approx,0.002520,2,success
g2_h3_k3_dsparse_s1.txt,2,3,3,sparse,1,exact,0.002709,0,success
g2_h3_k3_dsparse_s1.txt,2,3,3,sparse,1,approx,0.002319,0,success
g2_h3_k3_dsparse_s2.txt,2,3,3,sparse,2,exact,0.002675,0,success
g2_h3_k3_dsparse_s2.txt,2,3,3,sparse,2,approx,0.002576,0,success
g2_h8_k1_ddense_s0.txt,2,8,1,dense,0,exact,0.002988,0,success
g2_h8_k1_ddense_s0.txt,2,8,1,dense,0,approx,0.002449,0,success
g2_h8_k1_ddense_s1.txt,2,8,1,dense,1,exact,0.003083,0,success
g2_h8_k1_ddense_s1.txt,2,8,1,dense,1,approx,0.002492,1,success
g2_h8_k1_ddense_s2.txt,2,8,1,dense,2,exact,0.002661,0,success
g2_h8_k1_ddense_s2.txt,2,8,1,dense,2,approx,0.002324,0,success
g2_h8_k1_dmedium_s0.txt,2,8,1,medium,0,exact,0.002793,0,success
g2_h8_k1_dmedium_s0.txt,2,8,1,medium,0,approx,0.002736,3,success
g2_h8_k1_dmedium_s1.txt,2,8,1,medium,1,exact,0.002918,0,success
g2_h8_k1_dmedium_s1.txt,2,8,1,medium,1,approx,0.002380,1,success
g2_h8_k1_dmedium_s2.txt,2,8,1,medium,2,exact,0.003115,0,success
g2_h8_k1_dmedium_s2.txt,2,8,1,medium,2,approx,0.002724,0,success
g2_h8_k1_dsparse_s0.txt,2,8,1,sparse,0,exact,0.002810,0,success
g2_h8_k1_dsparse_s0.txt,2,8,1,sparse,0,approx,0.002518,0,success
g2_h8_k1_dsparse_s1.txt,2,8,1,sparse,1,exact,0.002759,0,success
g2_h8_k1_dsparse_s1.txt,2,8,1,sparse,1,approx,0.002323,0,success
g2_h8_k1_dsparse_s2.txt,2,8,1,sparse,2,exact,0.002888,0,success
g2_h8_k1_dsparse_s2.txt,2,8,1,sparse,2,approx,0.002400,0,success
g2_h4_k2_ddense_s0.txt,2,4,2,dense,0,exact,0.002835,0,success
g2_h4_k2_ddense_s0.txt,2,4,2,dense,0,approx,0.002332,2,success
g2_h4_k2_ddense_s1.txt,2,4,2,dense,1,exact,0.003003,0,success
g2_h4_k2_ddense_s1.txt,2,4,2,dense,1,approx,0.002674,0,success
g2_h4_k2_ddense_s2.txt,2,4,2,dense,2,exact,0.003086,0,success
g2_h4_k2_ddense_s2.txt,2,4,2,dense,2,approx,0.002275,1,success
g2_h4_k2_dmedium_s0.txt,2,4,2,medium,0,exact,0.003115,3,success
g2_h4_k2_dmedium_s0.txt,2,4,2,medium,0,approx,0.002387,6,success
g2_h4_k2_dmedium_s1.txt,2,4,2,medium,1,exact,0.002796,0,success
g2_h4_k2_dmedium_s1.txt,2,4,2,medium,1,approx,0.002321,0,success
g2_h4_k2_dmedium_s2.txt,2,4,2,medium,2,exact,0.002753,2,success
g2_h4_k2_dmedium_s2.txt,2,4,2,medium,2,approx,0.002346,4,success
g2_h4_k2_dsparse_s0.txt,2,4,2,sparse,0,exact,0.003200,0,success
g2_h4_k2_dsparse_s0.txt,2,4,2,sparse,0,approx,0.002306,0,success
g2_h4_k2_dsparse_s1.txt,2,4,2,sparse,1,exact,0.002793,0,success
g2_h4_k2_dsparse_s1.txt,2,4,2,sparse,1,approx,0.002477,0,success
g2_h4_k2_dsparse_s2.txt,2,4,2,sparse,2,exact,0.003080,0,success
g2_h4_k2_dsparse_s2.txt,2,4,2,sparse,2,approx,0.002491,0,success
g3_h6_k1_ddense_s0.txt,3,6,1,dense,0,exact,0.003496,0,success
g3_h6_k1_ddense_s0.txt,3,6,1,dense,0,approx,0.002500,4,success
g3_h6_k1_ddense_s1.txt,3,6,1,dense,1,exact,0.003258,0,success
g3_h6_k1_ddense_s1.txt,3,6,1,dense,1,approx,0.002354,0,success
g3_h6_k1_ddense_s2.txt,3,6,1,dense,2,exact,0.003435,0,success
g3_h6_k1_ddense_s2.txt,3,6,1,dense,2,approx,0.002483,1,success
g3_h6_k1_dmedium_s0.txt,3,6,1,medium,0,exact,0.003439,1,success
g3_h6_k1_dmedium_s0.txt,3,6,1,medium,0,approx,0.002858,4,success
g3_h6_k1_dmedium_s1.txt,3,6,1,medium,1,exact,0.003306,0,success
g3_h6_k1_dmedium_s1.txt,3,6,1,medium,1,approx,0.002749,0,success
g3_h6_k1_dmedium_s2.txt,3,6,1,medium,2,exact,0.003236,0,success
g3_h6_k1_dmedium_s2.txt,3,6,1,medium,2,approx,0.002345,4,success
g3_h6_k1_dsparse_s0.txt,3,6,1,sparse,0,exact,0.003201,4,success
g3_h6_k1_dsparse_s0.txt,3,6,1,sparse,0,approx,0.002715,6,success
g3_h6_k1_dsparse_s1.txt,3,6,1,sparse,1,exact,0.003862,1,success
g3_h6_k1_dsparse_s1.txt,3,6,1,sparse,1,approx,0.003466,3,success
g3_h6_k1_dsparse_s2.txt,3,6,1,sparse,2,exact,0.004159,0,success
g3_h6_k1_dsparse_s2.txt,3,6,1,sparse,2,approx,0.003261,1,success
g2_h3_k4_ddense_s0.txt,2,3,4,dense,0,exact,0.004552,6,success
g2_h3_k4_ddense_s0.txt,2,3,4,dense,0,approx,0.003374,10,success
g2_h3_k4_ddense_s1.txt,2,3,4,dense,1,exact,0.003960,2,success
g2_h3_k4_ddense_s1.txt,2,3,4,dense,1,approx,0.003940,8,success
g2_h3_k4_ddense_s2.txt,2,3,4,dense,2,exact,0.014084,0,success
g2_h3_k4_ddense_s2.txt,2,3,4,dense,2,approx,0.004799,3,success
g2_h3_k4_dmedium_s0.txt,2,3,4,medium,0,exact,0.004464,2,success
g2_h3_k4_dmedium_s0.txt,2,3,4,medium,0,approx,0.002935,6,success
g2_h3_k4_dmedium_s1.txt,2,3,4,medium,1,exact,0.003885,0,success
g2_h3_k4_dmedium_s1.txt,2,3,4,medium,1,approx,0.005147,3,success
g2_h3_k4_dmedium_s2.txt,2,3,4,medium,2,exact,0.003442,0,success
g2_h3_k4_dmedium_s2.txt,2,3,4,medium,2,approx,0.004623,0,success
g2_h3_k4_dsparse_s0.txt,2,3,4,sparse,0,exact,0.005019,11,success
g2_h3_k4_dsparse_s0.txt,2,3,4,sparse,0,approx,0.003608,12,success
g2_h3_k4_dsparse_s1.txt,2,3,4,sparse,1,exact,0.003569,8,success
g2_h3_k4_dsparse_s1.txt,2,3,4,sparse,1,approx,0.002924,8,success
g2_h3_k4_dsparse_s2.txt,2,3,4,sparse,2,exact,0.004413,0,success
g2_h3_k4_dsparse_s2.txt,2,3,4,sparse,2,approx,0.003027,0,success
g2_h5_k2_ddense_s0.txt,2,5,2,dense,0,exact,0.004434,0,success
g2_h5_k2_ddense_s0.txt,2,5,2,dense,0,approx,0.003435,0,success
g2_h5_k2_ddense_s1.txt,2,5,2,dense,1,exact,0.005834,0,success
g2_h5_k2_ddense_s1.txt,2,5,2,dense,1,approx,0.003210,0,success
g2_h5_k2_ddense_s2.txt,2,5,2,dense,2,exact,0.004493,0,success
g2_h5_k2_ddense_s2.txt,2,5,2,dense,2,approx,0.002990,1,success
g2_h5_k2_dmedium_s0.txt,2,5,2,medium,0,exact,0.006085,0,success
g2_h5_k2_dmedium_s0.txt,2,5,2,medium,0,approx,0.002979,2,success
g2_h5_k2_dmedium_s1.txt,2,5,2,medium,1,exact,0.005469,0,success
g2_h5_k2_dmedium_s1.txt,2,5,2,medium,1,approx,0.004982,3,success
g2_h5_k2_dmedium_s2.txt,2,5,2,medium,2,exact,0.005303,0,success
g2_h5_k2_dmedium_s2.txt,2,5,2,medium,2,approx,0.003851,3,success
g2_h5_k2_dsparse_s0.txt,2,5,2,sparse,0,exact,0.004735,0,success
g2_h5_k2_dsparse_s0.txt,2,5,2,sparse,0,approx,0.002671,0,success
g2_h5_k2_dsparse_s1.txt,2,5,2,sparse,1,exact,0.004257,0,success
g2_h5_k2_dsparse_s1.txt,2,5,2,sparse,1,approx,0.004020,0,success
g2_h5_k2_dsparse_s2.txt,2,5,2,sparse,2,exact,0.004770,0,success
g2_h5_k2_dsparse_s2.txt,2,5,2,sparse,2,approx,0.003587,0,success
g3_h7_k1_ddense_s0.txt,3,7,1,dense,0,exact,0.004934,0,success
g3_h7_k1_ddense_s0.txt,3,7,1,dense,0,approx,0.002953,4,success
g3_h7_k1_ddense_s1.txt,3,7,1,dense,1,exact,0.005627,0,success
g3_h7_k1_ddense_s1.txt,3,7,1,dense,1,approx,0.002782,2,success
g3_h7_k1_ddense_s2.txt,3,7,1,dense,2,exact,0.006255,0,success
g3_h7_k1_ddense_s2.txt,3,7,1,dense,2,approx,0.003387,4,success
g3_h7_k1_dmedium_s0.txt,3,7,1,medium,0,exact,0.005577,0,success
g3_h7_k1_dmedium_s0.txt,3,7,1,medium,0,approx,0.002898,0,success
g3_h7_k1_dmedium_s1.txt,3,7,1,medium,1,exact,0.005213,0,success
g3_h7_k1_dmedium_s1.txt,3,7,1,medium,1,approx,0.003668,1,success
g3_h7_k1_dmedium_s2.txt,3,7,1,medium,2,exact,0.004760,3,success
g3_h7_k1_dmedium_s2.txt,3,7,1,medium,2,approx,0.003710,7,success
g3_h7_k1_dsparse_s0.txt,3,7,1,sparse,0,exact,0.004854,0,success
g3_h7_k1_dsparse_s0.txt,3,7,1,sparse,0,approx,0.003041,1,success
g3_h7_k1_dsparse_s1.txt,3,7,1,sparse,1,exact,0.006322,0,success
g3_h7_k1_dsparse_s1.txt,3,7,1,sparse,1,approx,0.004116,1,success
g3_h7_k1_dsparse_s2.txt,3,7,1,sparse,2,exact,0.005693,0,success
g3_h7_k1_dsparse_s2.txt,3,7,1,sparse,2,approx,0.003246,3,success
g2_h3_k5_ddense_s0.txt,2,3,5,dense,0,exact,0.005338,9,success
g2_h3_k5_ddense_s0.txt,2,3,5,dense,0,approx,0.002708,14,success
g2_h3_k5_ddense_s1.txt,2,3,5,dense,1,exact,0.004517,1,success
g2_h3_k5_ddense_s1.txt,2,3,5,dense,1,approx,0.002721,7,success
g2_h3_k5_ddense_s2.txt,2,3,5,dense,2,exact,0.004142,3,success
g2_h3_k5_ddense_s2.txt,2,3,5,dense,2,approx,0.002559,6,success
g2_h3_k5_dmedium_s0.txt,2,3,5,medium,0,exact,0.003962,3,success
g2_h3_k5_dmedium_s0.txt,2,3,5,medium,0,approx,0.002330,6,success
g2_h3_k5_dmedium_s1.txt,2,3,5,medium,1,exact,0.004344,7,success
g2_h3_k5_dmedium_s1.txt,2,3,5,medium,1,approx,0.002770,12,success
g2_h3_k5_dmedium_s2.txt,2,3,5,medium,2,exact,0.003779,6,success
g2_h3_k5_dmedium_s2.txt,2,3,5,medium,2,approx,0.002652,13,success
g2_h3_k5_dsparse_s0.txt,2,3,5,sparse,0,exact,0.003893,5,success
g2_h3_k5_dsparse_s0.txt,2,3,5,sparse,0,approx,0.002713,8,success
g2_h3_k5_dsparse_s1.txt,2,3,5,sparse,1,exact,0.003726,0,success
g2_h3_k5_dsparse_s1.txt,2,3,5,sparse,1,approx,0.002435,0,success
g2_h3_k5_dsparse_s2.txt,2,3,5,sparse,2,exact,0.003755,3,success
g2_h3_k5_dsparse_s2.txt,2,3,5,sparse,2,approx,0.003433,3,success
g3_h4_k2_ddense_s0.txt,3,4,2,dense,0,exact,0.006110,4,success
g3_h4_k2_ddense_s0.txt,3,4,2,dense,0,approx,0.002829,7,success
g3_h4_k2_ddense_s1.txt,3,4,2,dense,1,exact,0.004805,0,success
g3_h4_k2_ddense_s1.txt,3,4,2,dense,1,approx,0.003861,2,success
g3_h4_k2_ddense_s2.txt,3,4,2,dense,2,exact,0.005122,1,success
g3_h4_k2_ddense_s2.txt,3,4,2,dense,2,approx,0.003991,3,success
g3_h4_k2_dmedium_s0.txt,3,4,2,medium,0,exact,0.005980,5,success
g3_h4_k2_dmedium_s0.txt,3,4,2,medium,0,approx,0.003971,10,success
g3_h4_k2_dmedium_s1.txt,3,4,2,medium,1,exact,0.004815,3,success
g3_h4_k2_dmedium_s1.txt,3,4,2,medium,1,approx,0.003124,5,success
g3_h4_k2_dmedium_s2.txt,3,4,2,medium,2,exact,0.005013,2,success
g3_h4_k2_dmedium_s2.txt,3,4,2,medium,2,approx,0.003508,6,success
g3_h4_k2_dsparse_s0.txt,3,4,2,sparse,0,exact,0.004445,0,success
g3_h4_k2_dsparse_s0.txt,3,4,2,sparse,0,approx,0.003313,1,success
g3_h4_k2_dsparse_s1.txt,3,4,2,sparse,1,exact,0.018870,0,success
g3_h4_k2_dsparse_s1.txt,3,4,2,sparse,1,approx,0.005649,3,success
g3_h4_k2_dsparse_s2.txt,3,4,2,sparse,2,exact,0.005136,0,success
g3_h4_k2_dsparse_s2.txt,3,4,2,sparse,2,approx,0.005985,0,success
g4_h6_k1_ddense_s0.txt,4,6,1,dense,0,exact,0.006801,0,success
g4_h6_k1_ddense_s0.txt,4,6,1,dense,0,approx,0.004237,3,success
g4_h6_k1_ddense_s1.txt,4,6,1,dense,1,exact,0.007264,4,success
g4_h6_k1_ddense_s1.txt,4,6,1,dense,1,approx,0.002720,13,success
g4_h6_k1_ddense_s2.txt,4,6,1,dense,2,exact,0.006654,1,success
g4_h6_k1_ddense_s2.txt,4,6,1,dense,2,approx,0.002930,6,success
g4_h6_k1_dmedium_s0.txt,4,6,1,medium,0,exact,0.005952,2,success
g4_h6_k1_dmedium_s0.txt,4,6,1,medium,0,approx,0.002898,9,success
g4_h6_k1_dmedium_s1.txt,4,6,1,medium,1,exact,0.006162,2,success
g4_h6_k1_dmedium_s1.txt,4,6,1,medium,1,approx,0.003091,3,success
g4_h6_k1_dmedium_s2.txt,4,6,1,medium,2,exact,0.005972,4,success
g4_h6_k1_dmedium_s2.txt,4,6,1,medium,2,approx,0.003295,7,success
g4_h6_k1_dsparse_s0.txt,4,6,1,sparse,0,exact,0.006782,1,success
g4_h6_k1_dsparse_s0.txt,4,6,1,sparse,0,approx,0.002675,4,success
g4_h6_k1_dsparse_s1.txt,4,6,1,sparse,1,exact,0.007311,0,success
g4_h6_k1_dsparse_s1.txt,4,6,1,sparse,1,approx,0.002593,2,success
g4_h6_k1_dsparse_s2.txt,4,6,1,sparse,2,exact,0.005954,0,success
g4_h6_k1_dsparse_s2.txt,4,6,1,sparse,2,approx,0.002609,1,success
g2_h4_k3_ddense_s0.txt,2,4,3,dense,0,exact,0.005470,1,success
g2_h4_k3_ddense_s0.txt,2,4,3,dense,0,approx,0.002684,4,success
g2_h4_k3_ddense_s1.txt,2,4,3,dense,1,exact,0.004789,1,success
g2_h4_k3_ddense_s1.txt,2,4,3,dense,1,approx,0.003126,11,success
g2_h4_k3_ddense_s2.txt,2,4,3,dense,2,exact,0.005061,1,success
g2_h4_k3_ddense_s2.txt,2,4,3,dense,2,approx,0.002627,5,success
g2_h4_k3_dmedium_s0.txt,2,4,3,medium,0,exact,0.004780,0,success
g2_h4_k3_dmedium_s0.txt,2,4,3,medium,0,approx,0.002467,0,success
g2_h4_k3_dmedium_s1.txt,2,4,3,medium,1,exact,0.005576,7,success
g2_h4_k3_dmedium_s1.txt,2,4,3,medium,1,approx,0.002441,10,success
g2_h4_k3_dmedium_s2.txt,2,4,3,medium,2,exact,0.005535,0,success
g2_h4_k3_dmedium_s2.txt,2,4,3,medium,2,approx,0.002739,4,success
g2_h4_k3_dsparse_s0.txt,2,4,3,sparse,0,exact,0.004638,0,success
g2_h4_k3_dsparse_s0.txt,2,4,3,sparse,0,approx,0.002622,3,success
g2_h4_k3_dsparse_s1.txt,2,4,3,sparse,1,exact,0.004794,0,success
g2_h4_k3_dsparse_s1.txt,2,4,3,sparse,1,approx,0.002586,0,success
g2_h4_k3_dsparse_s2.txt,2,4,3,sparse,2,exact,0.005653,0,success
g2_h4_k3_dsparse_s2.txt,2,4,3,sparse,2,approx,0.002463,0,success
g2_h3_k6_ddense_s0.txt,2,3,6,dense,0,exact,0.006788,2,success
g2_h3_k6_ddense_s0.txt,2,3,6,dense,0,approx,0.003029,8,success
g2_h3_k6_ddense_s1.txt,2,3,6,dense,1,exact,0.005512,10,success
g2_h3_k6_ddense_s1.txt,2,3,6,dense,1,approx,0.002637,17,success
g2_h3_k6_ddense_s2.txt,2,3,6,dense,2,exact,0.005411,5,success
g2_h3_k6_ddense_s2.txt,2,3,6,dense,2,approx,0.003852,7,success
g2_h3_k6_dmedium_s0.txt,2,3,6,medium,0,exact,0.005989,13,success
g2_h3_k6_dmedium_s0.txt,2,3,6,medium,0,approx,0.003518,16,success
g2_h3_k6_dmedium_s1.txt,2,3,6,medium,1,exact,0.005346,0,success
g2_h3_k6_dmedium_s1.txt,2,3,6,medium,1,approx,0.002877,0,success
g2_h3_k6_dmedium_s2.txt,2,3,6,medium,2,exact,0.005580,15,success
g2_h3_k6_dmedium_s2.txt,2,3,6,medium,2,approx,0.002578,18,success
g2_h3_k6_dsparse_s0.txt,2,3,6,sparse,0,exact,0.006378,0,success
g2_h3_k6_dsparse_s0.txt,2,3,6,sparse,0,approx,0.002661,0,success
g2_h3_k6_dsparse_s1.txt,2,3,6,sparse,1,exact,0.005955,9,success
g2_h3_k6_dsparse_s1.txt,2,3,6,sparse,1,approx,0.002913,12,success
g2_h3_k6_dsparse_s2.txt,2,3,6,sparse,2,exact,0.005021,0,success
g2_h3_k6_dsparse_s2.txt,2,3,6,sparse,2,approx,0.002830,0,success
g2_h6_k2_ddense_s0.txt,2,6,2,dense,0,exact,0.006278,0,success
g2_h6_k2_ddense_s0.txt,2,6,2,dense,0,approx,0.003242,2,success
g2_h6_k2_ddense_s1.txt,2,6,2,dense,1,exact,0.007041,0,success
g2_h6_k2_ddense_s1.txt,2,6,2,dense,1,approx,0.003238,0,success
g2_h6_k2_ddense_s2.txt,2,6,2,dense,2,exact,0.006811,0,success
g2_h6_k2_ddense_s2.txt,2,6,2,dense,2,approx,0.002686,1,success
g2_h6_k2_dmedium_s0.txt,2,6,2,medium,0,exact,0.006750,1,success
g2_h6_k2_dmedium_s0.txt,2,6,2,medium,0,approx,0.003472,4,success
g2_h6_k2_dmedium_s1.txt,2,6,2,medium,1,exact,0.007000,0,success
g2_h6_k2_dmedium_s1.txt,2,6,2,medium,1,approx,0.003009,2,success
g2_h6_k2_dmedium_s2.txt,2,6,2,medium,2,exact,0.007459,0,success
g2_h6_k2_dmedium_s2.txt,2,6,2,medium,2,approx,0.002756,3,success
g2_h6_k2_dsparse_s0.txt,2,6,2,sparse,0,exact,0.006519,1,success
g2_h6_k2_dsparse_s0.txt,2,6,2,sparse,0,approx,0.002889,6,success
g2_h6_k2_dsparse_s1.txt,2,6,2,sparse,1,exact,0.007124,0,success
g2_h6_k2_dsparse_s1.txt,2,6,2,sparse,1,approx,0.002694,0,success
g2_h6_k2_dsparse_s2.txt,2,6,2,sparse,2,exact,0.006806,0,success
g2_h6_k2_dsparse_s2.txt,2,6,2,sparse,2,approx,0.002570,0,success
g3_h9_k1_ddense_s0.txt,3,9,1,dense,0,exact,0.009664,0,success
g3_h9_k1_ddense_s0.txt,3,9,1,dense,0,approx,0.002790,7,success
g3_h9_k1_ddense_s1.txt,3,9,1,dense,1,exact,0.010393,1,success
g3_h9_k1_ddense_s1.txt,3,9,1,dense,1,approx,0.003200,12,success
g3_h9_k1_ddense_s2.txt,3,9,1,dense,2,exact,0.009454,0,success
g3_h9_k1_ddense_s2.txt,3,9,1,dense,2,approx,0.002735,1,success
g3_h9_k1_dmedium_s0.txt,3,9,1,medium,0,exact,0.010037,0,success
g3_h9_k1_dmedium_s0.txt,3,9,1,medium,0,approx,0.002710,3,success
g3_h9_k1_dmedium_s1.txt,3,9,1,medium,1,exact,0.010370,0,success
g3_h9_k1_dmedium_s1.txt,3,9,1,medium,1,approx,0.002733,4,success
g3_h9_k1_dmedium_s2.txt,3,9,1,medium,2,exact,0.009833,0,success
g3_h9_k1_dmedium_s2.txt,3,9,1,medium,2,approx,0.003108,3,success
g3_h9_k1_dsparse_s0.txt,3,9,1,sparse,0,exact,0.010525,0,success
g3_h9_k1_dsparse_s0.txt,3,9,1,sparse,0,approx,0.003297,2,success
g3_h9_k1_dsparse_s1.txt,3,9,1,sparse,1,exact,0.009730,0,success
g3_h9_k1_dsparse_s1.txt,3,9,1,sparse,1,approx,0.002678,1,success
g3_h9_k1_dsparse_s2.txt,3,9,1,sparse,2,exact,0.009801,0,success
g3_h9_k1_dsparse_s2.txt,3,9,1,sparse,2,approx,0.002512,0,success
g2_h3_k7_ddense_s0.txt,2,3,7,dense,0,exact,0.007312,0,success
g2_h3_k7_ddense_s0.txt,2,3,7,dense,0,approx,0.002740,5,success
g2_h3_k7_ddense_s1.txt,2,3,7,dense,1,exact,0.007073,6,success
g2_h3_k7_ddense_s1.txt,2,3,7,dense,1,approx,0.002413,12,success
g2_h3_k7_ddense_s2.txt,2,3,7,dense,2,exact,0.007436,5,success
g2_h3_k7_ddense_s2.txt,2,3,7,dense,2,approx,0.002545,17,success
g2_h3_k7_dmedium_s0.txt,2,3,7,medium,0,exact,0.006724,0,success
g2_h3_k7_dmedium_s0.txt,2,3,7,medium,0,approx,0.002748,0,success
g2_h3_k7_dmedium_s1.txt,2,3,7,medium,1,exact,0.007813,10,success
g2_h3_k7_dmedium_s1.txt,2,3,7,medium,1,approx,0.002957,11,success
g2_h3_k7_dmedium_s2.txt,2,3,7,medium,2,exact,0.007344,17,success
g2_h3_k7_dmedium_s2.txt,2,3,7,medium,2,approx,0.002980,20,success
g2_h3_k7_dsparse_s0.txt,2,3,7,sparse,0,exact,0.006974,0,success
g2_h3_k7_dsparse_s0.txt,2,3,7,sparse,0,approx,0.002558,0,success
g2_h3_k7_dsparse_s1.txt,2,3,7,sparse,1,exact,0.007247,4,success
g2_h3_k7_dsparse_s1.txt,2,3,7,sparse,1,approx,0.002409,5,success
g2_h3_k7_dsparse_s2.txt,2,3,7,sparse,2,exact,0.008763,0,success
g2_h3_k7_dsparse_s2.txt,2,3,7,sparse,2,approx,0.003116,0,success
g2_h3_k8_ddense_s0.txt,2,3,8,dense,0,exact,0.012068,10,success
g2_h3_k8_ddense_s0.txt,2,3,8,dense,0,approx,0.002805,13,success
g2_h3_k8_ddense_s1.txt,2,3,8,dense,1,exact,0.010525,7,success
g2_h3_k8_ddense_s1.txt,2,3,8,dense,1,approx,0.003098,13,success
g2_h3_k8_ddense_s2.txt,2,3,8,dense,2,exact,0.011517,15,success
g2_h3_k8_ddense_s2.txt,2,3,8,dense,2,approx,0.002687,20,success
g2_h3_k8_dmedium_s0.txt,2,3,8,medium,0,exact,0.010787,4,success
g2_h3_k8_dmedium_s0.txt,2,3,8,medium,0,approx,0.002773,7,success
g2_h3_k8_dmedium_s1.txt,2,3,8,medium,1,exact,0.011476,3,success
g2_h3_k8_dmedium_s1.txt,2,3,8,medium,1,approx,0.003424,6,success
g2_h3_k8_dmedium_s2.txt,2,3,8,medium,2,exact,0.010280,13,success
g2_h3_k8_dmedium_s2.txt,2,3,8,medium,2,approx,0.003056,16,success
g2_h3_k8_dsparse_s0.txt,2,3,8,sparse,0,exact,0.010668,0,success
g2_h3_k8_dsparse_s0.txt,2,3,8,sparse,0,approx,0.003176,0,success
g2_h3_k8_dsparse_s1.txt,2,3,8,sparse,1,exact,0.010415,20,success
g2_h3_k8_dsparse_s1.txt,2,3,8,sparse,1,approx,0.002624,22,success
g2_h3_k8_dsparse_s2.txt,2,3,8,sparse,2,exact,0.015374,14,success
g2_h3_k8_dsparse_s2.txt,2,3,8,sparse,2,approx,0.004326,16,success
g3_h12_k1_ddense_s0.txt,3,12,1,dense,0,exact,0.038213,0,success
g3_h12_k1_ddense_s0.txt,3,12,1,dense,0,approx,0.003248,2,success
g3_h12_k1_ddense_s1.txt,3,12,1,dense,1,exact,0.037168,0,success
g3_h12_k1_ddense_s1.txt,3,12,1,dense,1,approx,0.003074,4,success
g3_h12_k1_ddense_s2.txt,3,12,1,dense,2,exact,0.036836,0,success
g3_h12_k1_ddense_s2.txt,3,12,1,dense,2,approx,0.003262,3,success
g3_h12_k1_dmedium_s0.txt,3,12,1,medium,0,exact,0.038055,0,success
g3_h12_k1_dmedium_s0.txt,3,12,1,medium,0,approx,0.003027,6,success
g3_h12_k1_dmedium_s1.txt,3,12,1,medium,1,exact,0.034429,0,success
g3_h12_k1_dmedium_s1.txt,3,12,1,medium,1,approx,0.003033,1,success
g3_h12_k1_dmedium_s2.txt,3,12,1,medium,2,exact,0.036204,0,success
g3_h12_k1_dmedium_s2.txt,3,12,1,medium,2,approx,0.002906,3,success
g3_h12_k1_dsparse_s0.txt,3,12,1,sparse,0,exact,0.042823,0,success
g3_h12_k1_dsparse_s0.txt,3,12,1,sparse,0,approx,0.003019,3,success
g3_h12_k1_dsparse_s1.txt,3,12,1,sparse,1,exact,0.035771,0,success
g3_h12_k1_dsparse_s1.txt,3,12,1,sparse,1,approx,0.003290,3,success
g3_h12_k1_dsparse_s2.txt,3,12,1,sparse,2,exact,0.035029,2,success
g3_h12_k1_dsparse_s2.txt,3,12,1,sparse,2,approx,0.003217,7,success
g2_h4_k4_ddense_s0.txt,2,4,4,dense,0,exact,0.012374,0,success
g2_h4_k4_ddense_s0.txt,2,4,4,dense,0,approx,0.002548,7,success
g2_h4_k4_ddense_s1.txt,2,4,4,dense,1,exact,0.011650,4,success
g2_h4_k4_ddense_s1.txt,2,4,4,dense,1,approx,0.002758,11,success
g2_h4_k4_ddense_s2.txt,2,4,4,dense,2,exact,0.012008,0,success
g2_h4_k4_ddense_s2.txt,2,4,4,dense,2,approx,0.002395,8,success
g2_h4_k4_dmedium_s0.txt,2,4,4,medium,0,exact,0.011796,0,success
g2_h4_k4_dmedium_s0.txt,2,4,4,medium,0,approx,0.002968,3,success
g2_h4_k4_dmedium_s1.txt,2,4,4,medium,1,exact,0.011512,0,success
g2_h4_k4_dmedium_s1.txt,2,4,4,medium,1,approx,0.002437,0,success
g2_h4_k4_dmedium_s2.txt,2,4,4,medium,2,exact,0.011937,4,success
g2_h4_k4_dmedium_s2.txt,2,4,4,medium,2,approx,0.004023,7,success
g2_h4_k4_dsparse_s0.txt,2,4,4,sparse,0,exact,0.012715,0,success
g2_h4_k4_dsparse_s0.txt,2,4,4,sparse,0,approx,0.002696,4,success
g2_h4_k4_dsparse_s1.txt,2,4,4,sparse,1,exact,0.011610,0,success
g2_h4_k4_dsparse_s1.txt,2,4,4,sparse,1,approx,0.002753,0,success
g2_h4_k4_dsparse_s2.txt,2,4,4,sparse,2,exact,0.011907,0,success
g2_h4_k4_dsparse_s2.txt,2,4,4,sparse,2,approx,0.002392,0,success
g2_h5_k3_ddense_s0.txt,2,5,3,dense,0,exact,0.014008,0,success
g2_h5_k3_ddense_s0.txt,2,5,3,dense,0,approx,0.002351,7,success
g2_h5_k3_ddense_s1.txt,2,5,3,dense,1,exact,0.016012,0,success
g2_h5_k3_ddense_s1.txt,2,5,3,dense,1,approx,0.002691,6,success
g2_h5_k3_ddense_s2.txt,2,5,3,dense,2,exact,0.014380,2,success
g2_h5_k3_ddense_s2.txt,2,5,3,dense,2,approx,0.002699,7,success
g2_h5_k3_dmedium_s0.txt,2,5,3,medium,0,exact,0.014774,3,success
g2_h5_k3_dmedium_s0.txt,2,5,3,medium,0,approx,0.002728,6,success
g2_h5_k3_dmedium_s1.txt,2,5,3,medium,1,exact,0.014008,0,success
g2_h5_k3_dmedium_s1.txt,2,5,3,medium,1,approx,0.002423,1,success
g2_h5_k3_dmedium_s2.txt,2,5,3,medium,2,exact,0.014204,0,success
g2_h5_k3_dmedium_s2.txt,2,5,3,medium,2,approx,0.002693,4,success
g2_h5_k3_dsparse_s0.txt,2,5,3,sparse,0,exact,0.014045,0,success
g2_h5_k3_dsparse_s0.txt,2,5,3,sparse,0,approx,0.002339,0,success
g2_h5_k3_dsparse_s1.txt,2,5,3,sparse,1,exact,0.014249,3,success
g2_h5_k3_dsparse_s1.txt,2,5,3,sparse,1,approx,0.002460,8,success
g2_h5_k3_dsparse_s2.txt,2,5,3,sparse,2,exact,0.014498,5,success
g2_h5_k3_dsparse_s2.txt,2,5,3,sparse,2,approx,0.002271,9,success
g2_h8_k2_ddense_s0.txt,2,8,2,dense,0,exact,0.019301,0,success
g2_h8_k2_ddense_s0.txt,2,8,2,dense,0,approx,0.002570,2,success
g2_h8_k2_ddense_s1.txt,2,8,2,dense,1,exact,0.019015,0,success
g2_h8_k2_ddense_s1.txt,2,8,2,dense,1,approx,0.002437,1,success
g2_h8_k2_ddense_s2.txt,2,8,2,dense,2,exact,0.018506,0,success
g2_h8_k2_ddense_s2.txt,2,8,2,dense,2,approx,0.002365,4,success
g2_h8_k2_dmedium_s0.txt,2,8,2,medium,0,exact,0.018129,0,success
g2_h8_k2_dmedium_s0.txt,2,8,2,medium,0,approx,0.002345,2,success
g2_h8_k2_dmedium_s1.txt,2,8,2,medium,1,exact,0.018606,0,success
g2_h8_k2_dmedium_s1.txt,2,8,2,medium,1,approx,0.002434,2,success
g2_h8_k2_dmedium_s2.txt,2,8,2,medium,2,exact,0.018800,0,success
g2_h8_k2_dmedium_s2.txt,2,8,2,medium,2,approx,0.002567,4,success
g2_h8_k2_dsparse_s0.txt,2,8,2,sparse,0,exact,0.019288,0,success
g2_h8_k2_dsparse_s0.txt,2,8,2,sparse,0,approx,0.002609,0,success
g2_h8_k2_dsparse_s1.txt,2,8,2,sparse,1,exact,0.018817,0,success
g2_h8_k2_dsparse_s1.txt,2,8,2,sparse,1,approx,0.002510,0,success
g2_h8_k2_dsparse_s2.txt,2,8,2,sparse,2,exact,0.018735,0,success
g2_h8_k2_dsparse_s2.txt,2,8,2,sparse,2,approx,0.002451,2,success
g4_h8_k1_ddense_s0.txt,4,8,1,dense,0,exact,0.041642,1,success
g4_h8_k1_ddense_s0.txt,4,8,1,dense,0,approx,0.002409,9,success
g4_h8_k1_ddense_s1.txt,4,8,1,dense,1,exact,0.042180,0,success
g4_h8_k1_ddense_s1.txt,4,8,1,dense,1,approx,0.002501,6,success
g4_h8_k1_ddense_s2.txt,4,8,1,dense,2,exact,0.041920,0,success
g4_h8_k1_ddense_s2.txt,4,8,1,dense,2,approx,0.002812,7,success
g4_h8_k1_dmedium_s0.txt,4,8,1,medium,0,exact,0.044304,0,success
g4_h8_k1_dmedium_s0.txt,4,8,1,medium,0,approx,0.004610,3,success
g4_h8_k1_dmedium_s1.txt,4,8,1,medium,1,exact,0.043447,0,success
g4_h8_k1_dmedium_s1.txt,4,8,1,medium,1,approx,0.003203,8,success
g4_h8_k1_dmedium_s2.txt,4,8,1,medium,2,exact,0.042705,2,success
g4_h8_k1_dmedium_s2.txt,4,8,1,medium,2,approx,0.003128,7,success
g4_h8_k1_dsparse_s0.txt,4,8,1,sparse,0,exact,0.041903,0,success
g4_h8_k1_dsparse_s0.txt,4,8,1,sparse,0,approx,0.002567,0,success
g4_h8_k1_dsparse_s1.txt,4,8,1,sparse,1,exact,0.041827,0,success
g4_h8_k1_dsparse_s1.txt,4,8,1,sparse,1,approx,0.002670,1,success
g4_h8_k1_dsparse_s2.txt,4,8,1,sparse,2,exact,0.042369,0,success
g4_h8_k1_dsparse_s2.txt,4,8,1,sparse,2,approx,0.003099,0,success
g2_h3_k9_ddense_s0.txt,2,3,9,dense,0,exact,0.014929,1,success
g2_h3_k9_ddense_s0.txt,2,3,9,dense,0,approx,0.002861,8,success
g2_h3_k9_ddense_s1.txt,2,3,9,dense,1,exact,0.014396,15,success
g2_h3_k9_ddense_s1.txt,2,3,9,dense,1,approx,0.002386,24,success
g2_h3_k9_ddense_s2.txt,2,3,9,dense,2,exact,0.015943,17,success
g2_h3_k9_ddense_s2.txt,2,3,9,dense,2,approx,0.003044,25,success
g2_h3_k9_dmedium_s0.txt,2,3,9,medium,0,exact,0.014929,0,success
g2_h3_k9_dmedium_s0.txt,2,3,9,medium,0,approx,0.002787,0,success
g2_h3_k9_dmedium_s1.txt,2,3,9,medium,1,exact,0.015147,22,success
g2_h3_k9_dmedium_s1.txt,2,3,9,medium,1,approx,0.002632,27,success
g2_h3_k9_dmedium_s2.txt,2,3,9,medium,2,exact,0.014726,0,success
g2_h3_k9_dmedium_s2.txt,2,3,9,medium,2,approx,0.002669,0,success
g2_h3_k9_dsparse_s0.txt,2,3,9,sparse,0,exact,0.015738,0,success
g2_h3_k9_dsparse_s0.txt,2,3,9,sparse,0,approx,0.002666,0,success
g2_h3_k9_dsparse_s1.txt,2,3,9,sparse,1,exact,0.014866,26,success
g2_h3_k9_dsparse_s1.txt,2,3,9,sparse,1,approx,0.002654,27,success
g2_h3_k9_dsparse_s2.txt,2,3,9,sparse,2,exact,0.015042,18,success
g2_h3_k9_dsparse_s2.txt,2,3,9,sparse,2,approx,0.002447,18,success
g5_h7_k1_ddense_s0.txt,5,7,1,dense,0,exact,0.079234,1,success
g5_h7_k1_ddense_s0.txt,5,7,1,dense,0,approx,0.002801,17,success
g5_h7_k1_ddense_s1.txt,5,7,1,dense,1,exact,0.079565,0,success
g5_h7_k1_ddense_s1.txt,5,7,1,dense,1,approx,0.003448,6,success
g5_h7_k1_ddense_s2.txt,5,7,1,dense,2,exact,0.082605,2,success
g5_h7_k1_ddense_s2.txt,5,7,1,dense,2,approx,0.003610,8,success
g5_h7_k1_dmedium_s0.txt,5,7,1,medium,0,exact,0.086797,4,success
g5_h7_k1_dmedium_s0.txt,5,7,1,medium,0,approx,0.003054,13,success
g5_h7_k1_dmedium_s1.txt,5,7,1,medium,1,exact,0.085698,8,success
g5_h7_k1_dmedium_s1.txt,5,7,1,medium,1,approx,0.003075,13,success
g5_h7_k1_dmedium_s2.txt,5,7,1,medium,2,exact,0.088305,3,success
g5_h7_k1_dmedium_s2.txt,5,7,1,medium,2,approx,0.003305,14,success
g5_h7_k1_dsparse_s0.txt,5,7,1,sparse,0,exact,0.082414,1,success
g5_h7_k1_dsparse_s0.txt,5,7,1,sparse,0,approx,0.002998,1,success
g5_h7_k1_dsparse_s1.txt,5,7,1,sparse,1,exact,0.080961,3,success
g5_h7_k1_dsparse_s1.txt,5,7,1,sparse,1,approx,0.003268,5,success
g5_h7_k1_dsparse_s2.txt,5,7,1,sparse,2,exact,0.080281,3,success
g5_h7_k1_dsparse_s2.txt,5,7,1,sparse,2,approx,0.003036,5,success
g3_h4_k3_ddense_s0.txt,3,4,3,dense,0,exact,0.020406,0,success
g3_h4_k3_ddense_s0.txt,3,4,3,dense,0,approx,0.002704,3,success
g3_h4_k3_ddense_s1.txt,3,4,3,dense,1,exact,0.021034,0,success
g3_h4_k3_ddense_s1.txt,3,4,3,dense,1,approx,0.003586,2,success
g3_h4_k3_ddense_s2.txt,3,4,3,dense,2,exact,0.020532,2,success
g3_h4_k3_ddense_s2.txt,3,4,3,dense,2,approx,0.003302,2,success
g3_h4_k3_dmedium_s0.txt,3,4,3,medium,0,exact,0.020297,2,success
g3_h4_k3_dmedium_s0.txt,3,4,3,medium,0,approx,0.002746,5,success
g3_h4_k3_dmedium_s1.txt,3,4,3,medium,1,exact,0.021506,10,success
g3_h4_k3_dmedium_s1.txt,3,4,3,medium,1,approx,0.002797,19,success
g3_h4_k3_dmedium_s2.txt,3,4,3,medium,2,exact,0.020174,5,success
g3_h4_k3_dmedium_s2.txt,3,4,3,medium,2,approx,0.003576,15,success
g3_h4_k3_dsparse_s0.txt,3,4,3,sparse,0,exact,0.020013,6,success
g3_h4_k3_dsparse_s0.txt,3,4,3,sparse,0,approx,0.003788,18,success
g3_h4_k3_dsparse_s1.txt,3,4,3,sparse,1,exact,0.020772,8,success
g3_h4_k3_dsparse_s1.txt,3,4,3,sparse,1,approx,0.003119,15,success
g3_h4_k3_dsparse_s2.txt,3,4,3,sparse,2,exact,0.019452,0,success
g3_h4_k3_dsparse_s2.txt,3,4,3,sparse,2,approx,0.002583,2,success
g2_h3_k10_ddense_s0.txt,2,3,10,dense,0,exact,0.021933,17,success
g2_h3_k10_ddense_s0.txt,2,3,10,dense,0,approx,0.002813,28,success
g2_h3_k10_ddense_s1.txt,2,3,10,dense,1,exact,0.021645,23,success
g2_h3_k10_ddense_s1.txt,2,3,10,dense,1,approx,0.002975,28,success
g2_h3_k10_ddense_s2.txt,2,3,10,dense,2,exact,0.021997,0,success
g2_h3_k10_ddense_s2.txt,2,3,10,dense,2,approx,0.003130,0,success
g2_h3_k10_dmedium_s0.txt,2,3,10,medium,0,exact,0.022387,18,success
g2_h3_k10_dmedium_s0.txt,2,3,10,medium,0,approx,0.003042,20,success
g2_h3_k10_dmedium_s1.txt,2,3,10,medium,1,exact,0.021710,0,success
g2_h3_k10_dmedium_s1.txt,2,3,10,medium,1,approx,0.003190,0,success
g2_h3_k10_dmedium_s2.txt,2,3,10,medium,2,exact,0.021602,20,success
g2_h3_k10_dmedium_s2.txt,2,3,10,medium,2,approx,0.002972,27,success
g2_h3_k10_dsparse_s0.txt,2,3,10,sparse,0,exact,0.022416,29,success
g2_h3_k10_dsparse_s0.txt,2,3,10,sparse,0,approx,0.002938,30,success
g2_h3_k10_dsparse_s1.txt,2,3,10,sparse,1,exact,0.021943,26,success
g2_h3_k10_dsparse_s1.txt,2,3,10,sparse,1,approx,0.002478,28,success
g2_h3_k10_dsparse_s2.txt,2,3,10,sparse,2,exact,0.020587,0,success
g2_h3_k10_dsparse_s2.txt,2,3,10,sparse,2,approx,0.002486,0,success
g2_h4_k5_ddense_s0.txt,2,4,5,dense,0,exact,0.035328,0,success
g2_h4_k5_ddense_s0.txt,2,4,5,dense,0,approx,0.002723,1,success
g2_h4_k5_ddense_s1.txt,2,4,5,dense,1,exact,0.035329,1,success
g2_h4_k5_ddense_s1.txt,2,4,5,dense,1,approx,0.002597,8,success
g2_h4_k5_ddense_s2.txt,2,4,5,dense,2,exact,0.034931,0,success
g2_h4_k5_ddense_s2.txt,2,4,5,dense,2,approx,0.002663,3,success
g2_h4_k5_dmedium_s0.txt,2,4,5,medium,0,exact,0.036087,2,success
g2_h4_k5_dmedium_s0.txt,2,4,5,medium,0,approx,0.002925,14,success
g2_h4_k5_dmedium_s1.txt,2,4,5,medium,1,exact,0.035785,1,success
g2_h4_k5_dmedium_s1.txt,2,4,5,medium,1,approx,0.002643,7,success
g2_h4_k5_dmedium_s2.txt,2,4,5,medium,2,exact,0.034673,0,success
g2_h4_k5_dmedium_s2.txt,2,4,5,medium,2,approx,0.002744,0,success
g2_h4_k5_dsparse_s0.txt,2,4,5,sparse,0,exact,0.037304,0,success
g2_h4_k5_dsparse_s0.txt,2,4,5,sparse,0,approx,0.002906,0,success
g2_h4_k5_dsparse_s1.txt,2,4,5,sparse,1,exact,0.035998,0,success
g2_h4_k5_dsparse_s1.txt,2,4,5,sparse,1,approx,0.003400,0,success
g2_h4_k5_dsparse_s2.txt,2,4,5,sparse,2,exact,0.035924,0,success
g2_h4_k5_dsparse_s2.txt,2,4,5,sparse,2,approx,0.002869,0,success
g2_h6_k3_ddense_s0.txt,2,6,3,dense,0,exact,0.048350,0,success
g2_h6_k3_ddense_s0.txt,2,6,3,dense,0,approx,0.003200,8,success
g2_h6_k3_ddense_s1.txt,2,6,3,dense,1,exact,0.048199,0,success
g2_h6_k3_ddense_s1.txt,2,6,3,dense,1,approx,0.003503,7,success
g2_h6_k3_ddense_s2.txt,2,6,3,dense,2,exact,0.049274,0,success
g2_h6_k3_ddense_s2.txt,2,6,3,dense,2,approx,0.002959,6,success
g2_h6_k3_dmedium_s0.txt,2,6,3,medium,0,exact,0.047864,0,success
g2_h6_k3_dmedium_s0.txt,2,6,3,medium,0,approx,0.002849,7,success
g2_h6_k3_dmedium_s1.txt,2,6,3,medium,1,exact,0.049393,0,success
g2_h6_k3_dmedium_s1.txt,2,6,3,medium,1,approx,0.002954,6,success
g2_h6_k3_dmedium_s2.txt,2,6,3,medium,2,exact,0.047559,0,success
g2_h6_k3_dmedium_s2.txt,2,6,3,medium,2,approx,0.002948,0,success
g2_h6_k3_dsparse_s0.txt,2,6,3,sparse,0,exact,0.048208,0,success
g2_h6_k3_dsparse_s0.txt,2,6,3,sparse,0,approx,0.002782,0,success
g2_h6_k3_dsparse_s1.txt,2,6,3,sparse,1,exact,0.048325,0,success
g2_h6_k3_dsparse_s1.txt,2,6,3,sparse,1,approx,0.002958,0,success
g2_h6_k3_dsparse_s2.txt,2,6,3,sparse,2,exact,0.047790,0,success
g2_h6_k3_dsparse_s2.txt,2,6,3,sparse,2,approx,0.002712,3,success
g4_h10_k1_ddense_s0.txt,4,10,1,dense,0,exact,0.288810,1,success
g4_h10_k1_ddense_s0.txt,4,10,1,dense,0,approx,0.002972,8,success
g4_h10_k1_ddense_s1.txt,4,10,1,dense,1,exact,0.296585,0,success
g4_h10_k1_ddense_s1.txt,4,10,1,dense,1,approx,0.003084,9,success
g4_h10_k1_ddense_s2.txt,4,10,1,dense,2,exact,0.287300,0,success
g4_h10_k1_ddense_s2.txt,4,10,1,dense,2,approx,0.003004,8,success
g4_h10_k1_dmedium_s0.txt,4,10,1,medium,0,exact,0.284308,2,success
g4_h10_k1_dmedium_s0.txt,4,10,1,medium,0,approx,0.003172,9,success
g4_h10_k1_dmedium_s1.txt,4,10,1,medium,1,exact,0.285788,3,success
g4_h10_k1_dmedium_s1.txt,4,10,1,medium,1,approx,0.003082,12,success
g4_h10_k1_dmedium_s2.txt,4,10,1,medium,2,exact,0.292885,0,success
g4_h10_k1_dmedium_s2.txt,4,10,1,medium,2,approx,0.003241,4,success
g4_h10_k1_dsparse_s0.txt,4,10,1,sparse,0,exact,0.296874,0,success
g4_h10_k1_dsparse_s0.txt,4,10,1,sparse,0,approx,0.002991,2,success
g4_h10_k1_dsparse_s1.txt,4,10,1,sparse,1,exact,0.288200,0,success
g4_h10_k1_dsparse_s1.txt,4,10,1,sparse,1,approx,0.003210,2,success
g4_h10_k1_dsparse_s2.txt,4,10,1,sparse,2,exact,0.329471,0,success
g4_h10_k1_dsparse_s2.txt,4,10,1,sparse,2,approx,0.003130,1,success
g3_h6_k2_ddense_s0.txt,3,6,2,dense,0,exact,0.068156,0,success
g3_h6_k2_ddense_s0.txt,3,6,2,dense,0,approx,0.003522,3,success
g3_h6_k2_ddense_s1.txt,3,6,2,dense,1,exact,0.067978,0,success
g3_h6_k2_ddense_s1.txt,3,6,2,dense,1,approx,0.002981,6,success
g3_h6_k2_ddense_s2.txt,3,6,2,dense,2,exact,0.066726,1,success
g3_h6_k2_ddense_s2.txt,3,6,2,dense,2,approx,0.002821,2,success
g3_h6_k2_dmedium_s0.txt,3,6,2,medium,0,exact,0.065560,0,success
g3_h6_k2_dmedium_s0.txt,3,6,2,medium,0,approx,0.002958,4,success
g3_h6_k2_dmedium_s1.txt,3,6,2,medium,1,exact,0.064457,0,success
g3_h6_k2_dmedium_s1.txt,3,6,2,medium,1,approx,0.003465,0,success
g3_h6_k2_dmedium_s2.txt,3,6,2,medium,2,exact,0.068862,0,success
g3_h6_k2_dmedium_s2.txt,3,6,2,medium,2,approx,0.002879,2,success
g3_h6_k2_dsparse_s0.txt,3,6,2,sparse,0,exact,0.065775,0,success
g3_h6_k2_dsparse_s0.txt,3,6,2,sparse,0,approx,0.002803,0,success
g3_h6_k2_dsparse_s1.txt,3,6,2,sparse,1,exact,0.063953,0,success
g3_h6_k2_dsparse_s1.txt,3,6,2,sparse,1,approx,0.002498,2,success
g3_h6_k2_dsparse_s2.txt,3,6,2,sparse,2,exact,0.064720,0,success
g3_h6_k2_dsparse_s2.txt,3,6,2,sparse,2,approx,0.002682,0,success
g2_h5_k4_ddense_s0.txt,2,5,4,dense,0,exact,0.080069,0,success
g2_h5_k4_ddense_s0.txt,2,5,4,dense,0,approx,0.002871,3,success
g2_h5_k4_ddense_s1.txt,2,5,4,dense,1,exact,0.080622,1,success
g2_h5_k4_ddense_s1.txt,2,5,4,dense,1,approx,0.002874,10,success
g2_h5_k4_ddense_s2.txt,2,5,4,dense,2,exact,0.080196,0,success
g2_h5_k4_ddense_s2.txt,2,5,4,dense,2,approx,0.003102,0,success
g2_h5_k4_dmedium_s0.txt,2,5,4,medium,0,exact,0.081581,0,success
g2_h5_k4_dmedium_s0.txt,2,5,4,medium,0,approx,0.003212,0,success
g2_h5_k4_dmedium_s1.txt,2,5,4,medium,1,exact,0.081136,0,success
g2_h5_k4_dmedium_s1.txt,2,5,4,medium,1,approx,0.003191,0,success
g2_h5_k4_dmedium_s2.txt,2,5,4,medium,2,exact,0.082944,0,success
g2_h5_k4_dmedium_s2.txt,2,5,4,medium,2,approx,0.003310,6,success
g2_h5_k4_dsparse_s0.txt,2,5,4,sparse,0,exact,0.081540,0,success
g2_h5_k4_dsparse_s0.txt,2,5,4,sparse,0,approx,0.003058,0,success
g2_h5_k4_dsparse_s1.txt,2,5,4,sparse,1,exact,0.077840,0,success
g2_h5_k4_dsparse_s1.txt,2,5,4,sparse,1,approx,0.002872,0,success
g2_h5_k4_dsparse_s2.txt,2,5,4,sparse,2,exact,0.077999,5,success
g2_h5_k4_dsparse_s2.txt,2,5,4,sparse,2,approx,0.002911,12,success
g4_h12_k1_ddense_s0.txt,4,12,1,dense,0,exact,1.507856,0,success
g4_h12_k1_ddense_s0.txt,4,12,1,dense,0,approx,0.004166,4,success
g4_h12_k1_ddense_s1.txt,4,12,1,dense,1,exact,1.552476,0,success
g4_h12_k1_ddense_s1.txt,4,12,1,dense,1,approx,0.003645,9,success
g4_h12_k1_ddense_s2.txt,4,12,1,dense,2,exact,1.526252,0,success
g4_h12_k1_ddense_s2.txt,4,12,1,dense,2,approx,0.003039,7,success
g4_h12_k1_dmedium_s0.txt,4,12,1,medium,0,exact,1.505593,0,success
g4_h12_k1_dmedium_s0.txt,4,12,1,medium,0,approx,0.003257,9,success
g4_h12_k1_dmedium_s1.txt,4,12,1,medium,1,exact,1.580865,0,success
g4_h12_k1_dmedium_s1.txt,4,12,1,medium,1,approx,0.003993,5,success
g4_h12_k1_dmedium_s2.txt,4,12,1,medium,2,exact,1.494380,0,success
g4_h12_k1_dmedium_s2.txt,4,12,1,medium,2,approx,0.002993,6,success
g4_h12_k1_dsparse_s0.txt,4,12,1,sparse,0,exact,1.465541,0,success
g4_h12_k1_dsparse_s0.txt,4,12,1,sparse,0,approx,0.003572,2,success
g4_h12_k1_dsparse_s1.txt,4,12,1,sparse,1,exact,1.506585,0,success
g4_h12_k1_dsparse_s1.txt,4,12,1,sparse,1,approx,0.003475,3,success
g4_h12_k1_dsparse_s2.txt,4,12,1,sparse,2,exact,1.453519,1,success
g4_h12_k1_dsparse_s2.txt,4,12,1,sparse,2,approx,0.003131,9,success
g2_h4_k6_ddense_s0.txt,2,4,6,dense,0,exact,0.102187,3,success
g2_h4_k6_ddense_s0.txt,2,4,6,dense,0,approx,0.002881,14,success
g2_h4_k6_ddense_s1.txt,2,4,6,dense,1,exact,0.103355,4,success
g2_h4_k6_ddense_s1.txt,2,4,6,dense,1,approx,0.002916,16,success
g2_h4_k6_ddense_s2.txt,2,4,6,dense,2,exact,0.101747,0,success
g2_h4_k6_ddense_s2.txt,2,4,6,dense,2,approx,0.002960,9,success
g2_h4_k6_dmedium_s0.txt,2,4,6,medium,0,exact,0.103027,2,success
g2_h4_k6_dmedium_s0.txt,2,4,6,medium,0,approx,0.002778,9,success
g2_h4_k6_dmedium_s1.txt,2,4,6,medium,1,exact,0.101503,0,success
g2_h4_k6_dmedium_s1.txt,2,4,6,medium,1,approx,0.002829,1,success
g2_h4_k6_dmedium_s2.txt,2,4,6,medium,2,exact,0.102461,0,success
g2_h4_k6_dmedium_s2.txt,2,4,6,medium,2,approx,0.003044,3,success
g2_h4_k6_dsparse_s0.txt,2,4,6,sparse,0,exact,0.100077,0,success
g2_h4_k6_dsparse_s0.txt,2,4,6,sparse,0,approx,0.002856,0,success
g2_h4_k6_dsparse_s1.txt,2,4,6,sparse,1,exact,0.102042,7,success
g2_h4_k6_dsparse_s1.txt,2,4,6,sparse,1,approx,0.002876,12,success
g2_h4_k6_dsparse_s2.txt,2,4,6,sparse,2,exact,0.099027,0,success
g2_h4_k6_dsparse_s2.txt,2,4,6,sparse,2,approx,0.002967,0,success
g3_h4_k4_ddense_s0.txt,3,4,4,dense,0,exact,0.137178,9,success
g3_h4_k4_ddense_s0.txt,3,4,4,dense,0,approx,0.003030,18,success
g3_h4_k4_ddense_s1.txt,3,4,4,dense,1,exact,0.134718,5,success
g3_h4_k4_ddense_s1.txt,3,4,4,dense,1,approx,0.002955,10,success
g3_h4_k4_ddense_s2.txt,3,4,4,dense,2,exact,0.134797,5,success
g3_h4_k4_ddense_s2.txt,3,4,4,dense,2,approx,0.003819,10,success
g3_h4_k4_dmedium_s0.txt,3,4,4,medium,0,exact,0.206900,8,success
g3_h4_k4_dmedium_s0.txt,3,4,4,medium,0,approx,0.003447,11,success
g3_h4_k4_dmedium_s1.txt,3,4,4,medium,1,exact,0.142677,4,success
g3_h4_k4_dmedium_s1.txt,3,4,4,medium,1,approx,0.003039,10,success
g3_h4_k4_dmedium_s2.txt,3,4,4,medium,2,exact,0.167795,0,success
g3_h4_k4_dmedium_s2.txt,3,4,4,medium,2,approx,0.003785,2,success
g3_h4_k4_dsparse_s0.txt,3,4,4,sparse,0,exact,0.139392,0,success
g3_h4_k4_dsparse_s0.txt,3,4,4,sparse,0,approx,0.003494,5,success
g3_h4_k4_dsparse_s1.txt,3,4,4,sparse,1,exact,0.139358,5,success
g3_h4_k4_dsparse_s1.txt,3,4,4,sparse,1,approx,0.004354,8,success
g3_h4_k4_dsparse_s2.txt,3,4,4,sparse,2,exact,0.140857,5,success
g3_h4_k4_dsparse_s2.txt,3,4,4,sparse,2,approx,0.003120,12,success
g3_h7_k2_ddense_s0.txt,3,7,2,dense,0,exact,0.268225,2,success
g3_h7_k2_ddense_s0.txt,3,7,2,dense,0,approx,0.003340,9,success
g3_h7_k2_ddense_s1.txt,3,7,2,dense,1,exact,0.251522,2,success
g3_h7_k2_ddense_s1.txt,3,7,2,dense,1,approx,0.003071,7,success
g3_h7_k2_ddense_s2.txt,3,7,2,dense,2,exact,0.242880,0,success
g3_h7_k2_ddense_s2.txt,3,7,2,dense,2,approx,0.002785,5,success
g3_h7_k2_dmedium_s0.txt,3,7,2,medium,0,exact,0.238992,1,success
g3_h7_k2_dmedium_s0.txt,3,7,2,medium,0,approx,0.002843,10,success
g3_h7_k2_dmedium_s1.txt,3,7,2,medium,1,exact,0.239212,0,success
g3_h7_k2_dmedium_s1.txt,3,7,2,medium,1,approx,0.002962,3,success
g3_h7_k2_dmedium_s2.txt,3,7,2,medium,2,exact,0.241686,0,success
g3_h7_k2_dmedium_s2.txt,3,7,2,medium,2,approx,0.003346,8,success
g3_h7_k2_dsparse_s0.txt,3,7,2,sparse,0,exact,0.243822,0,success
g3_h7_k2_dsparse_s0.txt,3,7,2,sparse,0,approx,0.003975,6,success
g3_h7_k2_dsparse_s1.txt,3,7,2,sparse,1,exact,0.246266,2,success
g3_h7_k2_dsparse_s1.txt,3,7,2,sparse,1,approx,0.003129,9,success
g3_h7_k2_dsparse_s2.txt,3,7,2,sparse,2,exact,0.237148,0,success
g3_h7_k2_dsparse_s2.txt,3,7,2,sparse,2,approx,0.003612,2,success
g5_h10_k1_ddense_s0.txt,5,10,1,dense,0,exact,8.909403,5,success
g5_h10_k1_ddense_s0.txt,5,10,1,dense,0,approx,0.003265,17,success
g5_h10_k1_ddense_s1.txt,5,10,1,dense,1,exact,9.092725,1,success
g5_h10_k1_ddense_s1.txt,5,10,1,dense,1,approx,0.003010,7,success
g5_h10_k1_ddense_s2.txt,5,10,1,dense,2,exact,8.747811,0,success
g5_h10_k1_ddense_s2.txt,5,10,1,dense,2,approx,0.003141,11,success
g5_h10_k1_dmedium_s0.txt,5,10,1,medium,0,exact,8.446900,0,success
g5_h10_k1_dmedium_s0.txt,5,10,1,medium,0,approx,0.002997,5,success
g5_h10_k1_dmedium_s1.txt,5,10,1,medium,1,exact,8.472152,0,success
g5_h10_k1_dmedium_s1.txt,5,10,1,medium,1,approx,0.002719,10,success
g5_h10_k1_dmedium_s2.txt,5,10,1,medium,2,exact,8.449317,1,success
g5_h10_k1_dmedium_s2.txt,5,10,1,medium,2,approx,0.002743,11,success
g5_h10_k1_dsparse_s0.txt,5,10,1,sparse,0,exact,8.468466,3,success
g5_h10_k1_dsparse_s0.txt,5,10,1,sparse,0,approx,0.002947,10,success
g5_h10_k1_dsparse_s1.txt,5,10,1,sparse,1,exact,8.428777,1,success
g5_h10_k1_dsparse_s1.txt,5,10,1,sparse,1,approx,0.002757,5,success
g5_h10_k1_dsparse_s2.txt,5,10,1,sparse,2,exact,8.507522,0,success
g5_h10_k1_dsparse_s2.txt,5,10,1,sparse,2,approx,0.003019,3,success
g2_h8_k3_ddense_s0.txt,2,8,3,dense,0,exact,0.378326,0,success
g2_h8_k3_ddense_s0.txt,2,8,3,dense,0,approx,0.003408,8,success
g2_h8_k3_ddense_s1.txt,2,8,3,dense,1,exact,0.378373,0,success
g2_h8_k3_ddense_s1.txt,2,8,3,dense,1,approx,0.002879,3,success
g2_h8_k3_ddense_s2.txt,2,8,3,dense,2,exact,0.391609,0,success
g2_h8_k3_ddense_s2.txt,2,8,3,dense,2,approx,0.003042,5,success
g2_h8_k3_dmedium_s0.txt,2,8,3,medium,0,exact,0.375355,1,success
g2_h8_k3_dmedium_s0.txt,2,8,3,medium,0,approx,0.002888,8,success
g2_h8_k3_dmedium_s1.txt,2,8,3,medium,1,exact,0.429935,0,success
g2_h8_k3_dmedium_s1.txt,2,8,3,medium,1,approx,0.003164,3,success
g2_h8_k3_dmedium_s2.txt,2,8,3,medium,2,exact,0.372250,0,success
g2_h8_k3_dmedium_s2.txt,2,8,3,medium,2,approx,0.003168,0,success
g2_h8_k3_dsparse_s0.txt,2,8,3,sparse,0,exact,0.414873,0,success
g2_h8_k3_dsparse_s0.txt,2,8,3,sparse,0,approx,0.003054,0,success
g2_h8_k3_dsparse_s1.txt,2,8,3,sparse,1,exact,0.373652,0,success
g2_h8_k3_dsparse_s1.txt,2,8,3,sparse,1,approx,0.002929,6,success
g2_h8_k3_dsparse_s2.txt,2,8,3,sparse,2,exact,0.377426,0,success
g2_h8_k3_dsparse_s2.txt,2,8,3,sparse,2,approx,0.002895,6,success
g2_h4_k7_ddense_s0.txt,2,4,7,dense,0,exact,0.269129,0,success
g2_h4_k7_ddense_s0.txt,2,4,7,dense,0,approx,0.002989,4,success
g2_h4_k7_ddense_s1.txt,2,4,7,dense,1,exact,0.270083,5,success
g2_h4_k7_ddense_s1.txt,2,4,7,dense,1,approx,0.002982,12,success
g2_h4_k7_ddense_s2.txt,2,4,7,dense,2,exact,0.268403,5,success
g2_h4_k7_ddense_s2.txt,2,4,7,dense,2,approx,0.002959,17,success
g2_h4_k7_dmedium_s0.txt,2,4,7,medium,0,exact,0.265789,18,success
g2_h4_k7_dmedium_s0.txt,2,4,7,medium,0,approx,0.002781,24,success
g2_h4_k7_dmedium_s1.txt,2,4,7,medium,1,exact,0.264687,0,success
g2_h4_k7_dmedium_s1.txt,2,4,7,medium,1,approx,0.002788,0,success
g2_h4_k7_dmedium_s2.txt,2,4,7,medium,2,exact,0.267652,9,success
g2_h4_k7_dmedium_s2.txt,2,4,7,medium,2,approx,0.003029,21,success
g2_h4_k7_dsparse_s0.txt,2,4,7,sparse,0,exact,0.259673,0,success
g2_h4_k7_dsparse_s0.txt,2,4,7,sparse,0,approx,0.002721,0,success
g2_h4_k7_dsparse_s1.txt,2,4,7,sparse,1,exact,0.264486,0,success
g2_h4_k7_dsparse_s1.txt,2,4,7,sparse,1,approx,0.002947,0,success
g2_h4_k7_dsparse_s2.txt,2,4,7,sparse,2,exact,0.268298,0,success
g2_h4_k7_dsparse_s2.txt,2,4,7,sparse,2,approx,0.002946,5,success
g2_h6_k4_ddense_s0.txt,2,6,4,dense,0,exact,0.421085,0,success
g2_h6_k4_ddense_s0.txt,2,6,4,dense,0,approx,0.002882,5,success
g2_h6_k4_ddense_s1.txt,2,6,4,dense,1,exact,0.425007,0,success
g2_h6_k4_ddense_s1.txt,2,6,4,dense,1,approx,0.002975,4,success
g2_h6_k4_ddense_s2.txt,2,6,4,dense,2,exact,0.418152,0,success
g2_h6_k4_ddense_s2.txt,2,6,4,dense,2,approx,0.002948,10,success
g2_h6_k4_dmedium_s0.txt,2,6,4,medium,0,exact,0.419703,0,success
g2_h6_k4_dmedium_s0.txt,2,6,4,medium,0,approx,0.003276,9,success
g2_h6_k4_dmedium_s1.txt,2,6,4,medium,1,exact,0.420934,0,success
g2_h6_k4_dmedium_s1.txt,2,6,4,medium,1,approx,0.002826,0,success
g2_h6_k4_dmedium_s2.txt,2,6,4,medium,2,exact,0.412235,0,success
g2_h6_k4_dmedium_s2.txt,2,6,4,medium,2,approx,0.002889,0,success
g2_h6_k4_dsparse_s0.txt,2,6,4,sparse,0,exact,0.412123,0,success
g2_h6_k4_dsparse_s0.txt,2,6,4,sparse,0,approx,0.002772,0,success
g2_h6_k4_dsparse_s1.txt,2,6,4,sparse,1,exact,0.429472,0,success
g2_h6_k4_dsparse_s1.txt,2,6,4,sparse,1,approx,0.003016,0,success
g2_h6_k4_dsparse_s2.txt,2,6,4,sparse,2,exact,0.410158,0,success
g2_h6_k4_dsparse_s2.txt,2,6,4,sparse,2,approx,0.002786,0,success
g2_h5_k5_ddense_s0.txt,2,5,5,dense,0,exact,0.396949,0,success
g2_h5_k5_ddense_s0.txt,2,5,5,dense,0,approx,0.002685,8,success
g2_h5_k5_ddense_s1.txt,2,5,5,dense,1,exact,0.405727,0,success
g2_h5_k5_ddense_s1.txt,2,5,5,dense,1,approx,0.002927,9,success
g2_h5_k5_ddense_s2.txt,2,5,5,dense,2,exact,0.403911,0,success
g2_h5_k5_ddense_s2.txt,2,5,5,dense,2,approx,0.003059,4,success
g2_h5_k5_dmedium_s0.txt,2,5,5,medium,0,exact,0.406366,3,success
g2_h5_k5_dmedium_s0.txt,2,5,5,medium,0,approx,0.002731,13,success
g2_h5_k5_dmedium_s1.txt,2,5,5,medium,1,exact,0.399969,0,success
g2_h5_k5_dmedium_s1.txt,2,5,5,medium,1,approx,0.002751,4,success
g2_h5_k5_dmedium_s2.txt,2,5,5,medium,2,exact,0.397784,0,success
g2_h5_k5_dmedium_s2.txt,2,5,5,medium,2,approx,0.002613,2,success
g2_h5_k5_dsparse_s0.txt,2,5,5,sparse,0,exact,0.391039,0,success
g2_h5_k5_dsparse_s0.txt,2,5,5,sparse,0,approx,0.002585,0,success
g2_h5_k5_dsparse_s1.txt,2,5,5,sparse,1,exact,0.396948,2,success
g2_h5_k5_dsparse_s1.txt,2,5,5,sparse,1,approx,0.002874,3,success
g2_h5_k5_dsparse_s2.txt,2,5,5,sparse,2,exact,0.398578,7,success
g2_h5_k5_dsparse_s2.txt,2,5,5,sparse,2,approx,0.002700,14,success
g4_h16_k1_ddense_s0.txt,4,16,1,dense,0,exact,18.101775,0,success
g4_h16_k1_ddense_s0.txt,4,16,1,dense,0,approx,0.002888,7,success
g4_h16_k1_ddense_s1.txt,4,16,1,dense,1,exact,17.888017,0,success
g4_h16_k1_ddense_s1.txt,4,16,1,dense,1,approx,0.003057,8,success
g4_h16_k1_ddense_s2.txt,4,16,1,dense,2,exact,18.149469,0,success
g4_h16_k1_ddense_s2.txt,4,16,1,dense,2,approx,0.003482,5,success
g4_h16_k1_dmedium_s0.txt,4,16,1,medium,0,exact,18.023294,0,success
g4_h16_k1_dmedium_s0.txt,4,16,1,medium,0,approx,0.003014,13,success
g4_h16_k1_dmedium_s1.txt,4,16,1,medium,1,exact,17.756427,0,success
g4_h16_k1_dmedium_s1.txt,4,16,1,medium,1,approx,0.002780,11,success
g4_h16_k1_dmedium_s2.txt,4,16,1,medium,2,exact,17.710918,0,success
g4_h16_k1_dmedium_s2.txt,4,16,1,medium,2,approx,0.002929,6,success
g4_h16_k1_dsparse_s0.txt,4,16,1,sparse,0,exact,17.684990,0,success
g4_h16_k1_dsparse_s0.txt,4,16,1,sparse,0,approx,0.002860,0,success
g4_h16_k1_dsparse_s1.txt,4,16,1,sparse,1,exact,17.764719,0,success
g4_h16_k1_dsparse_s1.txt,4,16,1,sparse,1,approx,0.003079,6,success
g4_h16_k1_dsparse_s2.txt,4,16,1,sparse,2,exact,17.816197,0,success
g4_h16_k1_dsparse_s2.txt,4,16,1,sparse,2,approx,0.002735,5,success
g6_h9_k1_ddense_s0.txt,6,9,1,dense,0,exact,33.155587,9,success
g6_h9_k1_ddense_s0.txt,6,9,1,dense,0,approx,0.002714,23,success
g6_h9_k1_ddense_s1.txt,6,9,1,dense,1,exact,33.190330,7,success
g6_h9_k1_ddense_s1.txt,6,9,1,dense,1,approx,0.002715,18,success
g6_h9_k1_ddense_s2.txt,6,9,1,dense,2,exact,33.712347,0,success
g6_h9_k1_ddense_s2.txt,6,9,1,dense,2,approx,0.002700,10,success
g6_h9_k1_dmedium_s0.txt,6,9,1,medium,0,exact,33.427252,6,success
g6_h9_k1_dmedium_s0.txt,6,9,1,medium,0,approx,0.002814,22,success
g6_h9_k1_dmedium_s1.txt,6,9,1,medium,1,exact,33.169584,9,success
g6_h9_k1_dmedium_s1.txt,6,9,1,medium,1,approx,0.002774,19,success
g6_h9_k1_dmedium_s2.txt,6,9,1,medium,2,exact,34.106203,5,success
g6_h9_k1_dmedium_s2.txt,6,9,1,medium,2,approx,0.003279,17,success
g6_h9_k1_dsparse_s0.txt,6,9,1,sparse,0,exact,36.152496,0,success
g6_h9_k1_dsparse_s0.txt,6,9,1,sparse,0,approx,0.002933,4,success
g6_h9_k1_dsparse_s1.txt,6,9,1,sparse,1,exact,34.326645,4,success
g6_h9_k1_dsparse_s1.txt,6,9,1,sparse,1,approx,0.003295,10,success
g6_h9_k1_dsparse_s2.txt,6,9,1,sparse,2,exact,34.227094,4,success
g6_h9_k1_dsparse_s2.txt,6,9,1,sparse,2,approx,0.003101,7,success
g4_h6_k2_ddense_s0.txt,4,6,2,dense,0,exact,0.733603,0,success
g4_h6_k2_ddense_s0.txt,4,6,2,dense,0,approx,0.003199,5,success
g4_h6_k2_ddense_s1.txt,4,6,2,dense,1,exact,0.714361,5,success
g4_h6_k2_ddense_s1.txt,4,6,2,dense,1,approx,0.003159,16,success
g4_h6_k2_ddense_s2.txt,4,6,2,dense,2,exact,0.709806,2,success
g4_h6_k2_ddense_s2.txt,4,6,2,dense,2,approx,0.003084,12,success
g4_h6_k2_dmedium_s0.txt,4,6,2,medium,0,exact,0.737307,3,success
g4_h6_k2_dmedium_s0.txt,4,6,2,medium,0,approx,0.005101,8,success
g4_h6_k2_dmedium_s1.txt,4,6,2,medium,1,exact,0.742599,5,success
g4_h6_k2_dmedium_s1.txt,4,6,2,medium,1,approx,0.002944,17,success
g4_h6_k2_dmedium_s2.txt,4,6,2,medium,2,exact,0.701369,4,success
g4_h6_k2_dmedium_s2.txt,4,6,2,medium,2,approx,0.003053,12,success
g4_h6_k2_dsparse_s0.txt,4,6,2,sparse,0,exact,0.688975,0,success
g4_h6_k2_dsparse_s0.txt,4,6,2,sparse,0,approx,0.002938,3,success
g4_h6_k2_dsparse_s1.txt,4,6,2,sparse,1,exact,0.686081,0,success
g4_h6_k2_dsparse_s1.txt,4,6,2,sparse,1,approx,0.003557,0,success
g4_h6_k2_dsparse_s2.txt,4,6,2,sparse,2,exact,0.704265,0,success
g4_h6_k2_dsparse_s2.txt,4,6,2,sparse,2,approx,0.003129,3,success
g2_h4_k8_ddense_s0.txt,2,4,8,dense,0,exact,0.698236,6,success
g2_h4_k8_ddense_s0.txt,2,4,8,dense,0,approx,0.002947,21,success
g2_h4_k8_ddense_s1.txt,2,4,8,dense,1,exact,0.680616,7,success
g2_h4_k8_ddense_s1.txt,2,4,8,dense,1,approx,0.003703,24,success
g2_h4_k8_ddense_s2.txt,2,4,8,dense,2,exact,0.670777,0,success
g2_h4_k8_ddense_s2.txt,2,4,8,dense,2,approx,0.003057,5,success
g2_h4_k8_dmedium_s0.txt,2,4,8,medium,0,exact,0.657232,16,success
g2_h4_k8_dmedium_s0.txt,2,4,8,medium,0,approx,0.002635,24,success
g2_h4_k8_dmedium_s1.txt,2,4,8,medium,1,exact,0.656406,14,success
g2_h4_k8_dmedium_s1.txt,2,4,8,medium,1,approx,0.003498,23,success
g2_h4_k8_dmedium_s2.txt,2,4,8,medium,2,exact,0.642187,0,success
g2_h4_k8_dmedium_s2.txt,2,4,8,medium,2,approx,0.002932,0,success
g2_h4_k8_dsparse_s0.txt,2,4,8,sparse,0,exact,0.656484,11,success
g2_h4_k8_dsparse_s0.txt,2,4,8,sparse,0,approx,0.002834,16,success
g2_h4_k8_dsparse_s1.txt,2,4,8,sparse,1,exact,0.644637,0,success
g2_h4_k8_dsparse_s1.txt,2,4,8,sparse,1,approx,0.002712,0,success
g2_h4_k8_dsparse_s2.txt,2,4,8,sparse,2,exact,0.644939,0,success
g2_h4_k8_dsparse_s2.txt,2,4,8,sparse,2,approx,0.003321,0,success
g5_h12_k1_ddense_s0.txt,5,12,1,dense,0,exact,82.054314,1,success
g5_h12_k1_ddense_s0.txt,5,12,1,dense,0,approx,0.002854,11,success
g5_h12_k1_ddense_s1.txt,5,12,1,dense,1,exact,86.344404,0,success
g5_h12_k1_ddense_s1.txt,5,12,1,dense,1,approx,0.003192,8,success
g5_h12_k1_ddense_s2.txt,5,12,1,dense,2,exact,85.957075,0,success
g5_h12_k1_ddense_s2.txt,5,12,1,dense,2,approx,0.003359,11,success
g5_h12_k1_dmedium_s0.txt,5,12,1,medium,0,exact,85.796598,1,success
g5_h12_k1_dmedium_s0.txt,5,12,1,medium,0,approx,0.003294,15,success
g5_h12_k1_dmedium_s1.txt,5,12,1,medium,1,exact,83.330907,3,success
g5_h12_k1_dmedium_s1.txt,5,12,1,medium,1,approx,0.003483,16,success
g5_h12_k1_dmedium_s2.txt,5,12,1,medium,2,exact,85.292438,1,success
g5_h12_k1_dmedium_s2.txt,5,12,1,medium,2,approx,0.002752,14,success
g5_h12_k1_dsparse_s0.txt,5,12,1,sparse,0,exact,82.929365,0,success
g5_h12_k1_dsparse_s0.txt,5,12,1,sparse,0,approx,0.002823,6,success
g5_h12_k1_dsparse_s1.txt,5,12,1,sparse,1,exact,85.732930,2,success
g5_h12_k1_dsparse_s1.txt,5,12,1,sparse,1,approx,0.003397,8,success
g5_h12_k1_dsparse_s2.txt,5,12,1,sparse,2,exact,83.621742,0,success
g5_h12_k1_dsparse_s2.txt,5,12,1,sparse,2,approx,0.002902,5,success
g3_h4_k5_ddense_s0.txt,3,4,5,dense,0,exact,0.804306,3,success
g3_h4_k5_ddense_s0.txt,3,4,5,dense,0,approx,0.003467,5,success
g3_h4_k5_ddense_s1.txt,3,4,5,dense,1,exact,0.853233,2,success
g3_h4_k5_ddense_s1.txt,3,4,5,dense,1,approx,0.003218,11,success
g3_h4_k5_ddense_s2.txt,3,4,5,dense,2,exact,0.807847,6,success
g3_h4_k5_ddense_s2.txt,3,4,5,dense,2,approx,0.002803,12,success
g3_h4_k5_dmedium_s0.txt,3,4,5,medium,0,exact,0.796213,5,success
g3_h4_k5_dmedium_s0.txt,3,4,5,medium,0,approx,0.003054,11,success
g3_h4_k5_dmedium_s1.txt,3,4,5,medium,1,exact,0.832985,5,success
g3_h4_k5_dmedium_s1.txt,3,4,5,medium,1,approx,0.003122,16,success
g3_h4_k5_dmedium_s2.txt,3,4,5,medium,2,exact,0.816272,6,success
g3_h4_k5_dmedium_s2.txt,3,4,5,medium,2,approx,0.003157,10,success
g3_h4_k5_dsparse_s0.txt,3,4,5,sparse,0,exact,0.795436,0,success
g3_h4_k5_dsparse_s0.txt,3,4,5,sparse,0,approx,0.002968,9,success
g3_h4_k5_dsparse_s1.txt,3,4,5,sparse,1,exact,0.825825,3,success
g3_h4_k5_dsparse_s1.txt,3,4,5,sparse,1,approx,0.003184,10,success
g3_h4_k5_dsparse_s2.txt,3,4,5,sparse,2,exact,0.788024,7,success
g3_h4_k5_dsparse_s2.txt,3,4,5,sparse,2,approx,0.002985,13,success
g3_h9_k2_ddense_s0.txt,3,9,2,dense,0,exact,2.035641,0,success
g3_h9_k2_ddense_s0.txt,3,9,2,dense,0,approx,0.005297,5,success
g3_h9_k2_ddense_s1.txt,3,9,2,dense,1,exact,2.030428,0,success
g3_h9_k2_ddense_s1.txt,3,9,2,dense,1,approx,0.003248,4,success
g3_h9_k2_ddense_s2.txt,3,9,2,dense,2,exact,2.027439,0,success
g3_h9_k2_ddense_s2.txt,3,9,2,dense,2,approx,0.002897,6,success
g3_h9_k2_dmedium_s0.txt,3,9,2,medium,0,exact,1.960689,0,success
g3_h9_k2_dmedium_s0.txt,3,9,2,medium,0,approx,0.003320,3,success
g3_h9_k2_dmedium_s1.txt,3,9,2,medium,1,exact,1.957111,0,success
g3_h9_k2_dmedium_s1.txt,3,9,2,medium,1,approx,0.003137,10,success
g3_h9_k2_dmedium_s2.txt,3,9,2,medium,2,exact,2.047549,0,success
g3_h9_k2_dmedium_s2.txt,3,9,2,medium,2,approx,0.003247,5,success
g3_h9_k2_dsparse_s0.txt,3,9,2,sparse,0,exact,2.056950,0,success
g3_h9_k2_dsparse_s0.txt,3,9,2,sparse,0,approx,0.002936,0,success
g3_h9_k2_dsparse_s1.txt,3,9,2,sparse,1,exact,1.996838,0,success
g3_h9_k2_dsparse_s1.txt,3,9,2,sparse,1,approx,0.003229,2,success
g3_h9_k2_dsparse_s2.txt,3,9,2,sparse,2,exact,1.947898,0,success
g3_h9_k2_dsparse_s2.txt,3,9,2,sparse,2,approx,0.003082,1,success
g2_h4_k9_ddense_s0.txt,2,4,9,dense,0,exact,1.540052,10,success
g2_h4_k9_ddense_s0.txt,2,4,9,dense,0,approx,0.003158,22,success
g2_h4_k9_ddense_s1.txt,2,4,9,dense,1,exact,1.622071,3,success
g2_h4_k9_ddense_s1.txt,2,4,9,dense,1,approx,0.003433,15,success
g2_h4_k9_ddense_s2.txt,2,4,9,dense,2,exact,1.655332,0,success
g2_h4_k9_ddense_s2.txt,2,4,9,dense,2,approx,0.003214,5,success
g2_h4_k9_dmedium_s0.txt,2,4,9,medium,0,exact,1.530681,5,success
g2_h4_k9_dmedium_s0.txt,2,4,9,medium,0,approx,0.002709,7,success
g2_h4_k9_dmedium_s1.txt,2,4,9,medium,1,exact,1.564378,11,success
g2_h4_k9_dmedium_s1.txt,2,4,9,medium,1,approx,0.002948,18,success
g2_h4_k9_dmedium_s2.txt,2,4,9,medium,2,exact,1.525831,0,success
g2_h4_k9_dmedium_s2.txt,2,4,9,medium,2,approx,0.003352,0,success
g2_h4_k9_dsparse_s0.txt,2,4,9,sparse,0,exact,1.521642,0,success
g2_h4_k9_dsparse_s0.txt,2,4,9,sparse,0,approx,0.002765,0,success
g2_h4_k9_dsparse_s1.txt,2,4,9,sparse,1,exact,1.619146,9,success
g2_h4_k9_dsparse_s1.txt,2,4,9,sparse,1,approx,0.003022,10,success
g2_h4_k9_dsparse_s2.txt,2,4,9,sparse,2,exact,1.608972,0,success
g2_h4_k9_dsparse_s2.txt,2,4,9,sparse,2,approx,0.002831,0,success
g2_h5_k6_ddense_s0.txt,2,5,6,dense,0,exact,1.877139,0,success
g2_h5_k6_ddense_s0.txt,2,5,6,dense,0,approx,0.003089,15,success
g2_h5_k6_ddense_s1.txt,2,5,6,dense,1,exact,1.873219,0,success
g2_h5_k6_ddense_s1.txt,2,5,6,dense,1,approx,0.003357,8,success
g2_h5_k6_ddense_s2.txt,2,5,6,dense,2,exact,1.835953,0,success
g2_h5_k6_ddense_s2.txt,2,5,6,dense,2,approx,0.002981,16,success
g2_h5_k6_dmedium_s0.txt,2,5,6,medium,0,exact,1.830353,0,success
g2_h5_k6_dmedium_s0.txt,2,5,6,medium,0,approx,0.002792,2,success
g2_h5_k6_dmedium_s1.txt,2,5,6,medium,1,exact,1.773418,0,success
g2_h5_k6_dmedium_s1.txt,2,5,6,medium,1,approx,0.003002,0,success
g2_h5_k6_dmedium_s2.txt,2,5,6,medium,2,exact,1.788037,0,success
g2_h5_k6_dmedium_s2.txt,2,5,6,medium,2,approx,0.003467,0,success
g2_h5_k6_dsparse_s0.txt,2,5,6,sparse,0,exact,1.964512,11,success
g2_h5_k6_dsparse_s0.txt,2,5,6,sparse,0,approx,0.003177,13,success
g2_h5_k6_dsparse_s1.txt,2,5,6,sparse,1,exact,1.817676,0,success
g2_h5_k6_dsparse_s1.txt,2,5,6,sparse,1,approx,0.003189,0,success
g2_h5_k6_dsparse_s2.txt,2,5,6,sparse,2,exact,1.874590,17,success
g2_h5_k6_dsparse_s2.txt,2,5,6,sparse,2,approx,0.002828,18,success
g2_h6_k5_ddense_s0.txt,2,6,5,dense,0,exact,3.247499,0,success
g2_h6_k5_ddense_s0.txt,2,6,5,dense,0,approx,0.003045,4,success
g2_h6_k5_ddense_s1.txt,2,6,5,dense,1,exact,3.217708,3,success
g2_h6_k5_ddense_s1.txt,2,6,5,dense,1,approx,0.002828,13,success
g2_h6_k5_ddense_s2.txt,2,6,5,dense,2,exact,3.188084,0,success
g2_h6_k5_ddense_s2.txt,2,6,5,dense,2,approx,0.003574,5,success
g2_h6_k5_dmedium_s0.txt,2,6,5,medium,0,exact,3.236918,0,success
g2_h6_k5_dmedium_s0.txt,2,6,5,medium,0,approx,0.002628,7,success
g2_h6_k5_dmedium_s1.txt,2,6,5,medium,1,exact,3.170808,0,success
g2_h6_k5_dmedium_s1.txt,2,6,5,medium,1,approx,0.002944,3,success
g2_h6_k5_dmedium_s2.txt,2,6,5,medium,2,exact,3.174222,0,success
g2_h6_k5_dmedium_s2.txt,2,6,5,medium,2,approx,0.002693,4,success
g2_h6_k5_dsparse_s0.txt,2,6,5,sparse,0,exact,3.167118,0,success
g2_h6_k5_dsparse_s0.txt,2,6,5,sparse,0,approx,0.002977,0,success
g2_h6_k5_dsparse_s1.txt,2,6,5,sparse,1,exact,3.237738,0,success
g2_h6_k5_dsparse_s1.txt,2,6,5,sparse,1,approx,0.003061,0,success
g2_h6_k5_dsparse_s2.txt,2,6,5,sparse,2,exact,3.211534,2,success
g2_h6_k5_dsparse_s2.txt,2,6,5,sparse,2,approx,0.002994,15,success
g3_h6_k3_ddense_s0.txt,3,6,3,dense,0,exact,3.199841,0,success
g3_h6_k3_ddense_s0.txt,3,6,3,dense,0,approx,0.003132,5,success
g3_h6_k3_ddense_s1.txt,3,6,3,dense,1,exact,3.035548,0,success
g3_h6_k3_ddense_s1.txt,3,6,3,dense,1,approx,0.002999,9,success
g3_h6_k3_ddense_s2.txt,3,6,3,dense,2,exact,3.162884,0,success
g3_h6_k3_ddense_s2.txt,3,6,3,dense,2,approx,0.003399,12,success
g3_h6_k3_dmedium_s0.txt,3,6,3,medium,0,exact,2.982190,0,success
g3_h6_k3_dmedium_s0.txt,3,6,3,medium,0,approx,0.002885,10,success
g3_h6_k3_dmedium_s1.txt,3,6,3,medium,1,exact,2.966259,0,success
g3_h6_k3_dmedium_s1.txt,3,6,3,medium,1,approx,0.003097,7,success
g3_h6_k3_dmedium_s2.txt,3,6,3,medium,2,exact,2.947658,0,success
g3_h6_k3_dmedium_s2.txt,3,6,3,medium,2,approx,0.003307,5,success
g3_h6_k3_dsparse_s0.txt,3,6,3,sparse,0,exact,3.480890,0,success
g3_h6_k3_dsparse_s0.txt,3,6,3,sparse,0,approx,0.003181,9,success
g3_h6_k3_dsparse_s1.txt,3,6,3,sparse,1,exact,2.914624,0,success
g3_h6_k3_dsparse_s1.txt,3,6,3,sparse,1,approx,0.002687,2,success
g3_h6_k3_dsparse_s2.txt,3,6,3,sparse,2,exact,2.945232,5,success
g3_h6_k3_dsparse_s2.txt,3,6,3,sparse,2,approx,0.002858,9,success
g2_h4_k10_ddense_s0.txt,2,4,10,dense,0,exact,3.338498,18,success
g2_h4_k10_ddense_s0.txt,2,4,10,dense,0,approx,0.002882,26,success
g2_h4_k10_ddense_s1.txt,2,4,10,dense,1,exact,3.350742,0,success
g2_h4_k10_ddense_s1.txt,2,4,10,dense,1,approx,0.002914,5,success
g2_h4_k10_ddense_s2.txt,2,4,10,dense,2,exact,3.362791,5,success
g2_h4_k10_ddense_s2.txt,2,4,10,dense,2,approx,0.002902,19,success
g2_h4_k10_dmedium_s0.txt,2,4,10,medium,0,exact,3.331307,7,success
g2_h4_k10_dmedium_s0.txt,2,4,10,medium,0,approx,0.002756,18,success
g2_h4_k10_dmedium_s1.txt,2,4,10,medium,1,exact,3.339232,6,success
g2_h4_k10_dmedium_s1.txt,2,4,10,medium,1,approx,0.002778,16,success
g2_h4_k10_dmedium_s2.txt,2,4,10,medium,2,exact,3.460879,4,success
g2_h4_k10_dmedium_s2.txt,2,4,10,medium,2,approx,0.003009,17,success
g2_h4_k10_dsparse_s0.txt,2,4,10,sparse,0,exact,3.428521,1,success
g2_h4_k10_dsparse_s0.txt,2,4,10,sparse,0,approx,0.003013,7,success
g2_h4_k10_dsparse_s1.txt,2,4,10,sparse,1,exact,3.469431,0,success
g2_h4_k10_dsparse_s1.txt,2,4,10,sparse,1,approx,0.003754,0,success
g2_h4_k10_dsparse_s2.txt,2,4,10,sparse,2,exact,3.706368,29,success
g2_h4_k10_dsparse_s2.txt,2,4,10,sparse,2,approx,0.005802,30,success
g5_h15_k1_ddense_s0.txt,5,15,1,dense,0,exact,300.003099,-1,timeout
g5_h15_k1_ddense_s0.txt,5,15,1,dense,0,approx,0.003516,8,success
g5_h15_k1_ddense_s1.txt,5,15,1,dense,1,exact,0,-1,"complexity_skip (complexity=3.60e+05, threshold=3.60e+05)"
g5_h15_k1_ddense_s1.txt,5,15,1,dense,1,approx,0.002671,13,success
g5_h15_k1_ddense_s2.txt,5,15,1,dense,2,exact,0,-1,"complexity_skip (complexity=3.60e+05, threshold=3.60e+05)"
g5_h15_k1_ddense_s2.txt,5,15,1,dense,2,approx,0.002709,3,success
g5_h15_k1_dmedium_s0.txt,5,15,1,medium,0,exact,0,-1,"complexity_skip (complexity=3.60e+05, threshold=3.60e+05)"
g5_h15_k1_dmedium_s0.txt,5,15,1,medium,0,approx,0.002463,11,success
g5_h15_k1_dmedium_s1.txt,5,15,1,medium,1,exact,0,-1,"complexity_skip (complexity=3.60e+05, threshold=3.60e+05)"
g5_h15_k1_dmedium_s1.txt,5,15,1,medium,1,approx,0.002404,19,success
g5_h15_k1_dmedium_s2.txt,5,15,1,medium,2,exact,0,-1,"complexity_skip (complexity=3.60e+05, threshold=3.60e+05)"
g5_h15_k1_dmedium_s2.txt,5,15,1,medium,2,approx,0.002369,12,success
g5_h15_k1_dsparse_s0.txt,5,15,1,sparse,0,exact,0,-1,"complexity_skip (complexity=3.60e+05, threshold=3.60e+05)"
g5_h15_k1_dsparse_s0.txt,5,15,1,sparse,0,approx,0.002310,5,success
g5_h15_k1_dsparse_s1.txt,5,15,1,sparse,1,exact,0,-1,"complexity_skip (complexity=3.60e+05, threshold=3.60e+05)"
g5_h15_k1_dsparse_s1.txt,5,15,1,sparse,1,approx,0.002345,7,success
g5_h15_k1_dsparse_s2.txt,5,15,1,sparse,2,exact,0,-1,"complexity_skip (complexity=3.60e+05, threshold=3.60e+05)"
g5_h15_k1_dsparse_s2.txt,5,15,1,sparse,2,approx,0.002337,11,success
g2_h8_k4_ddense_s0.txt,2,8,4,dense,0,exact,0,-1,"complexity_skip (complexity=4.55e+05, threshold=3.60e+05)"
g2_h8_k4_ddense_s0.txt,2,8,4,dense,0,approx,0.002309,11,success
g2_h8_k4_ddense_s1.txt,2,8,4,dense,1,exact,0,-1,"complexity_skip (complexity=4.55e+05, threshold=3.60e+05)"
g2_h8_k4_ddense_s1.txt,2,8,4,dense,1,approx,0.002439,4,success
g2_h8_k4_ddense_s2.txt,2,8,4,dense,2,exact,0,-1,"complexity_skip (complexity=4.55e+05, threshold=3.60e+05)"
g2_h8_k4_ddense_s2.txt,2,8,4,dense,2,approx,0.002224,4,success
g2_h8_k4_dmedium_s0.txt,2,8,4,medium,0,exact,0,-1,"complexity_skip (complexity=4.55e+05, threshold=3.60e+05)"
g2_h8_k4_dmedium_s0.txt,2,8,4,medium,0,approx,0.002328,11,success
g2_h8_k4_dmedium_s1.txt,2,8,4,medium,1,exact,0,-1,"complexity_skip (complexity=4.55e+05, threshold=3.60e+05)"
g2_h8_k4_dmedium_s1.txt,2,8,4,medium,1,approx,0.002243,0,success
g2_h8_k4_dmedium_s2.txt,2,8,4,medium,2,exact,0,-1,"complexity_skip (complexity=4.55e+05, threshold=3.60e+05)"
g2_h8_k4_dmedium_s2.txt,2,8,4,medium,2,approx,0.002185,0,success
g2_h8_k4_dsparse_s0.txt,2,8,4,sparse,0,exact,0,-1,"complexity_skip (complexity=4.55e+05, threshold=3.60e+05)"
g2_h8_k4_dsparse_s0.txt,2,8,4,sparse,0,approx,0.002176,4,success
g2_h8_k4_dsparse_s1.txt,2,8,4,sparse,1,exact,0,-1,"complexity_skip (complexity=4.55e+05, threshold=3.60e+05)"
g2_h8_k4_dsparse_s1.txt,2,8,4,sparse,1,approx,0.002153,0,success
g2_h8_k4_dsparse_s2.txt,2,8,4,sparse,2,exact,0,-1,"complexity_skip (complexity=4.55e+05, threshold=3.60e+05)"
g2_h8_k4_dsparse_s2.txt,2,8,4,sparse,2,approx,0.002281,0,success
g3_h4_k6_ddense_s0.txt,3,4,6,dense,0,exact,0,-1,"complexity_skip (complexity=4.75e+05, threshold=3.60e+05)"
g3_h4_k6_ddense_s0.txt,3,4,6,dense,0,approx,0.002164,21,success
g3_h4_k6_ddense_s1.txt,3,4,6,dense,1,exact,0,-1,"complexity_skip (complexity=4.75e+05, threshold=3.60e+05)"
g3_h4_k6_ddense_s1.txt,3,4,6,dense,1,approx,0.002234,11,success
g3_h4_k6_ddense_s2.txt,3,4,6,dense,2,exact,0,-1,"complexity_skip (complexity=4.75e+05, threshold=3.60e+05)"
g3_h4_k6_ddense_s2.txt,3,4,6,dense,2,approx,0.002389,24,success
g3_h4_k6_dmedium_s0.txt,3,4,6,medium,0,exact,0,-1,"complexity_skip (complexity=4.75e+05, threshold=3.60e+05)"
g3_h4_k6_dmedium_s0.txt,3,4,6,medium,0,approx,0.002257,23,success
g3_h4_k6_dmedium_s1.txt,3,4,6,medium,1,exact,0,-1,"complexity_skip (complexity=4.75e+05, threshold=3.60e+05)"
g3_h4_k6_dmedium_s1.txt,3,4,6,medium,1,approx,0.002257,8,success
g3_h4_k6_dmedium_s2.txt,3,4,6,medium,2,exact,0,-1,"complexity_skip (complexity=4.75e+05, threshold=3.60e+05)"
g3_h4_k6_dmedium_s2.txt,3,4,6,medium,2,approx,0.002266,9,success
g3_h4_k6_dsparse_s0.txt,3,4,6,sparse,0,exact,0,-1,"complexity_skip (complexity=4.75e+05, threshold=3.60e+05)"
g3_h4_k6_dsparse_s0.txt,3,4,6,sparse,0,approx,0.002279,22,success
g3_h4_k6_dsparse_s1.txt,3,4,6,sparse,1,exact,0,-1,"complexity_skip (complexity=4.75e+05, threshold=3.60e+05)"
g3_h4_k6_dsparse_s1.txt,3,4,6,sparse,1,approx,0.002288,0,success
g3_h4_k6_dsparse_s2.txt,3,4,6,sparse,2,exact,0,-1,"complexity_skip (complexity=4.75e+05, threshold=3.60e+05)"
g3_h4_k6_dsparse_s2.txt,3,4,6,sparse,2,approx,0.002375,12,success
g7_h10_k1_ddense_s0.txt,7,10,1,dense,0,approx,0.002424,30,success
g7_h10_k1_ddense_s1.txt,7,10,1,dense,1,approx,0.002256,27,success
g7_h10_k1_ddense_s2.txt,7,10,1,dense,2,approx,0.002409,23,success
g7_h10_k1_dmedium_s0.txt,7,10,1,medium,0,approx,0.002413,21,success
g7_h10_k1_dmedium_s1.txt,7,10,1,medium,1,approx,0.002328,20,success
g7_h10_k1_dmedium_s2.txt,7,10,1,medium,2,approx,0.002385,28,success
g7_h10_k1_dsparse_s0.txt,7,10,1,sparse,0,approx,0.002171,13,success
g7_h10_k1_dsparse_s1.txt,7,10,1,sparse,1,approx,0.002369,16,success
g7_h10_k1_dsparse_s2.txt,7,10,1,sparse,2,approx,0.002337,13,success
g2_h5_k7_ddense_s0.txt,2,5,7,dense,0,exact,0,-1,"complexity_skip (complexity=6.58e+05, threshold=3.60e+05)"
g2_h5_k7_ddense_s0.txt,2,5,7,dense,0,approx,0.002202,10,success
g2_h5_k7_ddense_s1.txt,2,5,7,dense,1,exact,0,-1,"complexity_skip (complexity=6.58e+05, threshold=3.60e+05)"
g2_h5_k7_ddense_s1.txt,2,5,7,dense,1,approx,0.002265,10,success
g2_h5_k7_ddense_s2.txt,2,5,7,dense,2,exact,0,-1,"complexity_skip (complexity=6.58e+05, threshold=3.60e+05)"
g2_h5_k7_ddense_s2.txt,2,5,7,dense,2,approx,0.002246,11,success
g2_h5_k7_dmedium_s0.txt,2,5,7,medium,0,exact,0,-1,"complexity_skip (complexity=6.58e+05, threshold=3.60e+05)"
g2_h5_k7_dmedium_s0.txt,2,5,7,medium,0,approx,0.002259,20,success
g2_h5_k7_dmedium_s1.txt,2,5,7,medium,1,exact,0,-1,"complexity_skip (complexity=6.58e+05, threshold=3.60e+05)"
g2_h5_k7_dmedium_s1.txt,2,5,7,medium,1,approx,0.002329,21,success
g2_h5_k7_dmedium_s2.txt,2,5,7,medium,2,exact,0,-1,"complexity_skip (complexity=6.58e+05, threshold=3.60e+05)"
g2_h5_k7_dmedium_s2.txt,2,5,7,medium,2,approx,0.002447,4,success
g2_h5_k7_dsparse_s0.txt,2,5,7,sparse,0,exact,0,-1,"complexity_skip (complexity=6.58e+05, threshold=3.60e+05)"
g2_h5_k7_dsparse_s0.txt,2,5,7,sparse,0,approx,0.002293,22,success
g2_h5_k7_dsparse_s1.txt,2,5,7,sparse,1,exact,0,-1,"complexity_skip (complexity=6.58e+05, threshold=3.60e+05)"
g2_h5_k7_dsparse_s1.txt,2,5,7,sparse,1,approx,0.002369,14,success
g2_h5_k7_dsparse_s2.txt,2,5,7,sparse,2,exact,0,-1,"complexity_skip (complexity=6.58e+05, threshold=3.60e+05)"
g2_h5_k7_dsparse_s2.txt,2,5,7,sparse,2,approx,0.002186,0,success
g6_h12_k1_ddense_s0.txt,6,12,1,dense,0,exact,0,-1,"complexity_skip (complexity=6.65e+05, threshold=3.60e+05)"
g6_h12_k1_ddense_s0.txt,6,12,1,dense,0,approx,0.002334,16,success
g6_h12_k1_ddense_s1.txt,6,12,1,dense,1,exact,0,-1,"complexity_skip (complexity=6.65e+05, threshold=3.60e+05)"
g6_h12_k1_ddense_s1.txt,6,12,1,dense,1,approx,0.002396,11,success
g6_h12_k1_ddense_s2.txt,6,12,1,dense,2,exact,0,-1,"complexity_skip (complexity=6.65e+05, threshold=3.60e+05)"
g6_h12_k1_ddense_s2.txt,6,12,1,dense,2,approx,0.002437,20,success
g6_h12_k1_dmedium_s0.txt,6,12,1,medium,0,exact,0,-1,"complexity_skip (complexity=6.65e+05, threshold=3.60e+05)"
g6_h12_k1_dmedium_s0.txt,6,12,1,medium,0,approx,0.002523,19,success
g6_h12_k1_dmedium_s1.txt,6,12,1,medium,1,exact,0,-1,"complexity_skip (complexity=6.65e+05, threshold=3.60e+05)"
g6_h12_k1_dmedium_s1.txt,6,12,1,medium,1,approx,0.002371,13,success
g6_h12_k1_dmedium_s2.txt,6,12,1,medium,2,exact,0,-1,"complexity_skip (complexity=6.65e+05, threshold=3.60e+05)"
g6_h12_k1_dmedium_s2.txt,6,12,1,medium,2,approx,0.002257,21,success
g6_h12_k1_dsparse_s0.txt,6,12,1,sparse,0,exact,0,-1,"complexity_skip (complexity=6.65e+05, threshold=3.60e+05)"
g6_h12_k1_dsparse_s0.txt,6,12,1,sparse,0,approx,0.002194,17,success
g6_h12_k1_dsparse_s1.txt,6,12,1,sparse,1,exact,0,-1,"complexity_skip (complexity=6.65e+05, threshold=3.60e+05)"
g6_h12_k1_dsparse_s1.txt,6,12,1,sparse,1,approx,0.002161,4,success
g6_h12_k1_dsparse_s2.txt,6,12,1,sparse,2,exact,0,-1,"complexity_skip (complexity=6.65e+05, threshold=3.60e+05)"
g6_h12_k1_dsparse_s2.txt,6,12,1,sparse,2,approx,0.002246,3,success
g3_h12_k2_ddense_s0.txt,3,12,2,dense,0,exact,0,-1,"complexity_skip (complexity=8.72e+05, threshold=3.60e+05)"
g3_h12_k2_ddense_s0.txt,3,12,2,dense,0,approx,0.002236,7,success
g3_h12_k2_ddense_s1.txt,3,12,2,dense,1,exact,0,-1,"complexity_skip (complexity=8.72e+05, threshold=3.60e+05)"
g3_h12_k2_ddense_s1.txt,3,12,2,dense,1,approx,0.002179,5,success
g3_h12_k2_ddense_s2.txt,3,12,2,dense,2,exact,0,-1,"complexity_skip (complexity=8.72e+05, threshold=3.60e+05)"
g3_h12_k2_ddense_s2.txt,3,12,2,dense,2,approx,0.002193,8,success
g3_h12_k2_dmedium_s0.txt,3,12,2,medium,0,exact,0,-1,"complexity_skip (complexity=8.72e+05, threshold=3.60e+05)"
g3_h12_k2_dmedium_s0.txt,3,12,2,medium,0,approx,0.002145,9,success
g3_h12_k2_dmedium_s1.txt,3,12,2,medium,1,exact,0,-1,"complexity_skip (complexity=8.72e+05, threshold=3.60e+05)"
g3_h12_k2_dmedium_s1.txt,3,12,2,medium,1,approx,0.002352,6,success
g3_h12_k2_dmedium_s2.txt,3,12,2,medium,2,exact,0,-1,"complexity_skip (complexity=8.72e+05, threshold=3.60e+05)"
g3_h12_k2_dmedium_s2.txt,3,12,2,medium,2,approx,0.002404,14,success
g3_h12_k2_dsparse_s0.txt,3,12,2,sparse,0,exact,0,-1,"complexity_skip (complexity=8.72e+05, threshold=3.60e+05)"
g3_h12_k2_dsparse_s0.txt,3,12,2,sparse,0,approx,0.002370,0,success
g3_h12_k2_dsparse_s1.txt,3,12,2,sparse,1,exact,0,-1,"complexity_skip (complexity=8.72e+05, threshold=3.60e+05)"
g3_h12_k2_dsparse_s1.txt,3,12,2,sparse,1,approx,0.002242,4,success
g3_h12_k2_dsparse_s2.txt,3,12,2,sparse,2,exact,0,-1,"complexity_skip (complexity=8.72e+05, threshold=3.60e+05)"
g3_h12_k2_dsparse_s2.txt,3,12,2,sparse,2,approx,0.002335,0,success
g4_h8_k2_ddense_s0.txt,4,8,2,dense,0,exact,0,-1,"complexity_skip (complexity=1.41e+06, threshold=3.60e+05)"
g4_h8_k2_ddense_s0.txt,4,8,2,dense,0,approx,0.002219,7,success
g4_h8_k2_ddense_s1.txt,4,8,2,dense,1,exact,0,-1,"complexity_skip (complexity=1.41e+06, threshold=3.60e+05)"
g4_h8_k2_ddense_s1.txt,4,8,2,dense,1,approx,0.002446,15,success
g4_h8_k2_ddense_s2.txt,4,8,2,dense,2,exact,0,-1,"complexity_skip (complexity=1.41e+06, threshold=3.60e+05)"
g4_h8_k2_ddense_s2.txt,4,8,2,dense,2,approx,0.002349,6,success
g4_h8_k2_dmedium_s0.txt,4,8,2,medium,0,exact,0,-1,"complexity_skip (complexity=1.41e+06, threshold=3.60e+05)"
g4_h8_k2_dmedium_s0.txt,4,8,2,medium,0,approx,0.002313,20,success
g4_h8_k2_dmedium_s1.txt,4,8,2,medium,1,exact,0,-1,"complexity_skip (complexity=1.41e+06, threshold=3.60e+05)"
g4_h8_k2_dmedium_s1.txt,4,8,2,medium,1,approx,0.002412,9,success
g4_h8_k2_dmedium_s2.txt,4,8,2,medium,2,exact,0,-1,"complexity_skip (complexity=1.41e+06, threshold=3.60e+05)"
g4_h8_k2_dmedium_s2.txt,4,8,2,medium,2,approx,0.002523,11,success
g4_h8_k2_dsparse_s0.txt,4,8,2,sparse,0,exact,0,-1,"complexity_skip (complexity=1.41e+06, threshold=3.60e+05)"
g4_h8_k2_dsparse_s0.txt,4,8,2,sparse,0,approx,0.002384,11,success
g4_h8_k2_dsparse_s1.txt,4,8,2,sparse,1,exact,0,-1,"complexity_skip (complexity=1.41e+06, threshold=3.60e+05)"
g4_h8_k2_dsparse_s1.txt,4,8,2,sparse,1,approx,0.002348,4,success
g4_h8_k2_dsparse_s2.txt,4,8,2,sparse,2,exact,0,-1,"complexity_skip (complexity=1.41e+06, threshold=3.60e+05)"
g4_h8_k2_dsparse_s2.txt,4,8,2,sparse,2,approx,0.002356,7,success
g3_h7_k3_ddense_s0.txt,3,7,3,dense,0,exact,0,-1,"complexity_skip (complexity=1.57e+06, threshold=3.60e+05)"
g3_h7_k3_ddense_s0.txt,3,7,3,dense,0,approx,0.002409,6,success
g3_h7_k3_ddense_s1.txt,3,7,3,dense,1,exact,0,-1,"complexity_skip (complexity=1.57e+06, threshold=3.60e+05)"
g3_h7_k3_ddense_s1.txt,3,7,3,dense,1,approx,0.002372,8,success
g3_h7_k3_ddense_s2.txt,3,7,3,dense,2,exact,0,-1,"complexity_skip (complexity=1.57e+06, threshold=3.60e+05)"
g3_h7_k3_ddense_s2.txt,3,7,3,dense,2,approx,0.002309,5,success
g3_h7_k3_dmedium_s0.txt,3,7,3,medium,0,exact,0,-1,"complexity_skip (complexity=1.57e+06, threshold=3.60e+05)"
g3_h7_k3_dmedium_s0.txt,3,7,3,medium,0,approx,0.002336,1,success
g3_h7_k3_dmedium_s1.txt,3,7,3,medium,1,exact,0,-1,"complexity_skip (complexity=1.57e+06, threshold=3.60e+05)"
g3_h7_k3_dmedium_s1.txt,3,7,3,medium,1,approx,0.002175,15,success
g3_h7_k3_dmedium_s2.txt,3,7,3,medium,2,exact,0,-1,"complexity_skip (complexity=1.57e+06, threshold=3.60e+05)"
g3_h7_k3_dmedium_s2.txt,3,7,3,medium,2,approx,0.002158,13,success
g3_h7_k3_dsparse_s0.txt,3,7,3,sparse,0,exact,0,-1,"complexity_skip (complexity=1.57e+06, threshold=3.60e+05)"
g3_h7_k3_dsparse_s0.txt,3,7,3,sparse,0,approx,0.002161,0,success
g3_h7_k3_dsparse_s1.txt,3,7,3,sparse,1,exact,0,-1,"complexity_skip (complexity=1.57e+06, threshold=3.60e+05)"
g3_h7_k3_dsparse_s1.txt,3,7,3,sparse,1,approx,0.002355,0,success
g3_h7_k3_dsparse_s2.txt,3,7,3,sparse,2,exact,0,-1,"complexity_skip (complexity=1.57e+06, threshold=3.60e+05)"
g3_h7_k3_dsparse_s2.txt,3,7,3,sparse,2,approx,0.002248,12,success
g2_h6_k6_ddense_s0.txt,2,6,6,dense,0,exact,0,-1,"complexity_skip (complexity=1.62e+06, threshold=3.60e+05)"
g2_h6_k6_ddense_s0.txt,2,6,6,dense,0,approx,0.002417,9,success
g2_h6_k6_ddense_s1.txt,2,6,6,dense,1,exact,0,-1,"complexity_skip (complexity=1.62e+06, threshold=3.60e+05)"
g2_h6_k6_ddense_s1.txt,2,6,6,dense,1,approx,0.002672,7,success
g2_h6_k6_ddense_s2.txt,2,6,6,dense,2,exact,0,-1,"complexity_skip (complexity=1.62e+06, threshold=3.60e+05)"
g2_h6_k6_ddense_s2.txt,2,6,6,dense,2,approx,0.002310,8,success
g2_h6_k6_dmedium_s0.txt,2,6,6,medium,0,exact,0,-1,"complexity_skip (complexity=1.62e+06, threshold=3.60e+05)"
g2_h6_k6_dmedium_s0.txt,2,6,6,medium,0,approx,0.002272,14,success
g2_h6_k6_dmedium_s1.txt,2,6,6,medium,1,exact,0,-1,"complexity_skip (complexity=1.62e+06, threshold=3.60e+05)"
g2_h6_k6_dmedium_s1.txt,2,6,6,medium,1,approx,0.002359,0,success
g2_h6_k6_dmedium_s2.txt,2,6,6,medium,2,exact,0,-1,"complexity_skip (complexity=1.62e+06, threshold=3.60e+05)"
g2_h6_k6_dmedium_s2.txt,2,6,6,medium,2,approx,0.003004,14,success
g2_h6_k6_dsparse_s0.txt,2,6,6,sparse,0,exact,0,-1,"complexity_skip (complexity=1.62e+06, threshold=3.60e+05)"
g2_h6_k6_dsparse_s0.txt,2,6,6,sparse,0,approx,0.002637,0,success
g2_h6_k6_dsparse_s1.txt,2,6,6,sparse,1,exact,0,-1,"complexity_skip (complexity=1.62e+06, threshold=3.60e+05)"
g2_h6_k6_dsparse_s1.txt,2,6,6,sparse,1,approx,0.002512,0,success
g2_h6_k6_dsparse_s2.txt,2,6,6,sparse,2,exact,0,-1,"complexity_skip (complexity=1.62e+06, threshold=3.60e+05)"
g2_h6_k6_dsparse_s2.txt,2,6,6,sparse,2,approx,0.003061,5,success
g5_h20_k1_ddense_s0.txt,5,20,1,dense,0,exact,0,-1,"complexity_skip (complexity=1.86e+06, threshold=3.60e+05)"
g5_h20_k1_ddense_s0.txt,5,20,1,dense,0,approx,0.003586,15,success
g5_h20_k1_ddense_s1.txt,5,20,1,dense,1,exact,0,-1,"complexity_skip (complexity=1.86e+06, threshold=3.60e+05)"
g5_h20_k1_ddense_s1.txt,5,20,1,dense,1,approx,0.003404,15,success
g5_h20_k1_ddense_s2.txt,5,20,1,dense,2,exact,0,-1,"complexity_skip (complexity=1.86e+06, threshold=3.60e+05)"
g5_h20_k1_ddense_s2.txt,5,20,1,dense,2,approx,0.002689,15,success
g5_h20_k1_dmedium_s0.txt,5,20,1,medium,0,exact,0,-1,"complexity_skip (complexity=1.86e+06, threshold=3.60e+05)"
g5_h20_k1_dmedium_s0.txt,5,20,1,medium,0,approx,0.002536,9,success
g5_h20_k1_dmedium_s1.txt,5,20,1,medium,1,exact,0,-1,"complexity_skip (complexity=1.86e+06, threshold=3.60e+05)"
g5_h20_k1_dmedium_s1.txt,5,20,1,medium,1,approx,0.002860,9,success
g5_h20_k1_dmedium_s2.txt,5,20,1,medium,2,exact,0,-1,"complexity_skip (complexity=1.86e+06, threshold=3.60e+05)"
g5_h20_k1_dmedium_s2.txt,5,20,1,medium,2,approx,0.003022,5,success
g5_h20_k1_dsparse_s0.txt,5,20,1,sparse,0,exact,0,-1,"complexity_skip (complexity=1.86e+06, threshold=3.60e+05)"
g5_h20_k1_dsparse_s0.txt,5,20,1,sparse,0,approx,0.003742,5,success
g5_h20_k1_dsparse_s1.txt,5,20,1,sparse,1,exact,0,-1,"complexity_skip (complexity=1.86e+06, threshold=3.60e+05)"
g5_h20_k1_dsparse_s1.txt,5,20,1,sparse,1,approx,0.006684,4,success
g5_h20_k1_dsparse_s2.txt,5,20,1,sparse,2,exact,0,-1,"complexity_skip (complexity=1.86e+06, threshold=3.60e+05)"
g5_h20_k1_dsparse_s2.txt,5,20,1,sparse,2,approx,0.003988,13,success
g3_h4_k7_ddense_s0.txt,3,4,7,dense,0,exact,0,-1,"complexity_skip (complexity=2.04e+06, threshold=3.60e+05)"
g3_h4_k7_ddense_s0.txt,3,4,7,dense,0,approx,0.003013,24,success
g3_h4_k7_ddense_s1.txt,3,4,7,dense,1,exact,0,-1,"complexity_skip (complexity=2.04e+06, threshold=3.60e+05)"
g3_h4_k7_ddense_s1.txt,3,4,7,dense,1,approx,0.002444,8,success
g3_h4_k7_ddense_s2.txt,3,4,7,dense,2,exact,0,-1,"complexity_skip (complexity=2.04e+06, threshold=3.60e+05)"
g3_h4_k7_ddense_s2.txt,3,4,7,dense,2,approx,0.002587,17,success
g3_h4_k7_dmedium_s0.txt,3,4,7,medium,0,exact,0,-1,"complexity_skip (complexity=2.04e+06, threshold=3.60e+05)"
g3_h4_k7_dmedium_s0.txt,3,4,7,medium,0,approx,0.002675,19,success
g3_h4_k7_dmedium_s1.txt,3,4,7,medium,1,exact,0,-1,"complexity_skip (complexity=2.04e+06, threshold=3.60e+05)"
g3_h4_k7_dmedium_s1.txt,3,4,7,medium,1,approx,0.002927,8,success
g3_h4_k7_dmedium_s2.txt,3,4,7,medium,2,exact,0,-1,"complexity_skip (complexity=2.04e+06, threshold=3.60e+05)"
g3_h4_k7_dmedium_s2.txt,3,4,7,medium,2,approx,0.003116,13,success
g3_h4_k7_dsparse_s0.txt,3,4,7,sparse,0,exact,0,-1,"complexity_skip (complexity=2.04e+06, threshold=3.60e+05)"
g3_h4_k7_dsparse_s0.txt,3,4,7,sparse,0,approx,0.002690,0,success
g3_h4_k7_dsparse_s1.txt,3,4,7,sparse,1,exact,0,-1,"complexity_skip (complexity=2.04e+06, threshold=3.60e+05)"
g3_h4_k7_dsparse_s1.txt,3,4,7,sparse,1,approx,0.002426,0,success
g3_h4_k7_dsparse_s2.txt,3,4,7,sparse,2,exact,0,-1,"complexity_skip (complexity=2.04e+06, threshold=3.60e+05)"
g3_h4_k7_dsparse_s2.txt,3,4,7,sparse,2,approx,0.002414,10,success
g2_h5_k8_ddense_s0.txt,2,5,8,dense,0,exact,0,-1,"complexity_skip (complexity=2.22e+06, threshold=3.60e+05)"
g2_h5_k8_ddense_s0.txt,2,5,8,dense,0,approx,0.002663,11,success
g2_h5_k8_ddense_s1.txt,2,5,8,dense,1,exact,0,-1,"complexity_skip (complexity=2.22e+06, threshold=3.60e+05)"
g2_h5_k8_ddense_s1.txt,2,5,8,dense,1,approx,0.002596,4,success
g2_h5_k8_ddense_s2.txt,2,5,8,dense,2,exact,0,-1,"complexity_skip (complexity=2.22e+06, threshold=3.60e+05)"
g2_h5_k8_ddense_s2.txt,2,5,8,dense,2,approx,0.002568,10,success
g2_h5_k8_dmedium_s0.txt,2,5,8,medium,0,exact,0,-1,"complexity_skip (complexity=2.22e+06, threshold=3.60e+05)"
g2_h5_k8_dmedium_s0.txt,2,5,8,medium,0,approx,0.002328,23,success
g2_h5_k8_dmedium_s1.txt,2,5,8,medium,1,exact,0,-1,"complexity_skip (complexity=2.22e+06, threshold=3.60e+05)"
g2_h5_k8_dmedium_s1.txt,2,5,8,medium,1,approx,0.002326,24,success
g2_h5_k8_dmedium_s2.txt,2,5,8,medium,2,exact,0,-1,"complexity_skip (complexity=2.22e+06, threshold=3.60e+05)"
g2_h5_k8_dmedium_s2.txt,2,5,8,medium,2,approx,0.002384,12,success
g2_h5_k8_dsparse_s0.txt,2,5,8,sparse,0,exact,0,-1,"complexity_skip (complexity=2.22e+06, threshold=3.60e+05)"
g2_h5_k8_dsparse_s0.txt,2,5,8,sparse,0,approx,0.002743,0,success
g2_h5_k8_dsparse_s1.txt,2,5,8,sparse,1,exact,0,-1,"complexity_skip (complexity=2.22e+06, threshold=3.60e+05)"
g2_h5_k8_dsparse_s1.txt,2,5,8,sparse,1,approx,0.002456,0,success
g2_h5_k8_dsparse_s2.txt,2,5,8,sparse,2,exact,0,-1,"complexity_skip (complexity=2.22e+06, threshold=3.60e+05)"
g2_h5_k8_dsparse_s2.txt,2,5,8,sparse,2,approx,0.002595,0,success
g5_h7_k2_ddense_s0.txt,5,7,2,dense,0,exact,0,-1,"complexity_skip (complexity=3.18e+06, threshold=3.60e+05)"
g5_h7_k2_ddense_s0.txt,5,7,2,dense,0,approx,0.002355,20,success
g5_h7_k2_ddense_s1.txt,5,7,2,dense,1,exact,0,-1,"complexity_skip (complexity=3.18e+06, threshold=3.60e+05)"
g5_h7_k2_ddense_s1.txt,5,7,2,dense,1,approx,0.002305,16,success
g5_h7_k2_ddense_s2.txt,5,7,2,dense,2,exact,0,-1,"complexity_skip (complexity=3.18e+06, threshold=3.60e+05)"
g5_h7_k2_ddense_s2.txt,5,7,2,dense,2,approx,0.002414,13,success
g5_h7_k2_dmedium_s0.txt,5,7,2,medium,0,exact,0,-1,"complexity_skip (complexity=3.18e+06, threshold=3.60e+05)"
g5_h7_k2_dmedium_s0.txt,5,7,2,medium,0,approx,0.002715,19,success
g5_h7_k2_dmedium_s1.txt,5,7,2,medium,1,exact,0,-1,"complexity_skip (complexity=3.18e+06, threshold=3.60e+05)"
g5_h7_k2_dmedium_s1.txt,5,7,2,medium,1,approx,0.002617,27,success
g5_h7_k2_dmedium_s2.txt,5,7,2,medium,2,exact,0,-1,"complexity_skip (complexity=3.18e+06, threshold=3.60e+05)"
g5_h7_k2_dmedium_s2.txt,5,7,2,medium,2,approx,0.002580,20,success
g5_h7_k2_dsparse_s0.txt,5,7,2,sparse,0,exact,0,-1,"complexity_skip (complexity=3.18e+06, threshold=3.60e+05)"
g5_h7_k2_dsparse_s0.txt,5,7,2,sparse,0,approx,0.002709,6,success
g5_h7_k2_dsparse_s1.txt,5,7,2,sparse,1,exact,0,-1,"complexity_skip (complexity=3.18e+06, threshold=3.60e+05)"
g5_h7_k2_dsparse_s1.txt,5,7,2,sparse,1,approx,0.002415,16,success
g5_h7_k2_dsparse_s2.txt,5,7,2,sparse,2,exact,0,-1,"complexity_skip (complexity=3.18e+06, threshold=3.60e+05)"
g5_h7_k2_dsparse_s2.txt,5,7,2,sparse,2,approx,0.002457,5,success
g6_h15_k1_ddense_s0.txt,6,15,1,dense,0,exact,0,-1,"complexity_skip (complexity=3.60e+06, threshold=3.60e+05)"
g6_h15_k1_ddense_s0.txt,6,15,1,dense,0,approx,0.002551,17,success
g6_h15_k1_ddense_s1.txt,6,15,1,dense,1,exact,0,-1,"complexity_skip (complexity=3.60e+06, threshold=3.60e+05)"
g6_h15_k1_ddense_s1.txt,6,15,1,dense,1,approx,0.002537,12,success
g6_h15_k1_ddense_s2.txt,6,15,1,dense,2,exact,0,-1,"complexity_skip (complexity=3.60e+06, threshold=3.60e+05)"
g6_h15_k1_ddense_s2.txt,6,15,1,dense,2,approx,0.002505,14,success
g6_h15_k1_dmedium_s0.txt,6,15,1,medium,0,exact,0,-1,"complexity_skip (complexity=3.60e+06, threshold=3.60e+05)"
g6_h15_k1_dmedium_s0.txt,6,15,1,medium,0,approx,0.002401,20,success
g6_h15_k1_dmedium_s1.txt,6,15,1,medium,1,exact,0,-1,"complexity_skip (complexity=3.60e+06, threshold=3.60e+05)"
g6_h15_k1_dmedium_s1.txt,6,15,1,medium,1,approx,0.002463,17,success
g6_h15_k1_dmedium_s2.txt,6,15,1,medium,2,exact,0,-1,"complexity_skip (complexity=3.60e+06, threshold=3.60e+05)"
g6_h15_k1_dmedium_s2.txt,6,15,1,medium,2,approx,0.002705,24,success
g6_h15_k1_dsparse_s0.txt,6,15,1,sparse,0,exact,0,-1,"complexity_skip (complexity=3.60e+06, threshold=3.60e+05)"
g6_h15_k1_dsparse_s0.txt,6,15,1,sparse,0,approx,0.002609,20,success
g6_h15_k1_dsparse_s1.txt,6,15,1,sparse,1,exact,0,-1,"complexity_skip (complexity=3.60e+06, threshold=3.60e+05)"
g6_h15_k1_dsparse_s1.txt,6,15,1,sparse,1,approx,0.002603,3,success
g6_h15_k1_dsparse_s2.txt,6,15,1,sparse,2,exact,0,-1,"complexity_skip (complexity=3.60e+06, threshold=3.60e+05)"
g6_h15_k1_dsparse_s2.txt,6,15,1,sparse,2,approx,0.002479,13,success
g2_h8_k5_ddense_s0.txt,2,8,5,dense,0,exact,0,-1,"complexity_skip (complexity=5.46e+06, threshold=3.60e+05)"
g2_h8_k5_ddense_s0.txt,2,8,5,dense,0,approx,0.002388,4,success
g2_h8_k5_ddense_s1.txt,2,8,5,dense,1,exact,0,-1,"complexity_skip (complexity=5.46e+06, threshold=3.60e+05)"
g2_h8_k5_ddense_s1.txt,2,8,5,dense,1,approx,0.002550,11,success
g2_h8_k5_ddense_s2.txt,2,8,5,dense,2,exact,0,-1,"complexity_skip (complexity=5.46e+06, threshold=3.60e+05)"
g2_h8_k5_ddense_s2.txt,2,8,5,dense,2,approx,0.002750,6,success
g2_h8_k5_dmedium_s0.txt,2,8,5,medium,0,exact,0,-1,"complexity_skip (complexity=5.46e+06, threshold=3.60e+05)"
g2_h8_k5_dmedium_s0.txt,2,8,5,medium,0,approx,0.002522,3,success
g2_h8_k5_dmedium_s1.txt,2,8,5,medium,1,exact,0,-1,"complexity_skip (complexity=5.46e+06, threshold=3.60e+05)"
g2_h8_k5_dmedium_s1.txt,2,8,5,medium,1,approx,0.002394,9,success
g2_h8_k5_dmedium_s2.txt,2,8,5,medium,2,exact,0,-1,"complexity_skip (complexity=5.46e+06, threshold=3.60e+05)"
g2_h8_k5_dmedium_s2.txt,2,8,5,medium,2,approx,0.002369,10,success
g2_h8_k5_dsparse_s0.txt,2,8,5,sparse,0,exact,0,-1,"complexity_skip (complexity=5.46e+06, threshold=3.60e+05)"
g2_h8_k5_dsparse_s0.txt,2,8,5,sparse,0,approx,0.002478,0,success
g2_h8_k5_dsparse_s1.txt,2,8,5,sparse,1,exact,0,-1,"complexity_skip (complexity=5.46e+06, threshold=3.60e+05)"
g2_h8_k5_dsparse_s1.txt,2,8,5,sparse,1,approx,0.002709,5,success
g2_h8_k5_dsparse_s2.txt,2,8,5,sparse,2,exact,0,-1,"complexity_skip (complexity=5.46e+06, threshold=3.60e+05)"
g2_h8_k5_dsparse_s2.txt,2,8,5,sparse,2,approx,0.002692,0,success
g2_h5_k9_ddense_s0.txt,2,5,9,dense,0,exact,0,-1,"complexity_skip (complexity=6.91e+06, threshold=3.60e+05)"
g2_h5_k9_ddense_s0.txt,2,5,9,dense,0,approx,0.002431,24,success
g2_h5_k9_ddense_s1.txt,2,5,9,dense,1,exact,0,-1,"complexity_skip (complexity=6.91e+06, threshold=3.60e+05)"
g2_h5_k9_ddense_s1.txt,2,5,9,dense,1,approx,0.002483,4,success
g2_h5_k9_ddense_s2.txt,2,5,9,dense,2,exact,0,-1,"complexity_skip (complexity=6.91e+06, threshold=3.60e+05)"
g2_h5_k9_ddense_s2.txt,2,5,9,dense,2,approx,0.002428,25,success
g2_h5_k9_dmedium_s0.txt,2,5,9,medium,0,exact,0,-1,"complexity_skip (complexity=6.91e+06, threshold=3.60e+05)"
g2_h5_k9_dmedium_s0.txt,2,5,9,medium,0,approx,0.002714,25,success
g2_h5_k9_dmedium_s1.txt,2,5,9,medium,1,exact,0,-1,"complexity_skip (complexity=6.91e+06, threshold=3.60e+05)"
g2_h5_k9_dmedium_s1.txt,2,5,9,medium,1,approx,0.002545,17,success
g2_h5_k9_dmedium_s2.txt,2,5,9,medium,2,exact,0,-1,"complexity_skip (complexity=6.91e+06, threshold=3.60e+05)"
g2_h5_k9_dmedium_s2.txt,2,5,9,medium,2,approx,0.004036,14,success
g2_h5_k9_dsparse_s0.txt,2,5,9,sparse,0,exact,0,-1,"complexity_skip (complexity=6.91e+06, threshold=3.60e+05)"
g2_h5_k9_dsparse_s0.txt,2,5,9,sparse,0,approx,0.002558,15,success
g2_h5_k9_dsparse_s1.txt,2,5,9,sparse,1,exact,0,-1,"complexity_skip (complexity=6.91e+06, threshold=3.60e+05)"
g2_h5_k9_dsparse_s1.txt,2,5,9,sparse,1,approx,0.002303,9,success
g2_h5_k9_dsparse_s2.txt,2,5,9,sparse,2,exact,0,-1,"complexity_skip (complexity=6.91e+06, threshold=3.60e+05)"
g2_h5_k9_dsparse_s2.txt,2,5,9,sparse,2,approx,0.002595,18,success
g4_h6_k3_ddense_s0.txt,4,6,3,dense,0,exact,0,-1,"complexity_skip (complexity=7.84e+06, threshold=3.60e+05)"
g4_h6_k3_ddense_s0.txt,4,6,3,dense,0,approx,0.002543,9,success
g4_h6_k3_ddense_s1.txt,4,6,3,dense,1,exact,0,-1,"complexity_skip (complexity=7.84e+06, threshold=3.60e+05)"
g4_h6_k3_ddense_s1.txt,4,6,3,dense,1,approx,0.002370,13,success
g4_h6_k3_ddense_s2.txt,4,6,3,dense,2,exact,0,-1,"complexity_skip (complexity=7.84e+06, threshold=3.60e+05)"
g4_h6_k3_ddense_s2.txt,4,6,3,dense,2,approx,0.002398,27,success
g4_h6_k3_dmedium_s0.txt,4,6,3,medium,0,exact,0,-1,"complexity_skip (complexity=7.84e+06, threshold=3.60e+05)"
g4_h6_k3_dmedium_s0.txt,4,6,3,medium,0,approx,0.002420,29,success
g4_h6_k3_dmedium_s1.txt,4,6,3,medium,1,exact,0,-1,"complexity_skip (complexity=7.84e+06, threshold=3.60e+05)"
g4_h6_k3_dmedium_s1.txt,4,6,3,medium,1,approx,0.002343,20,success
g4_h6_k3_dmedium_s2.txt,4,6,3,medium,2,exact,0,-1,"complexity_skip (complexity=7.84e+06, threshold=3.60e+05)"
g4_h6_k3_dmedium_s2.txt,4,6,3,medium,2,approx,0.002417,16,success
g4_h6_k3_dsparse_s0.txt,4,6,3,sparse,0,exact,0,-1,"complexity_skip (complexity=7.84e+06, threshold=3.60e+05)"
g4_h6_k3_dsparse_s0.txt,4,6,3,sparse,0,approx,0.002546,2,success
g4_h6_k3_dsparse_s1.txt,4,6,3,sparse,1,exact,0,-1,"complexity_skip (complexity=7.84e+06, threshold=3.60e+05)"
g4_h6_k3_dsparse_s1.txt,4,6,3,sparse,1,approx,0.002576,6,success
g4_h6_k3_dsparse_s2.txt,4,6,3,sparse,2,exact,0,-1,"complexity_skip (complexity=7.84e+06, threshold=3.60e+05)"
g4_h6_k3_dsparse_s2.txt,4,6,3,sparse,2,approx,0.002419,4,success
g3_h4_k8_ddense_s0.txt,3,4,8,dense,0,exact,0,-1,"complexity_skip (complexity=7.89e+06, threshold=3.60e+05)"
g3_h4_k8_ddense_s0.txt,3,4,8,dense,0,approx,0.002389,32,success
g3_h4_k8_ddense_s1.txt,3,4,8,dense,1,exact,0,-1,"complexity_skip (complexity=7.89e+06, threshold=3.60e+05)"
g3_h4_k8_ddense_s1.txt,3,4,8,dense,1,approx,0.002356,19,success
g3_h4_k8_ddense_s2.txt,3,4,8,dense,2,exact,0,-1,"complexity_skip (complexity=7.89e+06, threshold=3.60e+05)"
g3_h4_k8_ddense_s2.txt,3,4,8,dense,2,approx,0.002611,23,success
g3_h4_k8_dmedium_s0.txt,3,4,8,medium,0,exact,0,-1,"complexity_skip (complexity=7.89e+06, threshold=3.60e+05)"
g3_h4_k8_dmedium_s0.txt,3,4,8,medium,0,approx,0.002468,26,success
g3_h4_k8_dmedium_s1.txt,3,4,8,medium,1,exact,0,-1,"complexity_skip (complexity=7.89e+06, threshold=3.60e+05)"
g3_h4_k8_dmedium_s1.txt,3,4,8,medium,1,approx,0.002504,31,success
g3_h4_k8_dmedium_s2.txt,3,4,8,medium,2,exact,0,-1,"complexity_skip (complexity=7.89e+06, threshold=3.60e+05)"
g3_h4_k8_dmedium_s2.txt,3,4,8,medium,2,approx,0.002312,12,success
g3_h4_k8_dsparse_s0.txt,3,4,8,sparse,0,exact,0,-1,"complexity_skip (complexity=7.89e+06, threshold=3.60e+05)"
g3_h4_k8_dsparse_s0.txt,3,4,8,sparse,0,approx,0.002374,0,success
g3_h4_k8_dsparse_s1.txt,3,4,8,sparse,1,exact,0,-1,"complexity_skip (complexity=7.89e+06, threshold=3.60e+05)"
g3_h4_k8_dsparse_s1.txt,3,4,8,sparse,1,approx,0.002445,0,success
g3_h4_k8_dsparse_s2.txt,3,4,8,sparse,2,exact,0,-1,"complexity_skip (complexity=7.89e+06, threshold=3.60e+05)"
g3_h4_k8_dsparse_s2.txt,3,4,8,sparse,2,approx,0.002631,26,success
g2_h6_k7_ddense_s0.txt,2,6,7,dense,0,exact,0,-1,"complexity_skip (complexity=8.35e+06, threshold=3.60e+05)"
g2_h6_k7_ddense_s0.txt,2,6,7,dense,0,approx,0.002501,17,success
g2_h6_k7_ddense_s1.txt,2,6,7,dense,1,exact,0,-1,"complexity_skip (complexity=8.35e+06, threshold=3.60e+05)"
g2_h6_k7_ddense_s1.txt,2,6,7,dense,1,approx,0.002588,19,success
g2_h6_k7_ddense_s2.txt,2,6,7,dense,2,exact,0,-1,"complexity_skip (complexity=8.35e+06, threshold=3.60e+05)"
g2_h6_k7_ddense_s2.txt,2,6,7,dense,2,approx,0.002399,16,success
g2_h6_k7_dmedium_s0.txt,2,6,7,medium,0,exact,0,-1,"complexity_skip (complexity=8.35e+06, threshold=3.60e+05)"
g2_h6_k7_dmedium_s0.txt,2,6,7,medium,0,approx,0.002318,0,success
g2_h6_k7_dmedium_s1.txt,2,6,7,medium,1,exact,0,-1,"complexity_skip (complexity=8.35e+06, threshold=3.60e+05)"
g2_h6_k7_dmedium_s1.txt,2,6,7,medium,1,approx,0.002371,20,success
g2_h6_k7_dmedium_s2.txt,2,6,7,medium,2,exact,0,-1,"complexity_skip (complexity=8.35e+06, threshold=3.60e+05)"
g2_h6_k7_dmedium_s2.txt,2,6,7,medium,2,approx,0.002738,12,success
g2_h6_k7_dsparse_s0.txt,2,6,7,sparse,0,exact,0,-1,"complexity_skip (complexity=8.35e+06, threshold=3.60e+05)"
g2_h6_k7_dsparse_s0.txt,2,6,7,sparse,0,approx,0.002410,0,success
g2_h6_k7_dsparse_s1.txt,2,6,7,sparse,1,exact,0,-1,"complexity_skip (complexity=8.35e+06, threshold=3.60e+05)"
g2_h6_k7_dsparse_s1.txt,2,6,7,sparse,1,approx,0.002579,7,success
g2_h6_k7_dsparse_s2.txt,2,6,7,sparse,2,exact,0,-1,"complexity_skip (complexity=8.35e+06, threshold=3.60e+05)"
g2_h6_k7_dsparse_s2.txt,2,6,7,sparse,2,approx,0.002277,4,success
g3_h6_k4_ddense_s0.txt,3,6,4,dense,0,exact,0,-1,"complexity_skip (complexity=9.08e+06, threshold=3.60e+05)"
g3_h6_k4_ddense_s0.txt,3,6,4,dense,0,approx,0.002409,9,success
g3_h6_k4_ddense_s1.txt,3,6,4,dense,1,exact,0,-1,"complexity_skip (complexity=9.08e+06, threshold=3.60e+05)"
g3_h6_k4_ddense_s1.txt,3,6,4,dense,1,approx,0.002377,18,success
g3_h6_k4_ddense_s2.txt,3,6,4,dense,2,exact,0,-1,"complexity_skip (complexity=9.08e+06, threshold=3.60e+05)"
g3_h6_k4_ddense_s2.txt,3,6,4,dense,2,approx,0.002690,9,success
g3_h6_k4_dmedium_s0.txt,3,6,4,medium,0,exact,0,-1,"complexity_skip (complexity=9.08e+06, threshold=3.60e+05)"
g3_h6_k4_dmedium_s0.txt,3,6,4,medium,0,approx,0.002430,19,success
g3_h6_k4_dmedium_s1.txt,3,6,4,medium,1,exact,0,-1,"complexity_skip (complexity=9.08e+06, threshold=3.60e+05)"
g3_h6_k4_dmedium_s1.txt,3,6,4,medium,1,approx,0.002457,6,success
g3_h6_k4_dmedium_s2.txt,3,6,4,medium,2,exact,0,-1,"complexity_skip (complexity=9.08e+06, threshold=3.60e+05)"
g3_h6_k4_dmedium_s2.txt,3,6,4,medium,2,approx,0.002567,11,success
g3_h6_k4_dsparse_s0.txt,3,6,4,sparse,0,exact,0,-1,"complexity_skip (complexity=9.08e+06, threshold=3.60e+05)"
g3_h6_k4_dsparse_s0.txt,3,6,4,sparse,0,approx,0.002401,0,success
g3_h6_k4_dsparse_s1.txt,3,6,4,sparse,1,exact,0,-1,"complexity_skip (complexity=9.08e+06, threshold=3.60e+05)"
g3_h6_k4_dsparse_s1.txt,3,6,4,sparse,1,approx,0.002343,11,success
g3_h6_k4_dsparse_s2.txt,3,6,4,sparse,2,exact,0,-1,"complexity_skip (complexity=9.08e+06, threshold=3.60e+05)"
g3_h6_k4_dsparse_s2.txt,3,6,4,sparse,2,approx,0.002826,14,success
g4_h10_k2_ddense_s0.txt,4,10,2,dense,0,exact,0,-1,"complexity_skip (complexity=1.27e+07, threshold=3.60e+05)"
g4_h10_k2_ddense_s0.txt,4,10,2,dense,0,approx,0.002507,10,success
g4_h10_k2_ddense_s1.txt,4,10,2,dense,1,exact,0,-1,"complexity_skip (complexity=1.27e+07, threshold=3.60e+05)"
g4_h10_k2_ddense_s1.txt,4,10,2,dense,1,approx,0.002468,11,success
g4_h10_k2_ddense_s2.txt,4,10,2,dense,2,exact,0,-1,"complexity_skip (complexity=1.27e+07, threshold=3.60e+05)"
g4_h10_k2_ddense_s2.txt,4,10,2,dense,2,approx,0.002426,10,success
g4_h10_k2_dmedium_s0.txt,4,10,2,medium,0,exact,0,-1,"complexity_skip (complexity=1.27e+07, threshold=3.60e+05)"
g4_h10_k2_dmedium_s0.txt,4,10,2,medium,0,approx,0.002519,17,success
g4_h10_k2_dmedium_s1.txt,4,10,2,medium,1,exact,0,-1,"complexity_skip (complexity=1.27e+07, threshold=3.60e+05)"
g4_h10_k2_dmedium_s1.txt,4,10,2,medium,1,approx,0.002478,9,success
g4_h10_k2_dmedium_s2.txt,4,10,2,medium,2,exact,0,-1,"complexity_skip (complexity=1.27e+07, threshold=3.60e+05)"
g4_h10_k2_dmedium_s2.txt,4,10,2,medium,2,approx,0.002736,12,success
g4_h10_k2_dsparse_s0.txt,4,10,2,sparse,0,exact,0,-1,"complexity_skip (complexity=1.27e+07, threshold=3.60e+05)"
g4_h10_k2_dsparse_s0.txt,4,10,2,sparse,0,approx,0.002551,10,success
g4_h10_k2_dsparse_s1.txt,4,10,2,sparse,1,exact,0,-1,"complexity_skip (complexity=1.27e+07, threshold=3.60e+05)"
g4_h10_k2_dsparse_s1.txt,4,10,2,sparse,1,approx,0.002411,19,success
g4_h10_k2_dsparse_s2.txt,4,10,2,sparse,2,exact,0,-1,"complexity_skip (complexity=1.27e+07, threshold=3.60e+05)"
g4_h10_k2_dsparse_s2.txt,4,10,2,sparse,2,approx,0.002335,6,success
g6_h18_k1_ddense_s0.txt,6,18,1,dense,0,exact,0,-1,"complexity_skip (complexity=1.34e+07, threshold=3.60e+05)"
g6_h18_k1_ddense_s0.txt,6,18,1,dense,0,approx,0.002475,15,success
g6_h18_k1_ddense_s1.txt,6,18,1,dense,1,exact,0,-1,"complexity_skip (complexity=1.34e+07, threshold=3.60e+05)"
g6_h18_k1_ddense_s1.txt,6,18,1,dense,1,approx,0.002649,23,success
g6_h18_k1_ddense_s2.txt,6,18,1,dense,2,exact,0,-1,"complexity_skip (complexity=1.34e+07, threshold=3.60e+05)"
g6_h18_k1_ddense_s2.txt,6,18,1,dense,2,approx,0.002594,18,success
g6_h18_k1_dmedium_s0.txt,6,18,1,medium,0,exact,0,-1,"complexity_skip (complexity=1.34e+07, threshold=3.60e+05)"
g6_h18_k1_dmedium_s0.txt,6,18,1,medium,0,approx,0.002484,16,success
g6_h18_k1_dmedium_s1.txt,6,18,1,medium,1,exact,0,-1,"complexity_skip (complexity=1.34e+07, threshold=3.60e+05)"
g6_h18_k1_dmedium_s1.txt,6,18,1,medium,1,approx,0.002510,26,success
g6_h18_k1_dmedium_s2.txt,6,18,1,medium,2,exact,0,-1,"complexity_skip (complexity=1.34e+07, threshold=3.60e+05)"
g6_h18_k1_dmedium_s2.txt,6,18,1,medium,2,approx,0.002782,14,success
g6_h18_k1_dsparse_s0.txt,6,18,1,sparse,0,exact,0,-1,"complexity_skip (complexity=1.34e+07, threshold=3.60e+05)"
g6_h18_k1_dsparse_s0.txt,6,18,1,sparse,0,approx,0.002511,15,success
g6_h18_k1_dsparse_s1.txt,6,18,1,sparse,1,exact,0,-1,"complexity_skip (complexity=1.34e+07, threshold=3.60e+05)"
g6_h18_k1_dsparse_s1.txt,6,18,1,sparse,1,approx,0.002728,17,success
g6_h18_k1_dsparse_s2.txt,6,18,1,sparse,2,exact,0,-1,"complexity_skip (complexity=1.34e+07, threshold=3.60e+05)"
g6_h18_k1_dsparse_s2.txt,6,18,1,sparse,2,approx,0.002443,15,success
g7_h14_k1_ddense_s0.txt,7,14,1,dense,0,approx,0.002385,31,success
g7_h14_k1_ddense_s1.txt,7,14,1,dense,1,approx,0.002438,26,success
g7_h14_k1_ddense_s2.txt,7,14,1,dense,2,approx,0.002375,36,success
g7_h14_k1_dmedium_s0.txt,7,14,1,medium,0,approx,0.002519,35,success
g7_h14_k1_dmedium_s1.txt,7,14,1,medium,1,approx,0.003159,25,success
g7_h14_k1_dmedium_s2.txt,7,14,1,medium,2,approx,0.002673,44,success
g7_h14_k1_dsparse_s0.txt,7,14,1,sparse,0,approx,0.002590,12,success
g7_h14_k1_dsparse_s1.txt,7,14,1,sparse,1,approx,0.002388,8,success
g7_h14_k1_dsparse_s2.txt,7,14,1,sparse,2,approx,0.002563,11,success
g8_h12_k1_ddense_s0.txt,8,12,1,dense,0,approx,0.002548,30,success
g8_h12_k1_ddense_s1.txt,8,12,1,dense,1,approx,0.002544,37,success
g8_h12_k1_ddense_s2.txt,8,12,1,dense,2,approx,0.002626,33,success
g8_h12_k1_dmedium_s0.txt,8,12,1,medium,0,approx,0.002395,33,success
g8_h12_k1_dmedium_s1.txt,8,12,1,medium,1,approx,0.002355,41,success
g8_h12_k1_dmedium_s2.txt,8,12,1,medium,2,approx,0.002591,34,success
g8_h12_k1_dsparse_s0.txt,8,12,1,sparse,0,approx,0.002504,16,success
g8_h12_k1_dsparse_s1.txt,8,12,1,sparse,1,approx,0.002329,21,success
g8_h12_k1_dsparse_s2.txt,8,12,1,sparse,2,approx,0.002623,15,success
g2_h5_k10_ddense_s0.txt,2,5,10,dense,0,exact,0,-1,"complexity_skip (complexity=2.00e+07, threshold=3.60e+05)"
g2_h5_k10_ddense_s0.txt,2,5,10,dense,0,approx,0.002413,26,success
g2_h5_k10_ddense_s1.txt,2,5,10,dense,1,exact,0,-1,"complexity_skip (complexity=2.00e+07, threshold=3.60e+05)"
g2_h5_k10_ddense_s1.txt,2,5,10,dense,1,approx,0.002357,28,success
g2_h5_k10_ddense_s2.txt,2,5,10,dense,2,exact,0,-1,"complexity_skip (complexity=2.00e+07, threshold=3.60e+05)"
g2_h5_k10_ddense_s2.txt,2,5,10,dense,2,approx,0.002556,26,success
g2_h5_k10_dmedium_s0.txt,2,5,10,medium,0,exact,0,-1,"complexity_skip (complexity=2.00e+07, threshold=3.60e+05)"
g2_h5_k10_dmedium_s0.txt,2,5,10,medium,0,approx,0.002454,30,success
g2_h5_k10_dmedium_s1.txt,2,5,10,medium,1,exact,0,-1,"complexity_skip (complexity=2.00e+07, threshold=3.60e+05)"
g2_h5_k10_dmedium_s1.txt,2,5,10,medium,1,approx,0.002376,28,success
g2_h5_k10_dmedium_s2.txt,2,5,10,medium,2,exact,0,-1,"complexity_skip (complexity=2.00e+07, threshold=3.60e+05)"
g2_h5_k10_dmedium_s2.txt,2,5,10,medium,2,approx,0.002582,16,success
g2_h5_k10_dsparse_s0.txt,2,5,10,sparse,0,exact,0,-1,"complexity_skip (complexity=2.00e+07, threshold=3.60e+05)"
g2_h5_k10_dsparse_s0.txt,2,5,10,sparse,0,approx,0.002282,0,success
g2_h5_k10_dsparse_s1.txt,2,5,10,sparse,1,exact,0,-1,"complexity_skip (complexity=2.00e+07, threshold=3.60e+05)"
g2_h5_k10_dsparse_s1.txt,2,5,10,sparse,1,approx,0.002492,0,success
g2_h5_k10_dsparse_s2.txt,2,5,10,sparse,2,exact,0,-1,"complexity_skip (complexity=2.00e+07, threshold=3.60e+05)"
g2_h5_k10_dsparse_s2.txt,2,5,10,sparse,2,approx,0.002506,19,success
g3_h9_k3_ddense_s0.txt,3,9,3,dense,0,exact,0,-1,"complexity_skip (complexity=2.15e+07, threshold=3.60e+05)"
g3_h9_k3_ddense_s0.txt,3,9,3,dense,0,approx,0.002426,10,success
g3_h9_k3_ddense_s1.txt,3,9,3,dense,1,exact,0,-1,"complexity_skip (complexity=2.15e+07, threshold=3.60e+05)"
g3_h9_k3_ddense_s1.txt,3,9,3,dense,1,approx,0.002374,5,success
g3_h9_k3_ddense_s2.txt,3,9,3,dense,2,exact,0,-1,"complexity_skip (complexity=2.15e+07, threshold=3.60e+05)"
g3_h9_k3_ddense_s2.txt,3,9,3,dense,2,approx,0.002476,7,success
g3_h9_k3_dmedium_s0.txt,3,9,3,medium,0,exact,0,-1,"complexity_skip (complexity=2.15e+07, threshold=3.60e+05)"
g3_h9_k3_dmedium_s0.txt,3,9,3,medium,0,approx,0.002220,19,success
g3_h9_k3_dmedium_s1.txt,3,9,3,medium,1,exact,0,-1,"complexity_skip (complexity=2.15e+07, threshold=3.60e+05)"
g3_h9_k3_dmedium_s1.txt,3,9,3,medium,1,approx,0.002253,10,success
g3_h9_k3_dmedium_s2.txt,3,9,3,medium,2,exact,0,-1,"complexity_skip (complexity=2.15e+07, threshold=3.60e+05)"
g3_h9_k3_dmedium_s2.txt,3,9,3,medium,2,approx,0.002692,22,success
g3_h9_k3_dsparse_s0.txt,3,9,3,sparse,0,exact,0,-1,"complexity_skip (complexity=2.15e+07, threshold=3.60e+05)"
g3_h9_k3_dsparse_s0.txt,3,9,3,sparse,0,approx,0.002414,4,success
g3_h9_k3_dsparse_s1.txt,3,9,3,sparse,1,exact,0,-1,"complexity_skip (complexity=2.15e+07, threshold=3.60e+05)"
g3_h9_k3_dsparse_s1.txt,3,9,3,sparse,1,approx,0.002380,0,success
g3_h9_k3_dsparse_s2.txt,3,9,3,sparse,2,exact,0,-1,"complexity_skip (complexity=2.15e+07, threshold=3.60e+05)"
g3_h9_k3_dsparse_s2.txt,3,9,3,sparse,2,approx,0.002610,6,success
g3_h4_k9_ddense_s0.txt,3,4,9,dense,0,exact,0,-1,"complexity_skip (complexity=2.80e+07, threshold=3.60e+05)"
g3_h4_k9_ddense_s0.txt,3,4,9,dense,0,approx,0.002416,17,success
g3_h4_k9_ddense_s1.txt,3,4,9,dense,1,exact,0,-1,"complexity_skip (complexity=2.80e+07, threshold=3.60e+05)"
g3_h4_k9_ddense_s1.txt,3,4,9,dense,1,approx,0.002375,34,success
g3_h4_k9_ddense_s2.txt,3,4,9,dense,2,exact,0,-1,"complexity_skip (complexity=2.80e+07, threshold=3.60e+05)"
g3_h4_k9_ddense_s2.txt,3,4,9,dense,2,approx,0.002819,22,success
g3_h4_k9_dmedium_s0.txt,3,4,9,medium,0,exact,0,-1,"complexity_skip (complexity=2.80e+07, threshold=3.60e+05)"
g3_h4_k9_dmedium_s0.txt,3,4,9,medium,0,approx,0.002303,28,success
g3_h4_k9_dmedium_s1.txt,3,4,9,medium,1,exact,0,-1,"complexity_skip (complexity=2.80e+07, threshold=3.60e+05)"
g3_h4_k9_dmedium_s1.txt,3,4,9,medium,1,approx,0.002193,39,success
g3_h4_k9_dmedium_s2.txt,3,4,9,medium,2,exact,0,-1,"complexity_skip (complexity=2.80e+07, threshold=3.60e+05)"
g3_h4_k9_dmedium_s2.txt,3,4,9,medium,2,approx,0.002560,13,success
g3_h4_k9_dsparse_s0.txt,3,4,9,sparse,0,exact,0,-1,"complexity_skip (complexity=2.80e+07, threshold=3.60e+05)"
g3_h4_k9_dsparse_s0.txt,3,4,9,sparse,0,approx,0.002301,5,success
g3_h4_k9_dsparse_s1.txt,3,4,9,sparse,1,exact,0,-1,"complexity_skip (complexity=2.80e+07, threshold=3.60e+05)"
g3_h4_k9_dsparse_s1.txt,3,4,9,sparse,1,approx,0.002377,15,success
g3_h4_k9_dsparse_s2.txt,3,4,9,sparse,2,exact,0,-1,"complexity_skip (complexity=2.80e+07, threshold=3.60e+05)"
g3_h4_k9_dsparse_s2.txt,3,4,9,sparse,2,approx,0.002760,27,success
g2_h6_k8_ddense_s0.txt,2,6,8,dense,0,exact,0,-1,"complexity_skip (complexity=3.86e+07, threshold=3.60e+05)"
g2_h6_k8_ddense_s0.txt,2,6,8,dense,0,approx,0.002436,20,success
g2_h6_k8_ddense_s1.txt,2,6,8,dense,1,exact,0,-1,"complexity_skip (complexity=3.86e+07, threshold=3.60e+05)"
g2_h6_k8_ddense_s1.txt,2,6,8,dense,1,approx,0.002635,4,success
g2_h6_k8_ddense_s2.txt,2,6,8,dense,2,exact,0,-1,"complexity_skip (complexity=3.86e+07, threshold=3.60e+05)"
g2_h6_k8_ddense_s2.txt,2,6,8,dense,2,approx,0.002332,16,success
g2_h6_k8_dmedium_s0.txt,2,6,8,medium,0,exact,0,-1,"complexity_skip (complexity=3.86e+07, threshold=3.60e+05)"
g2_h6_k8_dmedium_s0.txt,2,6,8,medium,0,approx,0.002367,16,success
g2_h6_k8_dmedium_s1.txt,2,6,8,medium,1,exact,0,-1,"complexity_skip (complexity=3.86e+07, threshold=3.60e+05)"
g2_h6_k8_dmedium_s1.txt,2,6,8,medium,1,approx,0.002343,4,success
g2_h6_k8_dmedium_s2.txt,2,6,8,medium,2,exact,0,-1,"complexity_skip (complexity=3.86e+07, threshold=3.60e+05)"
g2_h6_k8_dmedium_s2.txt,2,6,8,medium,2,approx,0.002443,0,success
g2_h6_k8_dsparse_s0.txt,2,6,8,sparse,0,exact,0,-1,"complexity_skip (complexity=3.86e+07, threshold=3.60e+05)"
g2_h6_k8_dsparse_s0.txt,2,6,8,sparse,0,approx,0.002329,22,success
g2_h6_k8_dsparse_s1.txt,2,6,8,sparse,1,exact,0,-1,"complexity_skip (complexity=3.86e+07, threshold=3.60e+05)"
g2_h6_k8_dsparse_s1.txt,2,6,8,sparse,1,approx,0.002510,8,success
g2_h6_k8_dsparse_s2.txt,2,6,8,sparse,2,exact,0,-1,"complexity_skip (complexity=3.86e+07, threshold=3.60e+05)"
g2_h6_k8_dsparse_s2.txt,2,6,8,sparse,2,approx,0.002359,0,success
g2_h8_k6_ddense_s0.txt,2,8,6,dense,0,exact,0,-1,"complexity_skip (complexity=5.55e+07, threshold=3.60e+05)"
g2_h8_k6_ddense_s0.txt,2,8,6,dense,0,approx,0.002448,13,success
g2_h8_k6_ddense_s1.txt,2,8,6,dense,1,exact,0,-1,"complexity_skip (complexity=5.55e+07, threshold=3.60e+05)"
g2_h8_k6_ddense_s1.txt,2,8,6,dense,1,approx,0.002408,8,success
g2_h8_k6_ddense_s2.txt,2,8,6,dense,2,exact,0,-1,"complexity_skip (complexity=5.55e+07, threshold=3.60e+05)"
g2_h8_k6_ddense_s2.txt,2,8,6,dense,2,approx,0.002451,7,success
g2_h8_k6_dmedium_s0.txt,2,8,6,medium,0,exact,0,-1,"complexity_skip (complexity=5.55e+07, threshold=3.60e+05)"
g2_h8_k6_dmedium_s0.txt,2,8,6,medium,0,approx,0.002424,18,success
g2_h8_k6_dmedium_s1.txt,2,8,6,medium,1,exact,0,-1,"complexity_skip (complexity=5.55e+07, threshold=3.60e+05)"
g2_h8_k6_dmedium_s1.txt,2,8,6,medium,1,approx,0.002650,18,success
g2_h8_k6_dmedium_s2.txt,2,8,6,medium,2,exact,0,-1,"complexity_skip (complexity=5.55e+07, threshold=3.60e+05)"
g2_h8_k6_dmedium_s2.txt,2,8,6,medium,2,approx,0.002636,18,success
g2_h8_k6_dsparse_s0.txt,2,8,6,sparse,0,exact,0,-1,"complexity_skip (complexity=5.55e+07, threshold=3.60e+05)"
g2_h8_k6_dsparse_s0.txt,2,8,6,sparse,0,approx,0.002545,0,success
g2_h8_k6_dsparse_s1.txt,2,8,6,sparse,1,exact,0,-1,"complexity_skip (complexity=5.55e+07, threshold=3.60e+05)"
g2_h8_k6_dsparse_s1.txt,2,8,6,sparse,1,approx,0.006942,0,success
g2_h8_k6_dsparse_s2.txt,2,8,6,sparse,2,exact,0,-1,"complexity_skip (complexity=5.55e+07, threshold=3.60e+05)"
g2_h8_k6_dsparse_s2.txt,2,8,6,sparse,2,approx,0.010270,9,success
g4_h12_k2_ddense_s0.txt,4,12,2,dense,0,exact,0,-1,"complexity_skip (complexity=7.06e+07, threshold=3.60e+05)"
g4_h12_k2_ddense_s0.txt,4,12,2,dense,0,approx,0.005725,7,success
g4_h12_k2_ddense_s1.txt,4,12,2,dense,1,exact,0,-1,"complexity_skip (complexity=7.06e+07, threshold=3.60e+05)"
g4_h12_k2_ddense_s1.txt,4,12,2,dense,1,approx,0.006763,6,success
g4_h12_k2_ddense_s2.txt,4,12,2,dense,2,exact,0,-1,"complexity_skip (complexity=7.06e+07, threshold=3.60e+05)"
g4_h12_k2_ddense_s2.txt,4,12,2,dense,2,approx,0.004204,9,success
g4_h12_k2_dmedium_s0.txt,4,12,2,medium,0,exact,0,-1,"complexity_skip (complexity=7.06e+07, threshold=3.60e+05)"
g4_h12_k2_dmedium_s0.txt,4,12,2,medium,0,approx,0.006163,16,success
g4_h12_k2_dmedium_s1.txt,4,12,2,medium,1,exact,0,-1,"complexity_skip (complexity=7.06e+07, threshold=3.60e+05)"
g4_h12_k2_dmedium_s1.txt,4,12,2,medium,1,approx,0.003381,12,success
g4_h12_k2_dmedium_s2.txt,4,12,2,medium,2,exact,0,-1,"complexity_skip (complexity=7.06e+07, threshold=3.60e+05)"
g4_h12_k2_dmedium_s2.txt,4,12,2,medium,2,approx,0.003331,11,success
g4_h12_k2_dsparse_s0.txt,4,12,2,sparse,0,exact,0,-1,"complexity_skip (complexity=7.06e+07, threshold=3.60e+05)"
g4_h12_k2_dsparse_s0.txt,4,12,2,sparse,0,approx,0.003187,13,success
g4_h12_k2_dsparse_s1.txt,4,12,2,sparse,1,exact,0,-1,"complexity_skip (complexity=7.06e+07, threshold=3.60e+05)"
g4_h12_k2_dsparse_s1.txt,4,12,2,sparse,1,approx,0.002739,14,success
g4_h12_k2_dsparse_s2.txt,4,12,2,sparse,2,exact,0,-1,"complexity_skip (complexity=7.06e+07, threshold=3.60e+05)"
g4_h12_k2_dsparse_s2.txt,4,12,2,sparse,2,approx,0.002717,6,success
g3_h7_k4_ddense_s0.txt,3,7,4,dense,0,exact,0,-1,"complexity_skip (complexity=8.34e+07, threshold=3.60e+05)"
g3_h7_k4_ddense_s0.txt,3,7,4,dense,0,approx,0.002573,17,success
g3_h7_k4_ddense_s1.txt,3,7,4,dense,1,exact,0,-1,"complexity_skip (complexity=8.34e+07, threshold=3.60e+05)"
g3_h7_k4_ddense_s1.txt,3,7,4,dense,1,approx,0.002978,13,success
g3_h7_k4_ddense_s2.txt,3,7,4,dense,2,exact,0,-1,"complexity_skip (complexity=8.34e+07, threshold=3.60e+05)"
g3_h7_k4_ddense_s2.txt,3,7,4,dense,2,approx,0.002455,15,success
g3_h7_k4_dmedium_s0.txt,3,7,4,medium,0,exact,0,-1,"complexity_skip (complexity=8.34e+07, threshold=3.60e+05)"
g3_h7_k4_dmedium_s0.txt,3,7,4,medium,0,approx,0.002489,12,success
g3_h7_k4_dmedium_s1.txt,3,7,4,medium,1,exact,0,-1,"complexity_skip (complexity=8.34e+07, threshold=3.60e+05)"
g3_h7_k4_dmedium_s1.txt,3,7,4,medium,1,approx,0.002706,21,success
g3_h7_k4_dmedium_s2.txt,3,7,4,medium,2,exact,0,-1,"complexity_skip (complexity=8.34e+07, threshold=3.60e+05)"
g3_h7_k4_dmedium_s2.txt,3,7,4,medium,2,approx,0.002387,4,success
g3_h7_k4_dsparse_s0.txt,3,7,4,sparse,0,exact,0,-1,"complexity_skip (complexity=8.34e+07, threshold=3.60e+05)"
g3_h7_k4_dsparse_s0.txt,3,7,4,sparse,0,approx,0.002553,0,success
g3_h7_k4_dsparse_s1.txt,3,7,4,sparse,1,exact,0,-1,"complexity_skip (complexity=8.34e+07, threshold=3.60e+05)"
g3_h7_k4_dsparse_s1.txt,3,7,4,sparse,1,approx,0.002642,14,success
g3_h7_k4_dsparse_s2.txt,3,7,4,sparse,2,exact,0,-1,"complexity_skip (complexity=8.34e+07, threshold=3.60e+05)"
g3_h7_k4_dsparse_s2.txt,3,7,4,sparse,2,approx,0.002383,5,success
g3_h4_k10_ddense_s0.txt,3,4,10,dense,0,exact,0,-1,"complexity_skip (complexity=9.26e+07, threshold=3.60e+05)"
g3_h4_k10_ddense_s0.txt,3,4,10,dense,0,approx,0.002489,33,success
g3_h4_k10_ddense_s1.txt,3,4,10,dense,1,exact,0,-1,"complexity_skip (complexity=9.26e+07, threshold=3.60e+05)"
g3_h4_k10_ddense_s1.txt,3,4,10,dense,1,approx,0.002572,30,success
g3_h4_k10_ddense_s2.txt,3,4,10,dense,2,exact,0,-1,"complexity_skip (complexity=9.26e+07, threshold=3.60e+05)"
g3_h4_k10_ddense_s2.txt,3,4,10,dense,2,approx,0.002659,33,success
g3_h4_k10_dmedium_s0.txt,3,4,10,medium,0,exact,0,-1,"complexity_skip (complexity=9.26e+07, threshold=3.60e+05)"
g3_h4_k10_dmedium_s0.txt,3,4,10,medium,0,approx,0.003334,28,success
g3_h4_k10_dmedium_s1.txt,3,4,10,medium,1,exact,0,-1,"complexity_skip (complexity=9.26e+07, threshold=3.60e+05)"
g3_h4_k10_dmedium_s1.txt,3,4,10,medium,1,approx,0.002628,22,success
g3_h4_k10_dmedium_s2.txt,3,4,10,medium,2,exact,0,-1,"complexity_skip (complexity=9.26e+07, threshold=3.60e+05)"
g3_h4_k10_dmedium_s2.txt,3,4,10,medium,2,approx,0.002715,31,success
g3_h4_k10_dsparse_s0.txt,3,4,10,sparse,0,exact,0,-1,"complexity_skip (complexity=9.26e+07, threshold=3.60e+05)"
g3_h4_k10_dsparse_s0.txt,3,4,10,sparse,0,approx,0.002701,10,success
g3_h4_k10_dsparse_s1.txt,3,4,10,sparse,1,exact,0,-1,"complexity_skip (complexity=9.26e+07, threshold=3.60e+05)"
g3_h4_k10_dsparse_s1.txt,3,4,10,sparse,1,approx,0.002563,29,success
g3_h4_k10_dsparse_s2.txt,3,4,10,sparse,2,exact,0,-1,"complexity_skip (complexity=9.26e+07, threshold=3.60e+05)"
g3_h4_k10_dsparse_s2.txt,3,4,10,sparse,2,approx,0.002598,0,success
g6_h24_k1_ddense_s0.txt,6,24,1,dense,0,exact,0,-1,"complexity_skip (complexity=9.69e+07, threshold=3.60e+05)"
g6_h24_k1_ddense_s0.txt,6,24,1,dense,0,approx,0.002808,21,success
g6_h24_k1_ddense_s1.txt,6,24,1,dense,1,exact,0,-1,"complexity_skip (complexity=9.69e+07, threshold=3.60e+05)"
g6_h24_k1_ddense_s1.txt,6,24,1,dense,1,approx,0.002489,25,success
g6_h24_k1_ddense_s2.txt,6,24,1,dense,2,exact,0,-1,"complexity_skip (complexity=9.69e+07, threshold=3.60e+05)"
g6_h24_k1_ddense_s2.txt,6,24,1,dense,2,approx,0.002532,19,success
g6_h24_k1_dmedium_s0.txt,6,24,1,medium,0,exact,0,-1,"complexity_skip (complexity=9.69e+07, threshold=3.60e+05)"
g6_h24_k1_dmedium_s0.txt,6,24,1,medium,0,approx,0.002536,18,success
g6_h24_k1_dmedium_s1.txt,6,24,1,medium,1,exact,0,-1,"complexity_skip (complexity=9.69e+07, threshold=3.60e+05)"
g6_h24_k1_dmedium_s1.txt,6,24,1,medium,1,approx,0.002486,19,success
g6_h24_k1_dmedium_s2.txt,6,24,1,medium,2,exact,0,-1,"complexity_skip (complexity=9.69e+07, threshold=3.60e+05)"
g6_h24_k1_dmedium_s2.txt,6,24,1,medium,2,approx,0.002724,17,success
g6_h24_k1_dsparse_s0.txt,6,24,1,sparse,0,exact,0,-1,"complexity_skip (complexity=9.69e+07, threshold=3.60e+05)"
g6_h24_k1_dsparse_s0.txt,6,24,1,sparse,0,approx,0.002659,13,success
g6_h24_k1_dsparse_s1.txt,6,24,1,sparse,1,exact,0,-1,"complexity_skip (complexity=9.69e+07, threshold=3.60e+05)"
g6_h24_k1_dsparse_s1.txt,6,24,1,sparse,1,approx,0.002539,11,success
g6_h24_k1_dsparse_s2.txt,6,24,1,sparse,2,exact,0,-1,"complexity_skip (complexity=9.69e+07, threshold=3.60e+05)"
g6_h24_k1_dsparse_s2.txt,6,24,1,sparse,2,approx,0.002659,11,success
g7_h17_k1_ddense_s0.txt,7,17,1,dense,0,approx,0.002521,27,success
g7_h17_k1_ddense_s1.txt,7,17,1,dense,1,approx,0.002548,16,success
g7_h17_k1_ddense_s2.txt,7,17,1,dense,2,approx,0.002372,19,success
g7_h17_k1_dmedium_s0.txt,7,17,1,medium,0,approx,0.002325,31,success
g7_h17_k1_dmedium_s1.txt,7,17,1,medium,1,approx,0.002917,15,success
g7_h17_k1_dmedium_s2.txt,7,17,1,medium,2,approx,0.002651,27,success
g7_h17_k1_dsparse_s0.txt,7,17,1,sparse,0,approx,0.002373,13,success
g7_h17_k1_dsparse_s1.txt,7,17,1,sparse,1,approx,0.002472,7,success
g7_h17_k1_dsparse_s2.txt,7,17,1,sparse,2,approx,0.002502,20,success
g2_h6_k9_ddense_s0.txt,2,6,9,dense,0,exact,0,-1,"complexity_skip (complexity=1.63e+08, threshold=3.60e+05)"
g2_h6_k9_ddense_s0.txt,2,6,9,dense,0,approx,0.002413,5,success
g2_h6_k9_ddense_s1.txt,2,6,9,dense,1,exact,0,-1,"complexity_skip (complexity=1.63e+08, threshold=3.60e+05)"
g2_h6_k9_ddense_s1.txt,2,6,9,dense,1,approx,0.002382,26,success
g2_h6_k9_ddense_s2.txt,2,6,9,dense,2,exact,0,-1,"complexity_skip (complexity=1.63e+08, threshold=3.60e+05)"
g2_h6_k9_ddense_s2.txt,2,6,9,dense,2,approx,0.002596,5,success
g2_h6_k9_dmedium_s0.txt,2,6,9,medium,0,exact,0,-1,"complexity_skip (complexity=1.63e+08, threshold=3.60e+05)"
g2_h6_k9_dmedium_s0.txt,2,6,9,medium,0,approx,0.002422,0,success
g2_h6_k9_dmedium_s1.txt,2,6,9,medium,1,exact,0,-1,"complexity_skip (complexity=1.63e+08, threshold=3.60e+05)"
g2_h6_k9_dmedium_s1.txt,2,6,9,medium,1,approx,0.002462,27,success
g2_h6_k9_dmedium_s2.txt,2,6,9,medium,2,exact,0,-1,"complexity_skip (complexity=1.63e+08, threshold=3.60e+05)"
g2_h6_k9_dmedium_s2.txt,2,6,9,medium,2,approx,0.002471,0,success
g2_h6_k9_dsparse_s0.txt,2,6,9,sparse,0,exact,0,-1,"complexity_skip (complexity=1.63e+08, threshold=3.60e+05)"
g2_h6_k9_dsparse_s0.txt,2,6,9,sparse,0,approx,0.002423,0,success
g2_h6_k9_dsparse_s1.txt,2,6,9,sparse,1,exact,0,-1,"complexity_skip (complexity=1.63e+08, threshold=3.60e+05)"
g2_h6_k9_dsparse_s1.txt,2,6,9,sparse,1,approx,0.002432,15,success
g2_h6_k9_dsparse_s2.txt,2,6,9,sparse,2,exact,0,-1,"complexity_skip (complexity=1.63e+08, threshold=3.60e+05)"
g2_h6_k9_dsparse_s2.txt,2,6,9,sparse,2,approx,0.002394,0,success
g3_h6_k5_ddense_s0.txt,3,6,5,dense,0,exact,0,-1,"complexity_skip (complexity=2.25e+08, threshold=3.60e+05)"
g3_h6_k5_ddense_s0.txt,3,6,5,dense,0,approx,0.002314,24,success
g3_h6_k5_ddense_s1.txt,3,6,5,dense,1,exact,0,-1,"complexity_skip (complexity=2.25e+08, threshold=3.60e+05)"
g3_h6_k5_ddense_s1.txt,3,6,5,dense,1,approx,0.002216,9,success
g3_h6_k5_ddense_s2.txt,3,6,5,dense,2,exact,0,-1,"complexity_skip (complexity=2.25e+08, threshold=3.60e+05)"
g3_h6_k5_ddense_s2.txt,3,6,5,dense,2,approx,0.002314,19,success
g3_h6_k5_dmedium_s0.txt,3,6,5,medium,0,exact,0,-1,"complexity_skip (complexity=2.25e+08, threshold=3.60e+05)"
g3_h6_k5_dmedium_s0.txt,3,6,5,medium,0,approx,0.002295,15,success
g3_h6_k5_dmedium_s1.txt,3,6,5,medium,1,exact,0,-1,"complexity_skip (complexity=2.25e+08, threshold=3.60e+05)"
g3_h6_k5_dmedium_s1.txt,3,6,5,medium,1,approx,0.002268,19,success
g3_h6_k5_dmedium_s2.txt,3,6,5,medium,2,exact,0,-1,"complexity_skip (complexity=2.25e+08, threshold=3.60e+05)"
g3_h6_k5_dmedium_s2.txt,3,6,5,medium,2,approx,0.002363,6,success
g3_h6_k5_dsparse_s0.txt,3,6,5,sparse,0,exact,0,-1,"complexity_skip (complexity=2.25e+08, threshold=3.60e+05)"
g3_h6_k5_dsparse_s0.txt,3,6,5,sparse,0,approx,0.002401,6,success
g3_h6_k5_dsparse_s1.txt,3,6,5,sparse,1,exact,0,-1,"complexity_skip (complexity=2.25e+08, threshold=3.60e+05)"
g3_h6_k5_dsparse_s1.txt,3,6,5,sparse,1,approx,0.002434,0,success
g3_h6_k5_dsparse_s2.txt,3,6,5,sparse,2,exact,0,-1,"complexity_skip (complexity=2.25e+08, threshold=3.60e+05)"
g3_h6_k5_dsparse_s2.txt,3,6,5,sparse,2,approx,0.002278,15,success
g9_h13_k1_ddense_s0.txt,9,13,1,dense,0,approx,0.002470,46,success
g9_h13_k1_ddense_s1.txt,9,13,1,dense,1,approx,0.002467,61,success
g9_h13_k1_ddense_s2.txt,9,13,1,dense,2,approx,0.002497,54,success
g9_h13_k1_dmedium_s0.txt,9,13,1,medium,0,approx,0.002780,42,success
g9_h13_k1_dmedium_s1.txt,9,13,1,medium,1,approx,0.002774,43,success
g9_h13_k1_dmedium_s2.txt,9,13,1,medium,2,approx,0.002725,50,success
g9_h13_k1_dsparse_s0.txt,9,13,1,sparse,0,approx,0.002540,23,success
g9_h13_k1_dsparse_s1.txt,9,13,1,sparse,1,approx,0.002480,25,success
g9_h13_k1_dsparse_s2.txt,9,13,1,sparse,2,approx,0.002831,15,success
g3_h12_k3_ddense_s0.txt,3,12,3,dense,0,exact,0,-1,"complexity_skip (complexity=3.84e+08, threshold=3.60e+05)"
g3_h12_k3_ddense_s0.txt,3,12,3,dense,0,approx,0.002784,5,success
g3_h12_k3_ddense_s1.txt,3,12,3,dense,1,exact,0,-1,"complexity_skip (complexity=3.84e+08, threshold=3.60e+05)"
g3_h12_k3_ddense_s1.txt,3,12,3,dense,1,approx,0.002454,3,success
g3_h12_k3_ddense_s2.txt,3,12,3,dense,2,exact,0,-1,"complexity_skip (complexity=3.84e+08, threshold=3.60e+05)"
g3_h12_k3_ddense_s2.txt,3,12,3,dense,2,approx,0.002532,10,success
g3_h12_k3_dmedium_s0.txt,3,12,3,medium,0,exact,0,-1,"complexity_skip (complexity=3.84e+08, threshold=3.60e+05)"
g3_h12_k3_dmedium_s0.txt,3,12,3,medium,0,approx,0.003009,9,success
g3_h12_k3_dmedium_s1.txt,3,12,3,medium,1,exact,0,-1,"complexity_skip (complexity=3.84e+08, threshold=3.60e+05)"
g3_h12_k3_dmedium_s1.txt,3,12,3,medium,1,approx,0.033857,15,success
g3_h12_k3_dmedium_s2.txt,3,12,3,medium,2,exact,0,-1,"complexity_skip (complexity=3.84e+08, threshold=3.60e+05)"
g3_h12_k3_dmedium_s2.txt,3,12,3,medium,2,approx,0.003426,14,success
g3_h12_k3_dsparse_s0.txt,3,12,3,sparse,0,exact,0,-1,"complexity_skip (complexity=3.84e+08, threshold=3.60e+05)"
g3_h12_k3_dsparse_s0.txt,3,12,3,sparse,0,approx,0.004061,18,success
g3_h12_k3_dsparse_s1.txt,3,12,3,sparse,1,exact,0,-1,"complexity_skip (complexity=3.84e+08, threshold=3.60e+05)"
g3_h12_k3_dsparse_s1.txt,3,12,3,sparse,1,approx,0.005349,0,success
g3_h12_k3_dsparse_s2.txt,3,12,3,sparse,2,exact,0,-1,"complexity_skip (complexity=3.84e+08, threshold=3.60e+05)"
g3_h12_k3_dsparse_s2.txt,3,12,3,sparse,2,approx,0.002915,0,success
g5_h10_k2_ddense_s0.txt,5,10,2,dense,0,exact,0,-1,"complexity_skip (complexity=4.57e+08, threshold=3.60e+05)"
g5_h10_k2_ddense_s0.txt,5,10,2,dense,0,approx,0.002390,19,success
g5_h10_k2_ddense_s1.txt,5,10,2,dense,1,exact,0,-1,"complexity_skip (complexity=4.57e+08, threshold=3.60e+05)"
g5_h10_k2_ddense_s1.txt,5,10,2,dense,1,approx,0.002514,27,success
g5_h10_k2_ddense_s2.txt,5,10,2,dense,2,exact,0,-1,"complexity_skip (complexity=4.57e+08, threshold=3.60e+05)"
g5_h10_k2_ddense_s2.txt,5,10,2,dense,2,approx,0.002378,20,success
g5_h10_k2_dmedium_s0.txt,5,10,2,medium,0,exact,0,-1,"complexity_skip (complexity=4.57e+08, threshold=3.60e+05)"
g5_h10_k2_dmedium_s0.txt,5,10,2,medium,0,approx,0.002465,32,success
g5_h10_k2_dmedium_s1.txt,5,10,2,medium,1,exact,0,-1,"complexity_skip (complexity=4.57e+08, threshold=3.60e+05)"
g5_h10_k2_dmedium_s1.txt,5,10,2,medium,1,approx,0.002397,22,success
g5_h10_k2_dmedium_s2.txt,5,10,2,medium,2,exact,0,-1,"complexity_skip (complexity=4.57e+08, threshold=3.60e+05)"
g5_h10_k2_dmedium_s2.txt,5,10,2,medium,2,approx,0.002460,29,success
g5_h10_k2_dsparse_s0.txt,5,10,2,sparse,0,exact,0,-1,"complexity_skip (complexity=4.57e+08, threshold=3.60e+05)"
g5_h10_k2_dsparse_s0.txt,5,10,2,sparse,0,approx,0.002279,23,success
g5_h10_k2_dsparse_s1.txt,5,10,2,sparse,1,exact,0,-1,"complexity_skip (complexity=4.57e+08, threshold=3.60e+05)"
g5_h10_k2_dsparse_s1.txt,5,10,2,sparse,1,approx,0.002688,7,success
g5_h10_k2_dsparse_s2.txt,5,10,2,sparse,2,exact,0,-1,"complexity_skip (complexity=4.57e+08, threshold=3.60e+05)"
g5_h10_k2_dsparse_s2.txt,5,10,2,sparse,2,approx,0.002493,3,success
g2_h8_k7_ddense_s0.txt,2,8,7,dense,0,exact,0,-1,"complexity_skip (complexity=4.92e+08, threshold=3.60e+05)"
g2_h8_k7_ddense_s0.txt,2,8,7,dense,0,approx,0.002386,16,success
g2_h8_k7_ddense_s1.txt,2,8,7,dense,1,exact,0,-1,"complexity_skip (complexity=4.92e+08, threshold=3.60e+05)"
g2_h8_k7_ddense_s1.txt,2,8,7,dense,1,approx,0.002400,15,success
g2_h8_k7_ddense_s2.txt,2,8,7,dense,2,exact,0,-1,"complexity_skip (complexity=4.92e+08, threshold=3.60e+05)"
g2_h8_k7_ddense_s2.txt,2,8,7,dense,2,approx,0.002278,6,success
g2_h8_k7_dmedium_s0.txt,2,8,7,medium,0,exact,0,-1,"complexity_skip (complexity=4.92e+08, threshold=3.60e+05)"
g2_h8_k7_dmedium_s0.txt,2,8,7,medium,0,approx,0.002300,6,success
g2_h8_k7_dmedium_s1.txt,2,8,7,medium,1,exact,0,-1,"complexity_skip (complexity=4.92e+08, threshold=3.60e+05)"
g2_h8_k7_dmedium_s1.txt,2,8,7,medium,1,approx,0.002377,6,success
g2_h8_k7_dmedium_s2.txt,2,8,7,medium,2,exact,0,-1,"complexity_skip (complexity=4.92e+08, threshold=3.60e+05)"
g2_h8_k7_dmedium_s2.txt,2,8,7,medium,2,approx,0.002567,0,success
g2_h8_k7_dsparse_s0.txt,2,8,7,sparse,0,exact,0,-1,"complexity_skip (complexity=4.92e+08, threshold=3.60e+05)"
g2_h8_k7_dsparse_s0.txt,2,8,7,sparse,0,approx,0.002972,21,success
g2_h8_k7_dsparse_s1.txt,2,8,7,sparse,1,exact,0,-1,"complexity_skip (complexity=4.92e+08, threshold=3.60e+05)"
g2_h8_k7_dsparse_s1.txt,2,8,7,sparse,1,approx,0.002650,21,success
g2_h8_k7_dsparse_s2.txt,2,8,7,sparse,2,exact,0,-1,"complexity_skip (complexity=4.92e+08, threshold=3.60e+05)"
g2_h8_k7_dsparse_s2.txt,2,8,7,sparse,2,approx,0.002469,0,success
g8_h16_k1_ddense_s0.txt,8,16,1,dense,0,approx,0.002657,30,success
g8_h16_k1_ddense_s1.txt,8,16,1,dense,1,approx,0.002401,29,success
g8_h16_k1_ddense_s2.txt,8,16,1,dense,2,approx,0.002394,22,success
g8_h16_k1_dmedium_s0.txt,8,16,1,medium,0,approx,0.002520,39,success
g8_h16_k1_dmedium_s1.txt,8,16,1,medium,1,approx,0.002558,39,success
g8_h16_k1_dmedium_s2.txt,8,16,1,medium,2,approx,0.002406,49,success
g8_h16_k1_dsparse_s0.txt,8,16,1,sparse,0,approx,0.002472,24,success
g8_h16_k1_dsparse_s1.txt,8,16,1,sparse,1,approx,0.002381,29,success
g8_h16_k1_dsparse_s2.txt,8,16,1,sparse,2,approx,0.002529,17,success
g7_h21_k1_ddense_s0.txt,7,21,1,dense,0,approx,0.002674,17,success
g7_h21_k1_ddense_s1.txt,7,21,1,dense,1,approx,0.002536,16,success
g7_h21_k1_ddense_s2.txt,7,21,1,dense,2,approx,0.002369,20,success
g7_h21_k1_dmedium_s0.txt,7,21,1,medium,0,approx,0.002559,26,success
g7_h21_k1_dmedium_s1.txt,7,21,1,medium,1,approx,0.002603,27,success
g7_h21_k1_dmedium_s2.txt,7,21,1,medium,2,approx,0.003104,32,success
g7_h21_k1_dsparse_s0.txt,7,21,1,sparse,0,approx,0.003168,20,success
g7_h21_k1_dsparse_s1.txt,7,21,1,sparse,1,approx,0.002742,13,success
g7_h21_k1_dsparse_s2.txt,7,21,1,sparse,2,approx,0.002879,17,success
g2_h6_k10_ddense_s0.txt,2,6,10,dense,0,exact,0,-1,"complexity_skip (complexity=6.36e+08, threshold=3.60e+05)"
g2_h6_k10_ddense_s0.txt,2,6,10,dense,0,approx,0.002958,0,success
g2_h6_k10_ddense_s1.txt,2,6,10,dense,1,exact,0,-1,"complexity_skip (complexity=6.36e+08, threshold=3.60e+05)"
g2_h6_k10_ddense_s1.txt,2,6,10,dense,1,approx,0.002917,0,success
g2_h6_k10_ddense_s2.txt,2,6,10,dense,2,exact,0,-1,"complexity_skip (complexity=6.36e+08, threshold=3.60e+05)"
g2_h6_k10_ddense_s2.txt,2,6,10,dense,2,approx,0.002643,16,success
g2_h6_k10_dmedium_s0.txt,2,6,10,medium,0,exact,0,-1,"complexity_skip (complexity=6.36e+08, threshold=3.60e+05)"
g2_h6_k10_dmedium_s0.txt,2,6,10,medium,0,approx,0.003796,9,success
g2_h6_k10_dmedium_s1.txt,2,6,10,medium,1,exact,0,-1,"complexity_skip (complexity=6.36e+08, threshold=3.60e+05)"
g2_h6_k10_dmedium_s1.txt,2,6,10,medium,1,approx,0.003233,14,success
g2_h6_k10_dmedium_s2.txt,2,6,10,medium,2,exact,0,-1,"complexity_skip (complexity=6.36e+08, threshold=3.60e+05)"
g2_h6_k10_dmedium_s2.txt,2,6,10,medium,2,approx,0.002594,19,success
g2_h6_k10_dsparse_s0.txt,2,6,10,sparse,0,exact,0,-1,"complexity_skip (complexity=6.36e+08, threshold=3.60e+05)"
g2_h6_k10_dsparse_s0.txt,2,6,10,sparse,0,approx,0.002992,0,success
g2_h6_k10_dsparse_s1.txt,2,6,10,sparse,1,exact,0,-1,"complexity_skip (complexity=6.36e+08, threshold=3.60e+05)"
g2_h6_k10_dsparse_s1.txt,2,6,10,sparse,1,approx,0.002608,10,success
g2_h6_k10_dsparse_s2.txt,2,6,10,sparse,2,exact,0,-1,"complexity_skip (complexity=6.36e+08, threshold=3.60e+05)"
g2_h6_k10_dsparse_s2.txt,2,6,10,sparse,2,approx,0.002517,30,success
g4_h6_k4_ddense_s0.txt,4,6,4,dense,0,exact,0,-1,"complexity_skip (complexity=7.12e+08, threshold=3.60e+05)"
g4_h6_k4_ddense_s0.txt,4,6,4,dense,0,approx,0.002527,14,success
g4_h6_k4_ddense_s1.txt,4,6,4,dense,1,exact,0,-1,"complexity_skip (complexity=7.12e+08, threshold=3.60e+05)"
g4_h6_k4_ddense_s1.txt,4,6,4,dense,1,approx,0.002441,24,success
g4_h6_k4_ddense_s2.txt,4,6,4,dense,2,exact,0,-1,"complexity_skip (complexity=7.12e+08, threshold=3.60e+05)"
g4_h6_k4_ddense_s2.txt,4,6,4,dense,2,approx,0.002509,10,success
g4_h6_k4_dmedium_s0.txt,4,6,4,medium,0,exact,0,-1,"complexity_skip (complexity=7.12e+08, threshold=3.60e+05)"
g4_h6_k4_dmedium_s0.txt,4,6,4,medium,0,approx,0.002358,9,success
g4_h6_k4_dmedium_s1.txt,4,6,4,medium,1,exact,0,-1,"complexity_skip (complexity=7.12e+08, threshold=3.60e+05)"
g4_h6_k4_dmedium_s1.txt,4,6,4,medium,1,approx,0.002371,19,success
g4_h6_k4_dmedium_s2.txt,4,6,4,medium,2,exact,0,-1,"complexity_skip (complexity=7.12e+08, threshold=3.60e+05)"
g4_h6_k4_dmedium_s2.txt,4,6,4,medium,2,approx,0.002502,32,success
g4_h6_k4_dsparse_s0.txt,4,6,4,sparse,0,exact,0,-1,"complexity_skip (complexity=7.12e+08, threshold=3.60e+05)"
g4_h6_k4_dsparse_s0.txt,4,6,4,sparse,0,approx,0.002339,11,success
g4_h6_k4_dsparse_s1.txt,4,6,4,sparse,1,exact,0,-1,"complexity_skip (complexity=7.12e+08, threshold=3.60e+05)"
g4_h6_k4_dsparse_s1.txt,4,6,4,sparse,1,approx,0.002255,12,success
g4_h6_k4_dsparse_s2.txt,4,6,4,sparse,2,exact,0,-1,"complexity_skip (complexity=7.12e+08, threshold=3.60e+05)"
g4_h6_k4_dsparse_s2.txt,4,6,4,sparse,2,approx,0.002758,19,success
g4_h8_k3_ddense_s0.txt,4,8,3,dense,0,exact,0,-1,"complexity_skip (complexity=7.92e+08, threshold=3.60e+05)"
g4_h8_k3_ddense_s0.txt,4,8,3,dense,0,approx,0.002485,16,success
g4_h8_k3_ddense_s1.txt,4,8,3,dense,1,exact,0,-1,"complexity_skip (complexity=7.92e+08, threshold=3.60e+05)"
g4_h8_k3_ddense_s1.txt,4,8,3,dense,1,approx,0.002371,16,success
g4_h8_k3_ddense_s2.txt,4,8,3,dense,2,exact,0,-1,"complexity_skip (complexity=7.92e+08, threshold=3.60e+05)"
g4_h8_k3_ddense_s2.txt,4,8,3,dense,2,approx,0.002364,14,success
g4_h8_k3_dmedium_s0.txt,4,8,3,medium,0,exact,0,-1,"complexity_skip (complexity=7.92e+08, threshold=3.60e+05)"
g4_h8_k3_dmedium_s0.txt,4,8,3,medium,0,approx,0.002389,9,success
g4_h8_k3_dmedium_s1.txt,4,8,3,medium,1,exact,0,-1,"complexity_skip (complexity=7.92e+08, threshold=3.60e+05)"
g4_h8_k3_dmedium_s1.txt,4,8,3,medium,1,approx,0.002420,14,success
g4_h8_k3_dmedium_s2.txt,4,8,3,medium,2,exact,0,-1,"complexity_skip (complexity=7.92e+08, threshold=3.60e+05)"
g4_h8_k3_dmedium_s2.txt,4,8,3,medium,2,approx,0.002361,23,success
g4_h8_k3_dsparse_s0.txt,4,8,3,sparse,0,exact,0,-1,"complexity_skip (complexity=7.92e+08, threshold=3.60e+05)"
g4_h8_k3_dsparse_s0.txt,4,8,3,sparse,0,approx,0.002303,21,success
g4_h8_k3_dsparse_s1.txt,4,8,3,sparse,1,exact,0,-1,"complexity_skip (complexity=7.92e+08, threshold=3.60e+05)"
g4_h8_k3_dsparse_s1.txt,4,8,3,sparse,1,approx,0.002339,13,success
g4_h8_k3_dsparse_s2.txt,4,8,3,sparse,2,exact,0,-1,"complexity_skip (complexity=7.92e+08, threshold=3.60e+05)"
g4_h8_k3_dsparse_s2.txt,4,8,3,sparse,2,approx,0.002450,10,success
g4_h16_k2_ddense_s0.txt,4,16,2,dense,0,exact,0,-1,"complexity_skip (complexity=9.54e+08, threshold=3.60e+05)"
g4_h16_k2_ddense_s0.txt,4,16,2,dense,0,approx,0.002310,10,success
g4_h16_k2_ddense_s1.txt,4,16,2,dense,1,exact,0,-1,"complexity_skip (complexity=9.54e+08, threshold=3.60e+05)"
g4_h16_k2_ddense_s1.txt,4,16,2,dense,1,approx,0.002503,7,success
g4_h16_k2_ddense_s2.txt,4,16,2,dense,2,exact,0,-1,"complexity_skip (complexity=9.54e+08, threshold=3.60e+05)"
g4_h16_k2_ddense_s2.txt,4,16,2,dense,2,approx,0.002400,15,success
g4_h16_k2_dmedium_s0.txt,4,16,2,medium,0,exact,0,-1,"complexity_skip (complexity=9.54e+08, threshold=3.60e+05)"
g4_h16_k2_dmedium_s0.txt,4,16,2,medium,0,approx,0.002519,6,success
g4_h16_k2_dmedium_s1.txt,4,16,2,medium,1,exact,0,-1,"complexity_skip (complexity=9.54e+08, threshold=3.60e+05)"
g4_h16_k2_dmedium_s1.txt,4,16,2,medium,1,approx,0.002435,7,success
g4_h16_k2_dmedium_s2.txt,4,16,2,medium,2,exact,0,-1,"complexity_skip (complexity=9.54e+08, threshold=3.60e+05)"
g4_h16_k2_dmedium_s2.txt,4,16,2,medium,2,approx,0.002428,17,success
g4_h16_k2_dsparse_s0.txt,4,16,2,sparse,0,exact,0,-1,"complexity_skip (complexity=9.54e+08, threshold=3.60e+05)"
g4_h16_k2_dsparse_s0.txt,4,16,2,sparse,0,approx,0.002362,3,success
g4_h16_k2_dsparse_s1.txt,4,16,2,sparse,1,exact,0,-1,"complexity_skip (complexity=9.54e+08, threshold=3.60e+05)"
g4_h16_k2_dsparse_s1.txt,4,16,2,sparse,1,approx,0.002449,10,success
g4_h16_k2_dsparse_s2.txt,4,16,2,sparse,2,exact,0,-1,"complexity_skip (complexity=9.54e+08, threshold=3.60e+05)"
g4_h16_k2_dsparse_s2.txt,4,16,2,sparse,2,approx,0.002842,16,success
g6_h9_k2_ddense_s0.txt,6,9,2,dense,0,exact,0,-1,"complexity_skip (complexity=1.83e+09, threshold=3.60e+05)"
g6_h9_k2_ddense_s0.txt,6,9,2,dense,0,approx,0.002485,37,success
g6_h9_k2_ddense_s1.txt,6,9,2,dense,1,exact,0,-1,"complexity_skip (complexity=1.83e+09, threshold=3.60e+05)"
g6_h9_k2_ddense_s1.txt,6,9,2,dense,1,approx,0.002468,29,success
g6_h9_k2_ddense_s2.txt,6,9,2,dense,2,exact,0,-1,"complexity_skip (complexity=1.83e+09, threshold=3.60e+05)"
g6_h9_k2_ddense_s2.txt,6,9,2,dense,2,approx,0.002366,25,success
g6_h9_k2_dmedium_s0.txt,6,9,2,medium,0,exact,0,-1,"complexity_skip (complexity=1.83e+09, threshold=3.60e+05)"
g6_h9_k2_dmedium_s0.txt,6,9,2,medium,0,approx,0.002271,34,success
g6_h9_k2_dmedium_s1.txt,6,9,2,medium,1,exact,0,-1,"complexity_skip (complexity=1.83e+09, threshold=3.60e+05)"
g6_h9_k2_dmedium_s1.txt,6,9,2,medium,1,approx,0.002286,30,success
g6_h9_k2_dmedium_s2.txt,6,9,2,medium,2,exact,0,-1,"complexity_skip (complexity=1.83e+09, threshold=3.60e+05)"
g6_h9_k2_dmedium_s2.txt,6,9,2,medium,2,approx,0.002408,50,success
g6_h9_k2_dsparse_s0.txt,6,9,2,sparse,0,exact,0,-1,"complexity_skip (complexity=1.83e+09, threshold=3.60e+05)"
g6_h9_k2_dsparse_s0.txt,6,9,2,sparse,0,approx,0.002380,22,success
g6_h9_k2_dsparse_s1.txt,6,9,2,sparse,1,exact,0,-1,"complexity_skip (complexity=1.83e+09, threshold=3.60e+05)"
g6_h9_k2_dsparse_s1.txt,6,9,2,sparse,1,approx,0.002380,16,success
g6_h9_k2_dsparse_s2.txt,6,9,2,sparse,2,exact,0,-1,"complexity_skip (complexity=1.83e+09, threshold=3.60e+05)"
g6_h9_k2_dsparse_s2.txt,6,9,2,sparse,2,approx,0.002630,19,success
g5_h7_k3_ddense_s0.txt,5,7,3,dense,0,exact,0,-1,"complexity_skip (complexity=2.67e+09, threshold=3.60e+05)"
g5_h7_k3_ddense_s0.txt,5,7,3,dense,0,approx,0.002584,23,success
g5_h7_k3_ddense_s1.txt,5,7,3,dense,1,exact,0,-1,"complexity_skip (complexity=2.67e+09, threshold=3.60e+05)"
g5_h7_k3_ddense_s1.txt,5,7,3,dense,1,approx,0.002644,20,success
g5_h7_k3_ddense_s2.txt,5,7,3,dense,2,exact,0,-1,"complexity_skip (complexity=2.67e+09, threshold=3.60e+05)"
g5_h7_k3_ddense_s2.txt,5,7,3,dense,2,approx,0.002399,27,success
g5_h7_k3_dmedium_s0.txt,5,7,3,medium,0,exact,0,-1,"complexity_skip (complexity=2.67e+09, threshold=3.60e+05)"
g5_h7_k3_dmedium_s0.txt,5,7,3,medium,0,approx,0.002355,9,success
g5_h7_k3_dmedium_s1.txt,5,7,3,medium,1,exact,0,-1,"complexity_skip (complexity=2.67e+09, threshold=3.60e+05)"
g5_h7_k3_dmedium_s1.txt,5,7,3,medium,1,approx,0.002312,11,success
g5_h7_k3_dmedium_s2.txt,5,7,3,medium,2,exact,0,-1,"complexity_skip (complexity=2.67e+09, threshold=3.60e+05)"
g5_h7_k3_dmedium_s2.txt,5,7,3,medium,2,approx,0.002434,28,success
g5_h7_k3_dsparse_s0.txt,5,7,3,sparse,0,exact,0,-1,"complexity_skip (complexity=2.67e+09, threshold=3.60e+05)"
g5_h7_k3_dsparse_s0.txt,5,7,3,sparse,0,approx,0.002546,11,success
g5_h7_k3_dsparse_s1.txt,5,7,3,sparse,1,exact,0,-1,"complexity_skip (complexity=2.67e+09, threshold=3.60e+05)"
g5_h7_k3_dsparse_s1.txt,5,7,3,sparse,1,approx,0.002764,21,success
g5_h7_k3_dsparse_s2.txt,5,7,3,sparse,2,exact,0,-1,"complexity_skip (complexity=2.67e+09, threshold=3.60e+05)"
g5_h7_k3_dsparse_s2.txt,5,7,3,sparse,2,approx,0.002616,18,success
g3_h9_k4_ddense_s0.txt,3,9,4,dense,0,exact,0,-1,"complexity_skip (complexity=2.72e+09, threshold=3.60e+05)"
g3_h9_k4_ddense_s0.txt,3,9,4,dense,0,approx,0.002517,15,success
g3_h9_k4_ddense_s1.txt,3,9,4,dense,1,exact,0,-1,"complexity_skip (complexity=2.72e+09, threshold=3.60e+05)"
g3_h9_k4_ddense_s1.txt,3,9,4,dense,1,approx,0.002650,9,success
g3_h9_k4_ddense_s2.txt,3,9,4,dense,2,exact,0,-1,"complexity_skip (complexity=2.72e+09, threshold=3.60e+05)"
g3_h9_k4_ddense_s2.txt,3,9,4,dense,2,approx,0.002399,7,success
g3_h9_k4_dmedium_s0.txt,3,9,4,medium,0,exact,0,-1,"complexity_skip (complexity=2.72e+09, threshold=3.60e+05)"
g3_h9_k4_dmedium_s0.txt,3,9,4,medium,0,approx,0.002464,24,success
g3_h9_k4_dmedium_s1.txt,3,9,4,medium,1,exact,0,-1,"complexity_skip (complexity=2.72e+09, threshold=3.60e+05)"
g3_h9_k4_dmedium_s1.txt,3,9,4,medium,1,approx,0.002469,9,success
g3_h9_k4_dmedium_s2.txt,3,9,4,medium,2,exact,0,-1,"complexity_skip (complexity=2.72e+09, threshold=3.60e+05)"
g3_h9_k4_dmedium_s2.txt,3,9,4,medium,2,approx,0.002492,25,success
g3_h9_k4_dsparse_s0.txt,3,9,4,sparse,0,exact,0,-1,"complexity_skip (complexity=2.72e+09, threshold=3.60e+05)"
g3_h9_k4_dsparse_s0.txt,3,9,4,sparse,0,approx,0.002556,6,success
g3_h9_k4_dsparse_s1.txt,3,9,4,sparse,1,exact,0,-1,"complexity_skip (complexity=2.72e+09, threshold=3.60e+05)"
g3_h9_k4_dsparse_s1.txt,3,9,4,sparse,1,approx,0.002300,7,success
g3_h9_k4_dsparse_s2.txt,3,9,4,sparse,2,exact,0,-1,"complexity_skip (complexity=2.72e+09, threshold=3.60e+05)"
g3_h9_k4_dsparse_s2.txt,3,9,4,sparse,2,approx,0.002412,8,success
g3_h7_k5_ddense_s0.txt,3,7,5,dense,0,exact,0,-1,"complexity_skip (complexity=3.57e+09, threshold=3.60e+05)"
g3_h7_k5_ddense_s0.txt,3,7,5,dense,0,approx,0.002440,10,success
g3_h7_k5_ddense_s1.txt,3,7,5,dense,1,exact,0,-1,"complexity_skip (complexity=3.57e+09, threshold=3.60e+05)"
g3_h7_k5_ddense_s1.txt,3,7,5,dense,1,approx,0.002488,13,success
g3_h7_k5_ddense_s2.txt,3,7,5,dense,2,exact,0,-1,"complexity_skip (complexity=3.57e+09, threshold=3.60e+05)"
g3_h7_k5_ddense_s2.txt,3,7,5,dense,2,approx,0.002402,11,success
g3_h7_k5_dmedium_s0.txt,3,7,5,medium,0,exact,0,-1,"complexity_skip (complexity=3.57e+09, threshold=3.60e+05)"
g3_h7_k5_dmedium_s0.txt,3,7,5,medium,0,approx,0.002356,6,success
g3_h7_k5_dmedium_s1.txt,3,7,5,medium,1,exact,0,-1,"complexity_skip (complexity=3.57e+09, threshold=3.60e+05)"
g3_h7_k5_dmedium_s1.txt,3,7,5,medium,1,approx,0.002344,18,success
g3_h7_k5_dmedium_s2.txt,3,7,5,medium,2,exact,0,-1,"complexity_skip (complexity=3.57e+09, threshold=3.60e+05)"
g3_h7_k5_dmedium_s2.txt,3,7,5,medium,2,approx,0.002591,16,success
g3_h7_k5_dsparse_s0.txt,3,7,5,sparse,0,exact,0,-1,"complexity_skip (complexity=3.57e+09, threshold=3.60e+05)"
g3_h7_k5_dsparse_s0.txt,3,7,5,sparse,0,approx,0.002665,0,success
g3_h7_k5_dsparse_s1.txt,3,7,5,sparse,1,exact,0,-1,"complexity_skip (complexity=3.57e+09, threshold=3.60e+05)"
g3_h7_k5_dsparse_s1.txt,3,7,5,sparse,1,approx,0.002624,23,success
g3_h7_k5_dsparse_s2.txt,3,7,5,sparse,2,exact,0,-1,"complexity_skip (complexity=3.57e+09, threshold=3.60e+05)"
g3_h7_k5_dsparse_s2.txt,3,7,5,sparse,2,approx,0.002547,0,success
g2_h8_k8_ddense_s0.txt,2,8,8,dense,0,exact,0,-1,"complexity_skip (complexity=3.87e+09, threshold=3.60e+05)"
g2_h8_k8_ddense_s0.txt,2,8,8,dense,0,approx,0.002706,23,success
g2_h8_k8_ddense_s1.txt,2,8,8,dense,1,exact,0,-1,"complexity_skip (complexity=3.87e+09, threshold=3.60e+05)"
g2_h8_k8_ddense_s1.txt,2,8,8,dense,1,approx,0.003383,0,success
g2_h8_k8_ddense_s2.txt,2,8,8,dense,2,exact,0,-1,"complexity_skip (complexity=3.87e+09, threshold=3.60e+05)"
g2_h8_k8_ddense_s2.txt,2,8,8,dense,2,approx,0.005122,23,success
g2_h8_k8_dmedium_s0.txt,2,8,8,medium,0,exact,0,-1,"complexity_skip (complexity=3.87e+09, threshold=3.60e+05)"
g2_h8_k8_dmedium_s0.txt,2,8,8,medium,0,approx,0.004678,7,success
g2_h8_k8_dmedium_s1.txt,2,8,8,medium,1,exact,0,-1,"complexity_skip (complexity=3.87e+09, threshold=3.60e+05)"
g2_h8_k8_dmedium_s1.txt,2,8,8,medium,1,approx,0.002620,0,success
g2_h8_k8_dmedium_s2.txt,2,8,8,medium,2,exact,0,-1,"complexity_skip (complexity=3.87e+09, threshold=3.60e+05)"
g2_h8_k8_dmedium_s2.txt,2,8,8,medium,2,approx,0.002397,23,success
g2_h8_k8_dsparse_s0.txt,2,8,8,sparse,0,exact,0,-1,"complexity_skip (complexity=3.87e+09, threshold=3.60e+05)"
g2_h8_k8_dsparse_s0.txt,2,8,8,sparse,0,approx,0.002605,0,success
g2_h8_k8_dsparse_s1.txt,2,8,8,sparse,1,exact,0,-1,"complexity_skip (complexity=3.87e+09, threshold=3.60e+05)"
g2_h8_k8_dsparse_s1.txt,2,8,8,sparse,1,approx,0.002737,6,success
g2_h8_k8_dsparse_s2.txt,2,8,8,sparse,2,exact,0,-1,"complexity_skip (complexity=3.87e+09, threshold=3.60e+05)"
g2_h8_k8_dsparse_s2.txt,2,8,8,sparse,2,approx,0.002554,16,success
g5_h12_k2_ddense_s0.txt,5,12,2,dense,0,exact,0,-1,"complexity_skip (complexity=4.52e+09, threshold=3.60e+05)"
g5_h12_k2_ddense_s0.txt,5,12,2,dense,0,approx,0.002337,17,success
g5_h12_k2_ddense_s1.txt,5,12,2,dense,1,exact,0,-1,"complexity_skip (complexity=4.52e+09, threshold=3.60e+05)"
g5_h12_k2_ddense_s1.txt,5,12,2,dense,1,approx,0.002382,10,success
g5_h12_k2_ddense_s2.txt,5,12,2,dense,2,exact,0,-1,"complexity_skip (complexity=4.52e+09, threshold=3.60e+05)"
g5_h12_k2_ddense_s2.txt,5,12,2,dense,2,approx,0.002430,25,success
g5_h12_k2_dmedium_s0.txt,5,12,2,medium,0,exact,0,-1,"complexity_skip (complexity=4.52e+09, threshold=3.60e+05)"
g5_h12_k2_dmedium_s0.txt,5,12,2,medium,0,approx,0.002512,27,success
g5_h12_k2_dmedium_s1.txt,5,12,2,medium,1,exact,0,-1,"complexity_skip (complexity=4.52e+09, threshold=3.60e+05)"
g5_h12_k2_dmedium_s1.txt,5,12,2,medium,1,approx,0.002416,21,success
g5_h12_k2_dmedium_s2.txt,5,12,2,medium,2,exact,0,-1,"complexity_skip (complexity=4.52e+09, threshold=3.60e+05)"
g5_h12_k2_dmedium_s2.txt,5,12,2,medium,2,approx,0.002400,29,success
g5_h12_k2_dsparse_s0.txt,5,12,2,sparse,0,exact,0,-1,"complexity_skip (complexity=4.52e+09, threshold=3.60e+05)"
g5_h12_k2_dsparse_s0.txt,5,12,2,sparse,0,approx,0.002436,7,success
g5_h12_k2_dsparse_s1.txt,5,12,2,sparse,1,exact,0,-1,"complexity_skip (complexity=4.52e+09, threshold=3.60e+05)"
g5_h12_k2_dsparse_s1.txt,5,12,2,sparse,1,approx,0.002578,12,success
g5_h12_k2_dsparse_s2.txt,5,12,2,sparse,2,exact,0,-1,"complexity_skip (complexity=4.52e+09, threshold=3.60e+05)"
g5_h12_k2_dsparse_s2.txt,5,12,2,sparse,2,approx,0.002405,14,success
g3_h6_k6_ddense_s0.txt,3,6,6,dense,0,exact,0,-1,"complexity_skip (complexity=4.69e+09, threshold=3.60e+05)"
g3_h6_k6_ddense_s0.txt,3,6,6,dense,0,approx,0.002367,8,success
g3_h6_k6_ddense_s1.txt,3,6,6,dense,1,exact,0,-1,"complexity_skip (complexity=4.69e+09, threshold=3.60e+05)"
g3_h6_k6_ddense_s1.txt,3,6,6,dense,1,approx,0.002848,21,success
g3_h6_k6_ddense_s2.txt,3,6,6,dense,2,exact,0,-1,"complexity_skip (complexity=4.69e+09, threshold=3.60e+05)"
g3_h6_k6_ddense_s2.txt,3,6,6,dense,2,approx,0.002539,19,success
g3_h6_k6_dmedium_s0.txt,3,6,6,medium,0,exact,0,-1,"complexity_skip (complexity=4.69e+09, threshold=3.60e+05)"
g3_h6_k6_dmedium_s0.txt,3,6,6,medium,0,approx,0.002376,21,success
g3_h6_k6_dmedium_s1.txt,3,6,6,medium,1,exact,0,-1,"complexity_skip (complexity=4.69e+09, threshold=3.60e+05)"
g3_h6_k6_dmedium_s1.txt,3,6,6,medium,1,approx,0.002314,6,success
g3_h6_k6_dmedium_s2.txt,3,6,6,medium,2,exact,0,-1,"complexity_skip (complexity=4.69e+09, threshold=3.60e+05)"
g3_h6_k6_dmedium_s2.txt,3,6,6,medium,2,approx,0.002444,16,success
g3_h6_k6_dsparse_s0.txt,3,6,6,sparse,0,exact,0,-1,"complexity_skip (complexity=4.69e+09, threshold=3.60e+05)"
g3_h6_k6_dsparse_s0.txt,3,6,6,sparse,0,approx,0.002493,0,success
g3_h6_k6_dsparse_s1.txt,3,6,6,sparse,1,exact,0,-1,"complexity_skip (complexity=4.69e+09, threshold=3.60e+05)"
g3_h6_k6_dsparse_s1.txt,3,6,6,sparse,1,approx,0.002443,0,success
g3_h6_k6_dsparse_s2.txt,3,6,6,sparse,2,exact,0,-1,"complexity_skip (complexity=4.69e+09, threshold=3.60e+05)"
g3_h6_k6_dsparse_s2.txt,3,6,6,sparse,2,approx,0.002382,17,success
g8_h20_k1_ddense_s0.txt,8,20,1,dense,0,approx,0.002471,41,success
g8_h20_k1_ddense_s1.txt,8,20,1,dense,1,approx,0.002441,33,success
g8_h20_k1_ddense_s2.txt,8,20,1,dense,2,approx,0.002450,42,success
g8_h20_k1_dmedium_s0.txt,8,20,1,medium,0,approx,0.002530,29,success
g8_h20_k1_dmedium_s1.txt,8,20,1,medium,1,approx,0.002696,31,success
g8_h20_k1_dmedium_s2.txt,8,20,1,medium,2,approx,0.002466,23,success
g8_h20_k1_dsparse_s0.txt,8,20,1,sparse,0,approx,0.002423,18,success
g8_h20_k1_dsparse_s1.txt,8,20,1,sparse,1,approx,0.002593,14,success
g8_h20_k1_dsparse_s2.txt,8,20,1,sparse,2,approx,0.002387,13,success
g7_h28_k1_ddense_s0.txt,7,28,1,dense,0,approx,0.002720,23,success
g7_h28_k1_ddense_s1.txt,7,28,1,dense,1,approx,0.002815,37,success
g7_h28_k1_ddense_s2.txt,7,28,1,dense,2,approx,0.002658,31,success
g7_h28_k1_dmedium_s0.txt,7,28,1,medium,0,approx,0.002533,35,success
g7_h28_k1_dmedium_s1.txt,7,28,1,medium,1,approx,0.002536,30,success
g7_h28_k1_dmedium_s2.txt,7,28,1,medium,2,approx,0.002788,28,success
g7_h28_k1_dsparse_s0.txt,7,28,1,sparse,0,approx,0.002677,16,success
g7_h28_k1_dsparse_s1.txt,7,28,1,sparse,1,approx,0.002624,12,success
g7_h28_k1_dsparse_s2.txt,7,28,1,sparse,2,approx,0.002611,9,success
g10_h15_k1_ddense_s0.txt,10,15,1,dense,0,approx,0.002519,55,success
g10_h15_k1_ddense_s1.txt,10,15,1,dense,1,approx,0.002445,50,success
g10_h15_k1_ddense_s2.txt,10,15,1,dense,2,approx,0.002515,61,success
g10_h15_k1_dmedium_s0.txt,10,15,1,medium,0,approx,0.002560,52,success
g10_h15_k1_dmedium_s1.txt,10,15,1,medium,1,approx,0.002470,56,success
g10_h15_k1_dmedium_s2.txt,10,15,1,medium,2,approx,0.002342,49,success
g10_h15_k1_dsparse_s0.txt,10,15,1,sparse,0,approx,0.002420,25,success
g10_h15_k1_dsparse_s1.txt,10,15,1,sparse,1,approx,0.002535,25,success
g10_h15_k1_dsparse_s2.txt,10,15,1,sparse,2,approx,0.002740,24,success
g9_h18_k1_ddense_s0.txt,9,18,1,dense,0,approx,0.002440,40,success
g9_h18_k1_ddense_s1.txt,9,18,1,dense,1,approx,0.002400,42,success
g9_h18_k1_ddense_s2.txt,9,18,1,dense,2,approx,0.003288,46,success
g9_h18_k1_dmedium_s0.txt,9,18,1,medium,0,approx,0.002407,57,success
g9_h18_k1_dmedium_s1.txt,9,18,1,medium,1,approx,0.002660,55,success
g9_h18_k1_dmedium_s2.txt,9,18,1,medium,2,approx,0.002444,48,success
g9_h18_k1_dsparse_s0.txt,9,18,1,sparse,0,approx,0.002498,31,success
g9_h18_k1_dsparse_s1.txt,9,18,1,sparse,1,approx,0.002466,36,success
g9_h18_k1_dsparse_s2.txt,9,18,1,sparse,2,approx,0.002432,25,success
g4_h10_k3_ddense_s0.txt,4,10,3,dense,0,exact,0,-1,"complexity_skip (complexity=2.14e+10, threshold=3.60e+05)"
g4_h10_k3_ddense_s0.txt,4,10,3,dense,0,approx,0.002409,6,success
g4_h10_k3_ddense_s1.txt,4,10,3,dense,1,exact,0,-1,"complexity_skip (complexity=2.14e+10, threshold=3.60e+05)"
g4_h10_k3_ddense_s1.txt,4,10,3,dense,1,approx,0.002572,12,success
g4_h10_k3_ddense_s2.txt,4,10,3,dense,2,exact,0,-1,"complexity_skip (complexity=2.14e+10, threshold=3.60e+05)"
g4_h10_k3_ddense_s2.txt,4,10,3,dense,2,approx,0.002397,10,success
g4_h10_k3_dmedium_s0.txt,4,10,3,medium,0,exact,0,-1,"complexity_skip (complexity=2.14e+10, threshold=3.60e+05)"
g4_h10_k3_dmedium_s0.txt,4,10,3,medium,0,approx,0.002446,17,success
g4_h10_k3_dmedium_s1.txt,4,10,3,medium,1,exact,0,-1,"complexity_skip (complexity=2.14e+10, threshold=3.60e+05)"
g4_h10_k3_dmedium_s1.txt,4,10,3,medium,1,approx,0.002401,19,success
g4_h10_k3_dmedium_s2.txt,4,10,3,medium,2,exact,0,-1,"complexity_skip (complexity=2.14e+10, threshold=3.60e+05)"
g4_h10_k3_dmedium_s2.txt,4,10,3,medium,2,approx,0.002244,17,success
g4_h10_k3_dsparse_s0.txt,4,10,3,sparse,0,exact,0,-1,"complexity_skip (complexity=2.14e+10, threshold=3.60e+05)"
g4_h10_k3_dsparse_s0.txt,4,10,3,sparse,0,approx,0.002325,13,success
g4_h10_k3_dsparse_s1.txt,4,10,3,sparse,1,exact,0,-1,"complexity_skip (complexity=2.14e+10, threshold=3.60e+05)"
g4_h10_k3_dsparse_s1.txt,4,10,3,sparse,1,approx,0.002562,10,success
g4_h10_k3_dsparse_s2.txt,4,10,3,sparse,2,exact,0,-1,"complexity_skip (complexity=2.14e+10, threshold=3.60e+05)"
g4_h10_k3_dsparse_s2.txt,4,10,3,sparse,2,approx,0.002268,11,success
g2_h8_k9_ddense_s0.txt,2,8,9,dense,0,exact,0,-1,"complexity_skip (complexity=2.75e+10, threshold=3.60e+05)"
g2_h8_k9_ddense_s0.txt,2,8,9,dense,0,approx,0.002413,15,success
g2_h8_k9_ddense_s1.txt,2,8,9,dense,1,exact,0,-1,"complexity_skip (complexity=2.75e+10, threshold=3.60e+05)"
g2_h8_k9_ddense_s1.txt,2,8,9,dense,1,approx,0.002500,22,success
g2_h8_k9_ddense_s2.txt,2,8,9,dense,2,exact,0,-1,"complexity_skip (complexity=2.75e+10, threshold=3.60e+05)"
g2_h8_k9_ddense_s2.txt,2,8,9,dense,2,approx,0.002292,12,success
g2_h8_k9_dmedium_s0.txt,2,8,9,medium,0,exact,0,-1,"complexity_skip (complexity=2.75e+10, threshold=3.60e+05)"
g2_h8_k9_dmedium_s0.txt,2,8,9,medium,0,approx,0.002336,15,success
g2_h8_k9_dmedium_s1.txt,2,8,9,medium,1,exact,0,-1,"complexity_skip (complexity=2.75e+10, threshold=3.60e+05)"
g2_h8_k9_dmedium_s1.txt,2,8,9,medium,1,approx,0.003370,7,success
g2_h8_k9_dmedium_s2.txt,2,8,9,medium,2,exact,0,-1,"complexity_skip (complexity=2.75e+10, threshold=3.60e+05)"
g2_h8_k9_dmedium_s2.txt,2,8,9,medium,2,approx,0.002928,26,success
g2_h8_k9_dsparse_s0.txt,2,8,9,sparse,0,exact,0,-1,"complexity_skip (complexity=2.75e+10, threshold=3.60e+05)"
g2_h8_k9_dsparse_s0.txt,2,8,9,sparse,0,approx,0.002950,0,success
g2_h8_k9_dsparse_s1.txt,2,8,9,sparse,1,exact,0,-1,"complexity_skip (complexity=2.75e+10, threshold=3.60e+05)"
g2_h8_k9_dsparse_s1.txt,2,8,9,sparse,1,approx,0.002588,0,success
g2_h8_k9_dsparse_s2.txt,2,8,9,sparse,2,exact,0,-1,"complexity_skip (complexity=2.75e+10, threshold=3.60e+05)"
g2_h8_k9_dsparse_s2.txt,2,8,9,sparse,2,approx,0.002760,0,success
g8_h24_k1_ddense_s0.txt,8,24,1,dense,0,approx,0.002735,36,success
g8_h24_k1_ddense_s1.txt,8,24,1,dense,1,approx,0.002718,31,success
g8_h24_k1_ddense_s2.txt,8,24,1,dense,2,approx,0.002818,32,success
g8_h24_k1_dmedium_s0.txt,8,24,1,medium,0,approx,0.002724,25,success
g8_h24_k1_dmedium_s1.txt,8,24,1,medium,1,approx,0.002828,35,success
g8_h24_k1_dmedium_s2.txt,8,24,1,medium,2,approx,0.002724,34,success
g8_h24_k1_dsparse_s0.txt,8,24,1,sparse,0,approx,0.002848,19,success
g8_h24_k1_dsparse_s1.txt,8,24,1,sparse,1,approx,0.002587,18,success
g8_h24_k1_dsparse_s2.txt,8,24,1,sparse,2,approx,0.002727,26,success
g4_h6_k5_ddense_s0.txt,4,6,5,dense,0,exact,0,-1,"complexity_skip (complexity=5.18e+10, threshold=3.60e+05)"
g4_h6_k5_ddense_s0.txt,4,6,5,dense,0,approx,0.002659,20,success
g4_h6_k5_ddense_s1.txt,4,6,5,dense,1,exact,0,-1,"complexity_skip (complexity=5.18e+10, threshold=3.60e+05)"
g4_h6_k5_ddense_s1.txt,4,6,5,dense,1,approx,0.002816,29,success
g4_h6_k5_ddense_s2.txt,4,6,5,dense,2,exact,0,-1,"complexity_skip (complexity=5.18e+10, threshold=3.60e+05)"
g4_h6_k5_ddense_s2.txt,4,6,5,dense,2,approx,0.002540,36,success
g4_h6_k5_dmedium_s0.txt,4,6,5,medium,0,exact,0,-1,"complexity_skip (complexity=5.18e+10, threshold=3.60e+05)"
g4_h6_k5_dmedium_s0.txt,4,6,5,medium,0,approx,0.002730,26,success
g4_h6_k5_dmedium_s1.txt,4,6,5,medium,1,exact,0,-1,"complexity_skip (complexity=5.18e+10, threshold=3.60e+05)"
g4_h6_k5_dmedium_s1.txt,4,6,5,medium,1,approx,0.002379,22,success
g4_h6_k5_dmedium_s2.txt,4,6,5,medium,2,exact,0,-1,"complexity_skip (complexity=5.18e+10, threshold=3.60e+05)"
g4_h6_k5_dmedium_s2.txt,4,6,5,medium,2,approx,0.002864,20,success
g4_h6_k5_dsparse_s0.txt,4,6,5,sparse,0,exact,0,-1,"complexity_skip (complexity=5.18e+10, threshold=3.60e+05)"
g4_h6_k5_dsparse_s0.txt,4,6,5,sparse,0,approx,0.003051,4,success
g4_h6_k5_dsparse_s1.txt,4,6,5,sparse,1,exact,0,-1,"complexity_skip (complexity=5.18e+10, threshold=3.60e+05)"
g4_h6_k5_dsparse_s1.txt,4,6,5,sparse,1,approx,0.002555,19,success
g4_h6_k5_dsparse_s2.txt,4,6,5,sparse,2,exact,0,-1,"complexity_skip (complexity=5.18e+10, threshold=3.60e+05)"
g4_h6_k5_dsparse_s2.txt,4,6,5,sparse,2,approx,0.002608,22,success
g5_h15_k2_ddense_s0.txt,5,15,2,dense,0,exact,0,-1,"complexity_skip (complexity=6.49e+10, threshold=3.60e+05)"
g5_h15_k2_ddense_s0.txt,5,15,2,dense,0,approx,0.002438,24,success
g5_h15_k2_ddense_s1.txt,5,15,2,dense,1,exact,0,-1,"complexity_skip (complexity=6.49e+10, threshold=3.60e+05)"
g5_h15_k2_ddense_s1.txt,5,15,2,dense,1,approx,0.002310,24,success
g5_h15_k2_ddense_s2.txt,5,15,2,dense,2,exact,0,-1,"complexity_skip (complexity=6.49e+10, threshold=3.60e+05)"
g5_h15_k2_ddense_s2.txt,5,15,2,dense,2,approx,0.002476,13,success
g5_h15_k2_dmedium_s0.txt,5,15,2,medium,0,exact,0,-1,"complexity_skip (complexity=6.49e+10, threshold=3.60e+05)"
g5_h15_k2_dmedium_s0.txt,5,15,2,medium,0,approx,0.002537,17,success
g5_h15_k2_dmedium_s1.txt,5,15,2,medium,1,exact,0,-1,"complexity_skip (complexity=6.49e+10, threshold=3.60e+05)"
g5_h15_k2_dmedium_s1.txt,5,15,2,medium,1,approx,0.002573,17,success
g5_h15_k2_dmedium_s2.txt,5,15,2,medium,2,exact,0,-1,"complexity_skip (complexity=6.49e+10, threshold=3.60e+05)"
g5_h15_k2_dmedium_s2.txt,5,15,2,medium,2,approx,0.002446,11,success
g5_h15_k2_dsparse_s0.txt,5,15,2,sparse,0,exact,0,-1,"complexity_skip (complexity=6.49e+10, threshold=3.60e+05)"
g5_h15_k2_dsparse_s0.txt,5,15,2,sparse,0,approx,0.002398,10,success
g5_h15_k2_dsparse_s1.txt,5,15,2,sparse,1,exact,0,-1,"complexity_skip (complexity=6.49e+10, threshold=3.60e+05)"
g5_h15_k2_dsparse_s1.txt,5,15,2,sparse,1,approx,0.002587,10,success
g5_h15_k2_dsparse_s2.txt,5,15,2,sparse,2,exact,0,-1,"complexity_skip (complexity=6.49e+10, threshold=3.60e+05)"
g5_h15_k2_dsparse_s2.txt,5,15,2,sparse,2,approx,0.002800,13,success
g3_h6_k7_ddense_s0.txt,3,6,7,dense,0,exact,0,-1,"complexity_skip (complexity=8.44e+10, threshold=3.60e+05)"
g3_h6_k7_ddense_s0.txt,3,6,7,dense,0,approx,0.002765,33,success
g3_h6_k7_ddense_s1.txt,3,6,7,dense,1,exact,0,-1,"complexity_skip (complexity=8.44e+10, threshold=3.60e+05)"
g3_h6_k7_ddense_s1.txt,3,6,7,dense,1,approx,0.002644,30,success
g3_h6_k7_ddense_s2.txt,3,6,7,dense,2,exact,0,-1,"complexity_skip (complexity=8.44e+10, threshold=3.60e+05)"
g3_h6_k7_ddense_s2.txt,3,6,7,dense,2,approx,0.002596,17,success
g3_h6_k7_dmedium_s0.txt,3,6,7,medium,0,exact,0,-1,"complexity_skip (complexity=8.44e+10, threshold=3.60e+05)"
g3_h6_k7_dmedium_s0.txt,3,6,7,medium,0,approx,0.002762,41,success
g3_h6_k7_dmedium_s1.txt,3,6,7,medium,1,exact,0,-1,"complexity_skip (complexity=8.44e+10, threshold=3.60e+05)"
g3_h6_k7_dmedium_s1.txt,3,6,7,medium,1,approx,0.004731,21,success
g3_h6_k7_dmedium_s2.txt,3,6,7,medium,2,exact,0,-1,"complexity_skip (complexity=8.44e+10, threshold=3.60e+05)"
g3_h6_k7_dmedium_s2.txt,3,6,7,medium,2,approx,0.003258,9,success
g3_h6_k7_dsparse_s0.txt,3,6,7,sparse,0,exact,0,-1,"complexity_skip (complexity=8.44e+10, threshold=3.60e+05)"
g3_h6_k7_dsparse_s0.txt,3,6,7,sparse,0,approx,0.002710,22,success
g3_h6_k7_dsparse_s1.txt,3,6,7,sparse,1,exact,0,-1,"complexity_skip (complexity=8.44e+10, threshold=3.60e+05)"
g3_h6_k7_dsparse_s1.txt,3,6,7,sparse,1,approx,0.002335,14,success
g3_h6_k7_dsparse_s2.txt,3,6,7,sparse,2,exact,0,-1,"complexity_skip (complexity=8.44e+10, threshold=3.60e+05)"
g3_h6_k7_dsparse_s2.txt,3,6,7,sparse,2,approx,0.002455,21,success
g3_h12_k4_ddense_s0.txt,3,12,4,dense,0,exact,0,-1,"complexity_skip (complexity=1.27e+11, threshold=3.60e+05)"
g3_h12_k4_ddense_s0.txt,3,12,4,dense,0,approx,0.002451,13,success
g3_h12_k4_ddense_s1.txt,3,12,4,dense,1,exact,0,-1,"complexity_skip (complexity=1.27e+11, threshold=3.60e+05)"
g3_h12_k4_ddense_s1.txt,3,12,4,dense,1,approx,0.002454,24,success
g3_h12_k4_ddense_s2.txt,3,12,4,dense,2,exact,0,-1,"complexity_skip (complexity=1.27e+11, threshold=3.60e+05)"
g3_h12_k4_ddense_s2.txt,3,12,4,dense,2,approx,0.002509,11,success
g3_h12_k4_dmedium_s0.txt,3,12,4,medium,0,exact,0,-1,"complexity_skip (complexity=1.27e+11, threshold=3.60e+05)"
g3_h12_k4_dmedium_s0.txt,3,12,4,medium,0,approx,0.002392,29,success
g3_h12_k4_dmedium_s1.txt,3,12,4,medium,1,exact,0,-1,"complexity_skip (complexity=1.27e+11, threshold=3.60e+05)"
g3_h12_k4_dmedium_s1.txt,3,12,4,medium,1,approx,0.002321,8,success
g3_h12_k4_dmedium_s2.txt,3,12,4,medium,2,exact,0,-1,"complexity_skip (complexity=1.27e+11, threshold=3.60e+05)"
g3_h12_k4_dmedium_s2.txt,3,12,4,medium,2,approx,0.002348,2,success
g3_h12_k4_dsparse_s0.txt,3,12,4,sparse,0,exact,0,-1,"complexity_skip (complexity=1.27e+11, threshold=3.60e+05)"
g3_h12_k4_dsparse_s0.txt,3,12,4,sparse,0,approx,0.002373,12,success
g3_h12_k4_dsparse_s1.txt,3,12,4,sparse,1,exact,0,-1,"complexity_skip (complexity=1.27e+11, threshold=3.60e+05)"
g3_h12_k4_dsparse_s1.txt,3,12,4,sparse,1,approx,0.002558,9,success
g3_h12_k4_dsparse_s2.txt,3,12,4,sparse,2,exact,0,-1,"complexity_skip (complexity=1.27e+11, threshold=3.60e+05)"
g3_h12_k4_dsparse_s2.txt,3,12,4,sparse,2,approx,0.002465,5,success
g3_h7_k6_ddense_s0.txt,3,7,6,dense,0,exact,0,-1,"complexity_skip (complexity=1.28e+11, threshold=3.60e+05)"
g3_h7_k6_ddense_s0.txt,3,7,6,dense,0,approx,0.002392,26,success
g3_h7_k6_ddense_s1.txt,3,7,6,dense,1,exact,0,-1,"complexity_skip (complexity=1.28e+11, threshold=3.60e+05)"
g3_h7_k6_ddense_s1.txt,3,7,6,dense,1,approx,0.002371,21,success
g3_h7_k6_ddense_s2.txt,3,7,6,dense,2,exact,0,-1,"complexity_skip (complexity=1.28e+11, threshold=3.60e+05)"
g3_h7_k6_ddense_s2.txt,3,7,6,dense,2,approx,0.002405,25,success
g3_h7_k6_dmedium_s0.txt,3,7,6,medium,0,exact,0,-1,"complexity_skip (complexity=1.28e+11, threshold=3.60e+05)"
g3_h7_k6_dmedium_s0.txt,3,7,6,medium,0,approx,0.002326,12,success
g3_h7_k6_dmedium_s1.txt,3,7,6,medium,1,exact,0,-1,"complexity_skip (complexity=1.28e+11, threshold=3.60e+05)"
g3_h7_k6_dmedium_s1.txt,3,7,6,medium,1,approx,0.002264,18,success
g3_h7_k6_dmedium_s2.txt,3,7,6,medium,2,exact,0,-1,"complexity_skip (complexity=1.28e+11, threshold=3.60e+05)"
g3_h7_k6_dmedium_s2.txt,3,7,6,medium,2,approx,0.002301,19,success
g3_h7_k6_dsparse_s0.txt,3,7,6,sparse,0,exact,0,-1,"complexity_skip (complexity=1.28e+11, threshold=3.60e+05)"
g3_h7_k6_dsparse_s0.txt,3,7,6,sparse,0,approx,0.002278,28,success
g3_h7_k6_dsparse_s1.txt,3,7,6,sparse,1,exact,0,-1,"complexity_skip (complexity=1.28e+11, threshold=3.60e+05)"
g3_h7_k6_dsparse_s1.txt,3,7,6,sparse,1,approx,0.002301,8,success
g3_h7_k6_dsparse_s2.txt,3,7,6,sparse,2,exact,0,-1,"complexity_skip (complexity=1.28e+11, threshold=3.60e+05)"
g3_h7_k6_dsparse_s2.txt,3,7,6,sparse,2,approx,0.002423,3,success
g2_h8_k10_ddense_s0.txt,2,8,10,dense,0,exact,0,-1,"complexity_skip (complexity=1.79e+11, threshold=3.60e+05)"
g2_h8_k10_ddense_s0.txt,2,8,10,dense,0,approx,0.002316,28,success
g2_h8_k10_ddense_s1.txt,2,8,10,dense,1,exact,0,-1,"complexity_skip (complexity=1.79e+11, threshold=3.60e+05)"
g2_h8_k10_ddense_s1.txt,2,8,10,dense,1,approx,0.002382,28,success
g2_h8_k10_ddense_s2.txt,2,8,10,dense,2,exact,0,-1,"complexity_skip (complexity=1.79e+11, threshold=3.60e+05)"
g2_h8_k10_ddense_s2.txt,2,8,10,dense,2,approx,0.002388,26,success
g2_h8_k10_dmedium_s0.txt,2,8,10,medium,0,exact,0,-1,"complexity_skip (complexity=1.79e+11, threshold=3.60e+05)"
g2_h8_k10_dmedium_s0.txt,2,8,10,medium,0,approx,0.002341,0,success
g2_h8_k10_dmedium_s1.txt,2,8,10,medium,1,exact,0,-1,"complexity_skip (complexity=1.79e+11, threshold=3.60e+05)"
g2_h8_k10_dmedium_s1.txt,2,8,10,medium,1,approx,0.002316,16,success
g2_h8_k10_dmedium_s2.txt,2,8,10,medium,2,exact,0,-1,"complexity_skip (complexity=1.79e+11, threshold=3.60e+05)"
g2_h8_k10_dmedium_s2.txt,2,8,10,medium,2,approx,0.002536,17,success
g2_h8_k10_dsparse_s0.txt,2,8,10,sparse,0,exact,0,-1,"complexity_skip (complexity=1.79e+11, threshold=3.60e+05)"
g2_h8_k10_dsparse_s0.txt,2,8,10,sparse,0,approx,0.002507,0,success
g2_h8_k10_dsparse_s1.txt,2,8,10,sparse,1,exact,0,-1,"complexity_skip (complexity=1.79e+11, threshold=3.60e+05)"
g2_h8_k10_dsparse_s1.txt,2,8,10,sparse,1,approx,0.002434,9,success
g2_h8_k10_dsparse_s2.txt,2,8,10,sparse,2,exact,0,-1,"complexity_skip (complexity=1.79e+11, threshold=3.60e+05)"
g2_h8_k10_dsparse_s2.txt,2,8,10,sparse,2,approx,0.002667,0,success
g9_h22_k1_ddense_s0.txt,9,22,1,dense,0,approx,0.002763,41,success
g9_h22_k1_ddense_s1.txt,9,22,1,dense,1,approx,0.002584,34,success
g9_h22_k1_ddense_s2.txt,9,22,1,dense,2,approx,0.002821,43,success
g9_h22_k1_dmedium_s0.txt,9,22,1,medium,0,approx,0.002535,36,success
g9_h22_k1_dmedium_s1.txt,9,22,1,medium,1,approx,0.002505,40,success
g9_h22_k1_dmedium_s2.txt,9,22,1,medium,2,approx,0.002507,47,success
g9_h22_k1_dsparse_s0.txt,9,22,1,sparse,0,approx,0.002482,30,success
g9_h22_k1_dsparse_s1.txt,9,22,1,sparse,1,approx,0.002502,24,success
g9_h22_k1_dsparse_s2.txt,9,22,1,sparse,2,approx,0.002508,17,success
g7_h10_k2_ddense_s0.txt,7,10,2,dense,0,approx,0.002399,55,success
g7_h10_k2_ddense_s1.txt,7,10,2,dense,1,approx,0.002371,35,success
g7_h10_k2_ddense_s2.txt,7,10,2,dense,2,approx,0.002381,46,success
g7_h10_k2_dmedium_s0.txt,7,10,2,medium,0,approx,0.002403,49,success
g7_h10_k2_dmedium_s1.txt,7,10,2,medium,1,approx,0.002454,55,success
g7_h10_k2_dmedium_s2.txt,7,10,2,medium,2,approx,0.002431,51,success
g7_h10_k2_dsparse_s0.txt,7,10,2,sparse,0,approx,0.002453,11,success
g7_h10_k2_dsparse_s1.txt,7,10,2,sparse,1,approx,0.002364,24,success
g7_h10_k2_dsparse_s2.txt,7,10,2,sparse,2,approx,0.002364,22,success
g6_h12_k2_ddense_s0.txt,6,12,2,dense,0,exact,0,-1,"complexity_skip (complexity=2.21e+11, threshold=3.60e+05)"
g6_h12_k2_ddense_s0.txt,6,12,2,dense,0,approx,0.002494,22,success
g6_h12_k2_ddense_s1.txt,6,12,2,dense,1,exact,0,-1,"complexity_skip (complexity=2.21e+11, threshold=3.60e+05)"
g6_h12_k2_ddense_s1.txt,6,12,2,dense,1,approx,0.002698,22,success
g6_h12_k2_ddense_s2.txt,6,12,2,dense,2,exact,0,-1,"complexity_skip (complexity=2.21e+11, threshold=3.60e+05)"
g6_h12_k2_ddense_s2.txt,6,12,2,dense,2,approx,0.002710,22,success
g6_h12_k2_dmedium_s0.txt,6,12,2,medium,0,exact,0,-1,"complexity_skip (complexity=2.21e+11, threshold=3.60e+05)"
g6_h12_k2_dmedium_s0.txt,6,12,2,medium,0,approx,0.002695,32,success
g6_h12_k2_dmedium_s1.txt,6,12,2,medium,1,exact,0,-1,"complexity_skip (complexity=2.21e+11, threshold=3.60e+05)"
g6_h12_k2_dmedium_s1.txt,6,12,2,medium,1,approx,0.002488,25,success
g6_h12_k2_dmedium_s2.txt,6,12,2,medium,2,exact,0,-1,"complexity_skip (complexity=2.21e+11, threshold=3.60e+05)"
g6_h12_k2_dmedium_s2.txt,6,12,2,medium,2,approx,0.002540,26,success
g6_h12_k2_dsparse_s0.txt,6,12,2,sparse,0,exact,0,-1,"complexity_skip (complexity=2.21e+11, threshold=3.60e+05)"
g6_h12_k2_dsparse_s0.txt,6,12,2,sparse,0,approx,0.002390,24,success
g6_h12_k2_dsparse_s1.txt,6,12,2,sparse,1,exact,0,-1,"complexity_skip (complexity=2.21e+11, threshold=3.60e+05)"
g6_h12_k2_dsparse_s1.txt,6,12,2,sparse,1,approx,0.002340,20,success
g6_h12_k2_dsparse_s2.txt,6,12,2,sparse,2,exact,0,-1,"complexity_skip (complexity=2.21e+11, threshold=3.60e+05)"
g6_h12_k2_dsparse_s2.txt,6,12,2,sparse,2,approx,0.002836,10,success
g3_h9_k5_ddense_s0.txt,3,9,5,dense,0,exact,0,-1,"complexity_skip (complexity=2.76e+11, threshold=3.60e+05)"
g3_h9_k5_ddense_s0.txt,3,9,5,dense,0,approx,0.002436,22,success
g3_h9_k5_ddense_s1.txt,3,9,5,dense,1,exact,0,-1,"complexity_skip (complexity=2.76e+11, threshold=3.60e+05)"
g3_h9_k5_ddense_s1.txt,3,9,5,dense,1,approx,0.002458,23,success
g3_h9_k5_ddense_s2.txt,3,9,5,dense,2,exact,0,-1,"complexity_skip (complexity=2.76e+11, threshold=3.60e+05)"
g3_h9_k5_ddense_s2.txt,3,9,5,dense,2,approx,0.002326,9,success
g3_h9_k5_dmedium_s0.txt,3,9,5,medium,0,exact,0,-1,"complexity_skip (complexity=2.76e+11, threshold=3.60e+05)"
g3_h9_k5_dmedium_s0.txt,3,9,5,medium,0,approx,0.002339,0,success
g3_h9_k5_dmedium_s1.txt,3,9,5,medium,1,exact,0,-1,"complexity_skip (complexity=2.76e+11, threshold=3.60e+05)"
g3_h9_k5_dmedium_s1.txt,3,9,5,medium,1,approx,0.002380,18,success
g3_h9_k5_dmedium_s2.txt,3,9,5,medium,2,exact,0,-1,"complexity_skip (complexity=2.76e+11, threshold=3.60e+05)"
g3_h9_k5_dmedium_s2.txt,3,9,5,medium,2,approx,0.002373,15,success
g3_h9_k5_dsparse_s0.txt,3,9,5,sparse,0,exact,0,-1,"complexity_skip (complexity=2.76e+11, threshold=3.60e+05)"
g3_h9_k5_dsparse_s0.txt,3,9,5,sparse,0,approx,0.002354,10,success
g3_h9_k5_dsparse_s1.txt,3,9,5,sparse,1,exact,0,-1,"complexity_skip (complexity=2.76e+11, threshold=3.60e+05)"
g3_h9_k5_dsparse_s1.txt,3,9,5,sparse,1,approx,0.002253,18,success
g3_h9_k5_dsparse_s2.txt,3,9,5,sparse,2,exact,0,-1,"complexity_skip (complexity=2.76e+11, threshold=3.60e+05)"
g3_h9_k5_dsparse_s2.txt,3,9,5,sparse,2,approx,0.002364,6,success
g4_h12_k3_ddense_s0.txt,4,12,3,dense,0,exact,0,-1,"complexity_skip (complexity=2.80e+11, threshold=3.60e+05)"
g4_h12_k3_ddense_s0.txt,4,12,3,dense,0,approx,0.002410,14,success
g4_h12_k3_ddense_s1.txt,4,12,3,dense,1,exact,0,-1,"complexity_skip (complexity=2.80e+11, threshold=3.60e+05)"
g4_h12_k3_ddense_s1.txt,4,12,3,dense,1,approx,0.002295,13,success
g4_h12_k3_ddense_s2.txt,4,12,3,dense,2,exact,0,-1,"complexity_skip (complexity=2.80e+11, threshold=3.60e+05)"
g4_h12_k3_ddense_s2.txt,4,12,3,dense,2,approx,0.002719,15,success
g4_h12_k3_dmedium_s0.txt,4,12,3,medium,0,exact,0,-1,"complexity_skip (complexity=2.80e+11, threshold=3.60e+05)"
g4_h12_k3_dmedium_s0.txt,4,12,3,medium,0,approx,0.002559,5,success
g4_h12_k3_dmedium_s1.txt,4,12,3,medium,1,exact,0,-1,"complexity_skip (complexity=2.80e+11, threshold=3.60e+05)"
g4_h12_k3_dmedium_s1.txt,4,12,3,medium,1,approx,0.002444,18,success
g4_h12_k3_dmedium_s2.txt,4,12,3,medium,2,exact,0,-1,"complexity_skip (complexity=2.80e+11, threshold=3.60e+05)"
g4_h12_k3_dmedium_s2.txt,4,12,3,medium,2,approx,0.002840,17,success
g4_h12_k3_dsparse_s0.txt,4,12,3,sparse,0,exact,0,-1,"complexity_skip (complexity=2.80e+11, threshold=3.60e+05)"
g4_h12_k3_dsparse_s0.txt,4,12,3,sparse,0,approx,0.002531,13,success
g4_h12_k3_dsparse_s1.txt,4,12,3,sparse,1,exact,0,-1,"complexity_skip (complexity=2.80e+11, threshold=3.60e+05)"
g4_h12_k3_dsparse_s1.txt,4,12,3,sparse,1,approx,0.002436,6,success
g4_h12_k3_dsparse_s2.txt,4,12,3,sparse,2,exact,0,-1,"complexity_skip (complexity=2.80e+11, threshold=3.60e+05)"
g4_h12_k3_dsparse_s2.txt,4,12,3,sparse,2,approx,0.002497,11,success
g4_h8_k4_ddense_s0.txt,4,8,4,dense,0,exact,0,-1,"complexity_skip (complexity=3.33e+11, threshold=3.60e+05)"
g4_h8_k4_ddense_s0.txt,4,8,4,dense,0,approx,0.002414,7,success
g4_h8_k4_ddense_s1.txt,4,8,4,dense,1,exact,0,-1,"complexity_skip (complexity=3.33e+11, threshold=3.60e+05)"
g4_h8_k4_ddense_s1.txt,4,8,4,dense,1,approx,0.002267,12,success
g4_h8_k4_ddense_s2.txt,4,8,4,dense,2,exact,0,-1,"complexity_skip (complexity=3.33e+11, threshold=3.60e+05)"
g4_h8_k4_ddense_s2.txt,4,8,4,dense,2,approx,0.002532,16,success
g4_h8_k4_dmedium_s0.txt,4,8,4,medium,0,exact,0,-1,"complexity_skip (complexity=3.33e+11, threshold=3.60e+05)"
g4_h8_k4_dmedium_s0.txt,4,8,4,medium,0,approx,0.002487,9,success
g4_h8_k4_dmedium_s1.txt,4,8,4,medium,1,exact,0,-1,"complexity_skip (complexity=3.33e+11, threshold=3.60e+05)"
g4_h8_k4_dmedium_s1.txt,4,8,4,medium,1,approx,0.002387,11,success
g4_h8_k4_dmedium_s2.txt,4,8,4,medium,2,exact,0,-1,"complexity_skip (complexity=3.33e+11, threshold=3.60e+05)"
g4_h8_k4_dmedium_s2.txt,4,8,4,medium,2,approx,0.002340,36,success
g4_h8_k4_dsparse_s0.txt,4,8,4,sparse,0,exact,0,-1,"complexity_skip (complexity=3.33e+11, threshold=3.60e+05)"
g4_h8_k4_dsparse_s0.txt,4,8,4,sparse,0,approx,0.002499,4,success
g4_h8_k4_dsparse_s1.txt,4,8,4,sparse,1,exact,0,-1,"complexity_skip (complexity=3.33e+11, threshold=3.60e+05)"
g4_h8_k4_dsparse_s1.txt,4,8,4,sparse,1,approx,0.002298,4,success
g4_h8_k4_dsparse_s2.txt,4,8,4,sparse,2,exact,0,-1,"complexity_skip (complexity=3.33e+11, threshold=3.60e+05)"
g4_h8_k4_dsparse_s2.txt,4,8,4,sparse,2,approx,0.002504,19,success
g8_h32_k1_ddense_s0.txt,8,32,1,dense,0,approx,0.002730,42,success
g8_h32_k1_ddense_s1.txt,8,32,1,dense,1,approx,0.002899,26,success
g8_h32_k1_ddense_s2.txt,8,32,1,dense,2,approx,0.002658,19,success
g8_h32_k1_dmedium_s0.txt,8,32,1,medium,0,approx,0.002810,31,success
g8_h32_k1_dmedium_s1.txt,8,32,1,medium,1,approx,0.002959,37,success
g8_h32_k1_dmedium_s2.txt,8,32,1,medium,2,approx,0.002720,25,success
g8_h32_k1_dsparse_s0.txt,8,32,1,sparse,0,approx,0.002979,14,success
g8_h32_k1_dsparse_s1.txt,8,32,1,sparse,1,approx,0.002735,24,success
g8_h32_k1_dsparse_s2.txt,8,32,1,sparse,2,approx,0.002771,14,success
g10_h20_k1_ddense_s0.txt,10,20,1,dense,0,approx,0.002467,38,success
g10_h20_k1_ddense_s1.txt,10,20,1,dense,1,approx,0.002536,57,success
g10_h20_k1_ddense_s2.txt,10,20,1,dense,2,approx,0.002446,60,success
g10_h20_k1_dmedium_s0.txt,10,20,1,medium,0,approx,0.002810,39,success
g10_h20_k1_dmedium_s1.txt,10,20,1,medium,1,approx,0.003499,52,success
g10_h20_k1_dmedium_s2.txt,10,20,1,medium,2,approx,0.002918,48,success
g10_h20_k1_dsparse_s0.txt,10,20,1,sparse,0,approx,0.002804,31,success
g10_h20_k1_dsparse_s1.txt,10,20,1,sparse,1,approx,0.002880,24,success
g10_h20_k1_dsparse_s2.txt,10,20,1,sparse,2,approx,0.002787,43,success
g3_h6_k8_ddense_s0.txt,3,6,8,dense,0,exact,0,-1,"complexity_skip (complexity=1.34e+12, threshold=3.60e+05)"
g3_h6_k8_ddense_s0.txt,3,6,8,dense,0,approx,0.002615,31,success
g3_h6_k8_ddense_s1.txt,3,6,8,dense,1,exact,0,-1,"complexity_skip (complexity=1.34e+12, threshold=3.60e+05)"
g3_h6_k8_ddense_s1.txt,3,6,8,dense,1,approx,0.002497,41,success
g3_h6_k8_ddense_s2.txt,3,6,8,dense,2,exact,0,-1,"complexity_skip (complexity=1.34e+12, threshold=3.60e+05)"
g3_h6_k8_ddense_s2.txt,3,6,8,dense,2,approx,0.002386,21,success
g3_h6_k8_dmedium_s0.txt,3,6,8,medium,0,exact,0,-1,"complexity_skip (complexity=1.34e+12, threshold=3.60e+05)"
g3_h6_k8_dmedium_s0.txt,3,6,8,medium,0,approx,0.002355,20,success
g3_h6_k8_dmedium_s1.txt,3,6,8,medium,1,exact,0,-1,"complexity_skip (complexity=1.34e+12, threshold=3.60e+05)"
g3_h6_k8_dmedium_s1.txt,3,6,8,medium,1,approx,0.002280,24,success
g3_h6_k8_dmedium_s2.txt,3,6,8,medium,2,exact,0,-1,"complexity_skip (complexity=1.34e+12, threshold=3.60e+05)"
g3_h6_k8_dmedium_s2.txt,3,6,8,medium,2,approx,0.002313,23,success
g3_h6_k8_dsparse_s0.txt,3,6,8,sparse,0,exact,0,-1,"complexity_skip (complexity=1.34e+12, threshold=3.60e+05)"
g3_h6_k8_dsparse_s0.txt,3,6,8,sparse,0,approx,0.002473,29,success
g3_h6_k8_dsparse_s1.txt,3,6,8,sparse,1,exact,0,-1,"complexity_skip (complexity=1.34e+12, threshold=3.60e+05)"
g3_h6_k8_dsparse_s1.txt,3,6,8,sparse,1,approx,0.002379,18,success
g3_h6_k8_dsparse_s2.txt,3,6,8,sparse,2,exact,0,-1,"complexity_skip (complexity=1.34e+12, threshold=3.60e+05)"
g3_h6_k8_dsparse_s2.txt,3,6,8,sparse,2,approx,0.002319,30,success
g5_h7_k4_ddense_s0.txt,5,7,4,dense,0,exact,0,-1,"complexity_skip (complexity=1.68e+12, threshold=3.60e+05)"
g5_h7_k4_ddense_s0.txt,5,7,4,dense,0,approx,0.002234,24,success
g5_h7_k4_ddense_s1.txt,5,7,4,dense,1,exact,0,-1,"complexity_skip (complexity=1.68e+12, threshold=3.60e+05)"
g5_h7_k4_ddense_s1.txt,5,7,4,dense,1,approx,0.002394,32,success
g5_h7_k4_ddense_s2.txt,5,7,4,dense,2,exact,0,-1,"complexity_skip (complexity=1.68e+12, threshold=3.60e+05)"
g5_h7_k4_ddense_s2.txt,5,7,4,dense,2,approx,0.002207,24,success
g5_h7_k4_dmedium_s0.txt,5,7,4,medium,0,exact,0,-1,"complexity_skip (complexity=1.68e+12, threshold=3.60e+05)"
g5_h7_k4_dmedium_s0.txt,5,7,4,medium,0,approx,0.002479,23,success
g5_h7_k4_dmedium_s1.txt,5,7,4,medium,1,exact,0,-1,"complexity_skip (complexity=1.68e+12, threshold=3.60e+05)"
g5_h7_k4_dmedium_s1.txt,5,7,4,medium,1,approx,0.002244,22,success
g5_h7_k4_dmedium_s2.txt,5,7,4,medium,2,exact,0,-1,"complexity_skip (complexity=1.68e+12, threshold=3.60e+05)"
g5_h7_k4_dmedium_s2.txt,5,7,4,medium,2,approx,0.002416,33,success
g5_h7_k4_dsparse_s0.txt,5,7,4,sparse,0,exact,0,-1,"complexity_skip (complexity=1.68e+12, threshold=3.60e+05)"
g5_h7_k4_dsparse_s0.txt,5,7,4,sparse,0,approx,0.002323,21,success
g5_h7_k4_dsparse_s1.txt,5,7,4,sparse,1,exact,0,-1,"complexity_skip (complexity=1.68e+12, threshold=3.60e+05)"
g5_h7_k4_dsparse_s1.txt,5,7,4,sparse,1,approx,0.002460,8,success
g5_h7_k4_dsparse_s2.txt,5,7,4,sparse,2,exact,0,-1,"complexity_skip (complexity=1.68e+12, threshold=3.60e+05)"
g5_h7_k4_dsparse_s2.txt,5,7,4,sparse,2,approx,0.002340,6,success
g9_h27_k1_ddense_s0.txt,9,27,1,dense,0,approx,0.002639,44,success
g9_h27_k1_ddense_s1.txt,9,27,1,dense,1,approx,0.002469,41,success
g9_h27_k1_ddense_s2.txt,9,27,1,dense,2,approx,0.002503,54,success
g9_h27_k1_dmedium_s0.txt,9,27,1,medium,0,approx,0.002451,39,success
g9_h27_k1_dmedium_s1.txt,9,27,1,medium,1,approx,0.002698,33,success
g9_h27_k1_dmedium_s2.txt,9,27,1,medium,2,approx,0.002561,50,success
g9_h27_k1_dsparse_s0.txt,9,27,1,sparse,0,approx,0.002796,31,success
g9_h27_k1_dsparse_s1.txt,9,27,1,sparse,1,approx,0.002624,27,success
g9_h27_k1_dsparse_s2.txt,9,27,1,sparse,2,approx,0.002826,28,success
g5_h20_k2_ddense_s0.txt,5,20,2,dense,0,exact,0,-1,"complexity_skip (complexity=1.73e+12, threshold=3.60e+05)"
g5_h20_k2_ddense_s0.txt,5,20,2,dense,0,approx,0.002767,23,success
g5_h20_k2_ddense_s1.txt,5,20,2,dense,1,exact,0,-1,"complexity_skip (complexity=1.73e+12, threshold=3.60e+05)"
g5_h20_k2_ddense_s1.txt,5,20,2,dense,1,approx,0.002936,15,success
g5_h20_k2_ddense_s2.txt,5,20,2,dense,2,exact,0,-1,"complexity_skip (complexity=1.73e+12, threshold=3.60e+05)"
g5_h20_k2_ddense_s2.txt,5,20,2,dense,2,approx,0.004652,29,success
g5_h20_k2_dmedium_s0.txt,5,20,2,medium,0,exact,0,-1,"complexity_skip (complexity=1.73e+12, threshold=3.60e+05)"
g5_h20_k2_dmedium_s0.txt,5,20,2,medium,0,approx,0.002767,17,success
g5_h20_k2_dmedium_s1.txt,5,20,2,medium,1,exact,0,-1,"complexity_skip (complexity=1.73e+12, threshold=3.60e+05)"
g5_h20_k2_dmedium_s1.txt,5,20,2,medium,1,approx,0.002631,21,success
g5_h20_k2_dmedium_s2.txt,5,20,2,medium,2,exact,0,-1,"complexity_skip (complexity=1.73e+12, threshold=3.60e+05)"
g5_h20_k2_dmedium_s2.txt,5,20,2,medium,2,approx,0.002689,16,success
g5_h20_k2_dsparse_s0.txt,5,20,2,sparse,0,exact,0,-1,"complexity_skip (complexity=1.73e+12, threshold=3.60e+05)"
g5_h20_k2_dsparse_s0.txt,5,20,2,sparse,0,approx,0.002794,6,success
g5_h20_k2_dsparse_s1.txt,5,20,2,sparse,1,exact,0,-1,"complexity_skip (complexity=1.73e+12, threshold=3.60e+05)"
g5_h20_k2_dsparse_s1.txt,5,20,2,sparse,1,approx,0.002515,24,success
g5_h20_k2_dsparse_s2.txt,5,20,2,sparse,2,exact,0,-1,"complexity_skip (complexity=1.73e+12, threshold=3.60e+05)"
g5_h20_k2_dsparse_s2.txt,5,20,2,sparse,2,approx,0.002624,14,success
g4_h6_k6_ddense_s0.txt,4,6,6,dense,0,exact,0,-1,"complexity_skip (complexity=3.15e+12, threshold=3.60e+05)"
g4_h6_k6_ddense_s0.txt,4,6,6,dense,0,approx,0.002455,16,success
g4_h6_k6_ddense_s1.txt,4,6,6,dense,1,exact,0,-1,"complexity_skip (complexity=3.15e+12, threshold=3.60e+05)"
g4_h6_k6_ddense_s1.txt,4,6,6,dense,1,approx,0.002452,29,success
g4_h6_k6_ddense_s2.txt,4,6,6,dense,2,exact,0,-1,"complexity_skip (complexity=3.15e+12, threshold=3.60e+05)"
g4_h6_k6_ddense_s2.txt,4,6,6,dense,2,approx,0.002637,30,success
g4_h6_k6_dmedium_s0.txt,4,6,6,medium,0,exact,0,-1,"complexity_skip (complexity=3.15e+12, threshold=3.60e+05)"
g4_h6_k6_dmedium_s0.txt,4,6,6,medium,0,approx,0.002441,19,success
g4_h6_k6_dmedium_s1.txt,4,6,6,medium,1,exact,0,-1,"complexity_skip (complexity=3.15e+12, threshold=3.60e+05)"
g4_h6_k6_dmedium_s1.txt,4,6,6,medium,1,approx,0.002526,26,success
g4_h6_k6_dmedium_s2.txt,4,6,6,medium,2,exact,0,-1,"complexity_skip (complexity=3.15e+12, threshold=3.60e+05)"
g4_h6_k6_dmedium_s2.txt,4,6,6,medium,2,approx,0.002566,24,success
g4_h6_k6_dsparse_s0.txt,4,6,6,sparse,0,exact,0,-1,"complexity_skip (complexity=3.15e+12, threshold=3.60e+05)"
g4_h6_k6_dsparse_s0.txt,4,6,6,sparse,0,approx,0.002364,10,success
g4_h6_k6_dsparse_s1.txt,4,6,6,sparse,1,exact,0,-1,"complexity_skip (complexity=3.15e+12, threshold=3.60e+05)"
g4_h6_k6_dsparse_s1.txt,4,6,6,sparse,1,approx,0.002415,16,success
g4_h6_k6_dsparse_s2.txt,4,6,6,sparse,2,exact,0,-1,"complexity_skip (complexity=3.15e+12, threshold=3.60e+05)"
g4_h6_k6_dsparse_s2.txt,4,6,6,sparse,2,approx,0.002496,9,success
g3_h7_k7_ddense_s0.txt,3,7,7,dense,0,exact,0,-1,"complexity_skip (complexity=3.95e+12, threshold=3.60e+05)"
g3_h7_k7_ddense_s0.txt,3,7,7,dense,0,approx,0.002368,35,success
g3_h7_k7_ddense_s1.txt,3,7,7,dense,1,exact,0,-1,"complexity_skip (complexity=3.95e+12, threshold=3.60e+05)"
g3_h7_k7_ddense_s1.txt,3,7,7,dense,1,approx,0.002371,19,success
g3_h7_k7_ddense_s2.txt,3,7,7,dense,2,exact,0,-1,"complexity_skip (complexity=3.95e+12, threshold=3.60e+05)"
g3_h7_k7_ddense_s2.txt,3,7,7,dense,2,approx,0.002560,17,success
g3_h7_k7_dmedium_s0.txt,3,7,7,medium,0,exact,0,-1,"complexity_skip (complexity=3.95e+12, threshold=3.60e+05)"
g3_h7_k7_dmedium_s0.txt,3,7,7,medium,0,approx,0.002330,27,success
g3_h7_k7_dmedium_s1.txt,3,7,7,medium,1,exact,0,-1,"complexity_skip (complexity=3.95e+12, threshold=3.60e+05)"
g3_h7_k7_dmedium_s1.txt,3,7,7,medium,1,approx,0.002372,16,success
g3_h7_k7_dmedium_s2.txt,3,7,7,medium,2,exact,0,-1,"complexity_skip (complexity=3.95e+12, threshold=3.60e+05)"
g3_h7_k7_dmedium_s2.txt,3,7,7,medium,2,approx,0.002534,39,success
g3_h7_k7_dsparse_s0.txt,3,7,7,sparse,0,exact,0,-1,"complexity_skip (complexity=3.95e+12, threshold=3.60e+05)"
g3_h7_k7_dsparse_s0.txt,3,7,7,sparse,0,approx,0.002353,13,success
g3_h7_k7_dsparse_s1.txt,3,7,7,sparse,1,exact,0,-1,"complexity_skip (complexity=3.95e+12, threshold=3.60e+05)"
g3_h7_k7_dsparse_s1.txt,3,7,7,sparse,1,approx,0.002586,16,success
g3_h7_k7_dsparse_s2.txt,3,7,7,sparse,2,exact,0,-1,"complexity_skip (complexity=3.95e+12, threshold=3.60e+05)"
g3_h7_k7_dsparse_s2.txt,3,7,7,sparse,2,approx,0.002513,4,success
g5_h10_k3_ddense_s0.txt,5,10,3,dense,0,exact,0,-1,"complexity_skip (complexity=4.61e+12, threshold=3.60e+05)"
g5_h10_k3_ddense_s0.txt,5,10,3,dense,0,approx,0.002359,16,success
g5_h10_k3_ddense_s1.txt,5,10,3,dense,1,exact,0,-1,"complexity_skip (complexity=4.61e+12, threshold=3.60e+05)"
g5_h10_k3_ddense_s1.txt,5,10,3,dense,1,approx,0.002766,16,success
g5_h10_k3_ddense_s2.txt,5,10,3,dense,2,exact,0,-1,"complexity_skip (complexity=4.61e+12, threshold=3.60e+05)"
g5_h10_k3_ddense_s2.txt,5,10,3,dense,2,approx,0.002460,28,success
g5_h10_k3_dmedium_s0.txt,5,10,3,medium,0,exact,0,-1,"complexity_skip (complexity=4.61e+12, threshold=3.60e+05)"
g5_h10_k3_dmedium_s0.txt,5,10,3,medium,0,approx,0.002367,26,success
g5_h10_k3_dmedium_s1.txt,5,10,3,medium,1,exact,0,-1,"complexity_skip (complexity=4.61e+12, threshold=3.60e+05)"
g5_h10_k3_dmedium_s1.txt,5,10,3,medium,1,approx,0.002404,19,success
g5_h10_k3_dmedium_s2.txt,5,10,3,medium,2,exact,0,-1,"complexity_skip (complexity=4.61e+12, threshold=3.60e+05)"
g5_h10_k3_dmedium_s2.txt,5,10,3,medium,2,approx,0.002405,18,success
g5_h10_k3_dsparse_s0.txt,5,10,3,sparse,0,exact,0,-1,"complexity_skip (complexity=4.61e+12, threshold=3.60e+05)"
g5_h10_k3_dsparse_s0.txt,5,10,3,sparse,0,approx,0.002427,18,success
g5_h10_k3_dsparse_s1.txt,5,10,3,sparse,1,exact,0,-1,"complexity_skip (complexity=4.61e+12, threshold=3.60e+05)"
g5_h10_k3_dsparse_s1.txt,5,10,3,sparse,1,approx,0.002701,29,success
g5_h10_k3_dsparse_s2.txt,5,10,3,sparse,2,exact,0,-1,"complexity_skip (complexity=4.61e+12, threshold=3.60e+05)"
g5_h10_k3_dsparse_s2.txt,5,10,3,sparse,2,approx,0.002733,16,success
g6_h15_k2_ddense_s0.txt,6,15,2,dense,0,exact,0,-1,"complexity_skip (complexity=6.49e+12, threshold=3.60e+05)"
g6_h15_k2_ddense_s0.txt,6,15,2,dense,0,approx,0.002697,30,success
g6_h15_k2_ddense_s1.txt,6,15,2,dense,1,exact,0,-1,"complexity_skip (complexity=6.49e+12, threshold=3.60e+05)"
g6_h15_k2_ddense_s1.txt,6,15,2,dense,1,approx,0.003226,20,success
g6_h15_k2_ddense_s2.txt,6,15,2,dense,2,exact,0,-1,"complexity_skip (complexity=6.49e+12, threshold=3.60e+05)"
g6_h15_k2_ddense_s2.txt,6,15,2,dense,2,approx,0.002753,32,success
g6_h15_k2_dmedium_s0.txt,6,15,2,medium,0,exact,0,-1,"complexity_skip (complexity=6.49e+12, threshold=3.60e+05)"
g6_h15_k2_dmedium_s0.txt,6,15,2,medium,0,approx,0.002557,12,success
g6_h15_k2_dmedium_s1.txt,6,15,2,medium,1,exact,0,-1,"complexity_skip (complexity=6.49e+12, threshold=3.60e+05)"
g6_h15_k2_dmedium_s1.txt,6,15,2,medium,1,approx,0.002733,17,success
g6_h15_k2_dmedium_s2.txt,6,15,2,medium,2,exact,0,-1,"complexity_skip (complexity=6.49e+12, threshold=3.60e+05)"
g6_h15_k2_dmedium_s2.txt,6,15,2,medium,2,approx,0.002612,33,success
g6_h15_k2_dsparse_s0.txt,6,15,2,sparse,0,exact,0,-1,"complexity_skip (complexity=6.49e+12, threshold=3.60e+05)"
g6_h15_k2_dsparse_s0.txt,6,15,2,sparse,0,approx,0.002695,16,success
g6_h15_k2_dsparse_s1.txt,6,15,2,sparse,1,exact,0,-1,"complexity_skip (complexity=6.49e+12, threshold=3.60e+05)"
g6_h15_k2_dsparse_s1.txt,6,15,2,sparse,1,approx,0.002654,21,success
g6_h15_k2_dsparse_s2.txt,6,15,2,sparse,2,exact,0,-1,"complexity_skip (complexity=6.49e+12, threshold=3.60e+05)"
g6_h15_k2_dsparse_s2.txt,6,15,2,sparse,2,approx,0.002756,20,success
g12_h18_k1_ddense_s0.txt,12,18,1,dense,0,approx,0.002703,78,success
g12_h18_k1_ddense_s1.txt,12,18,1,dense,1,approx,0.002477,96,success
g12_h18_k1_ddense_s2.txt,12,18,1,dense,2,approx,0.002526,92,success
g12_h18_k1_dmedium_s0.txt,12,18,1,medium,0,approx,0.002378,68,success
g12_h18_k1_dmedium_s1.txt,12,18,1,medium,1,approx,0.002515,89,success
g12_h18_k1_dmedium_s2.txt,12,18,1,medium,2,approx,0.002776,100,success
g12_h18_k1_dsparse_s0.txt,12,18,1,sparse,0,approx,0.002462,47,success
g12_h18_k1_dsparse_s1.txt,12,18,1,sparse,1,approx,0.002350,39,success
g12_h18_k1_dsparse_s2.txt,12,18,1,sparse,2,approx,0.002541,50,success
g10_h25_k1_ddense_s0.txt,10,25,1,dense,0,approx,0.002585,49,success
g10_h25_k1_ddense_s1.txt,10,25,1,dense,1,approx,0.002730,65,success
g10_h25_k1_ddense_s2.txt,10,25,1,dense,2,approx,0.002786,76,success
g10_h25_k1_dmedium_s0.txt,10,25,1,medium,0,approx,0.002668,34,success
g10_h25_k1_dmedium_s1.txt,10,25,1,medium,1,approx,0.002551,53,success
g10_h25_k1_dmedium_s2.txt,10,25,1,medium,2,approx,0.002586,53,success
g10_h25_k1_dsparse_s0.txt,10,25,1,sparse,0,approx,0.002705,40,success
g10_h25_k1_dsparse_s1.txt,10,25,1,sparse,1,approx,0.002966,35,success
g10_h25_k1_dsparse_s2.txt,10,25,1,sparse,2,approx,0.002730,41,success
g4_h16_k3_ddense_s0.txt,4,16,3,dense,0,exact,0,-1,"complexity_skip (complexity=1.39e+13, threshold=3.60e+05)"
g4_h16_k3_ddense_s0.txt,4,16,3,dense,0,approx,0.002421,9,success
g4_h16_k3_ddense_s1.txt,4,16,3,dense,1,exact,0,-1,"complexity_skip (complexity=1.39e+13, threshold=3.60e+05)"
g4_h16_k3_ddense_s1.txt,4,16,3,dense,1,approx,0.002380,14,success
g4_h16_k3_ddense_s2.txt,4,16,3,dense,2,exact,0,-1,"complexity_skip (complexity=1.39e+13, threshold=3.60e+05)"
g4_h16_k3_ddense_s2.txt,4,16,3,dense,2,approx,0.002369,9,success
g4_h16_k3_dmedium_s0.txt,4,16,3,medium,0,exact,0,-1,"complexity_skip (complexity=1.39e+13, threshold=3.60e+05)"
g4_h16_k3_dmedium_s0.txt,4,16,3,medium,0,approx,0.002615,12,success
g4_h16_k3_dmedium_s1.txt,4,16,3,medium,1,exact,0,-1,"complexity_skip (complexity=1.39e+13, threshold=3.60e+05)"
g4_h16_k3_dmedium_s1.txt,4,16,3,medium,1,approx,0.002531,19,success
g4_h16_k3_dmedium_s2.txt,4,16,3,medium,2,exact,0,-1,"complexity_skip (complexity=1.39e+13, threshold=3.60e+05)"
g4_h16_k3_dmedium_s2.txt,4,16,3,medium,2,approx,0.002376,10,success
g4_h16_k3_dsparse_s0.txt,4,16,3,sparse,0,exact,0,-1,"complexity_skip (complexity=1.39e+13, threshold=3.60e+05)"
g4_h16_k3_dsparse_s0.txt,4,16,3,sparse,0,approx,0.002487,12,success
g4_h16_k3_dsparse_s1.txt,4,16,3,sparse,1,exact,0,-1,"complexity_skip (complexity=1.39e+13, threshold=3.60e+05)"
g4_h16_k3_dsparse_s1.txt,4,16,3,sparse,1,approx,0.002454,19,success
g4_h16_k3_dsparse_s2.txt,4,16,3,sparse,2,exact,0,-1,"complexity_skip (complexity=1.39e+13, threshold=3.60e+05)"
g4_h16_k3_dsparse_s2.txt,4,16,3,sparse,2,approx,0.002385,8,success
g3_h6_k9_ddense_s0.txt,3,6,9,dense,0,exact,0,-1,"complexity_skip (complexity=1.91e+13, threshold=3.60e+05)"
g3_h6_k9_ddense_s0.txt,3,6,9,dense,0,approx,0.002630,37,success
g3_h6_k9_ddense_s1.txt,3,6,9,dense,1,exact,0,-1,"complexity_skip (complexity=1.91e+13, threshold=3.60e+05)"
g3_h6_k9_ddense_s1.txt,3,6,9,dense,1,approx,0.002446,36,success
g3_h6_k9_ddense_s2.txt,3,6,9,dense,2,exact,0,-1,"complexity_skip (complexity=1.91e+13, threshold=3.60e+05)"
g3_h6_k9_ddense_s2.txt,3,6,9,dense,2,approx,0.002599,31,success
g3_h6_k9_dmedium_s0.txt,3,6,9,medium,0,exact,0,-1,"complexity_skip (complexity=1.91e+13, threshold=3.60e+05)"
g3_h6_k9_dmedium_s0.txt,3,6,9,medium,0,approx,0.002276,27,success
g3_h6_k9_dmedium_s1.txt,3,6,9,medium,1,exact,0,-1,"complexity_skip (complexity=1.91e+13, threshold=3.60e+05)"
g3_h6_k9_dmedium_s1.txt,3,6,9,medium,1,approx,0.002426,31,success
g3_h6_k9_dmedium_s2.txt,3,6,9,medium,2,exact,0,-1,"complexity_skip (complexity=1.91e+13, threshold=3.60e+05)"
g3_h6_k9_dmedium_s2.txt,3,6,9,medium,2,approx,0.002557,22,success
g3_h6_k9_dsparse_s0.txt,3,6,9,sparse,0,exact,0,-1,"complexity_skip (complexity=1.91e+13, threshold=3.60e+05)"
g3_h6_k9_dsparse_s0.txt,3,6,9,sparse,0,approx,0.002481,22,success
g3_h6_k9_dsparse_s1.txt,3,6,9,sparse,1,exact,0,-1,"complexity_skip (complexity=1.91e+13, threshold=3.60e+05)"
g3_h6_k9_dsparse_s1.txt,3,6,9,sparse,1,approx,0.002364,12,success
g3_h6_k9_dsparse_s2.txt,3,6,9,sparse,2,exact,0,-1,"complexity_skip (complexity=1.91e+13, threshold=3.60e+05)"
g3_h6_k9_dsparse_s2.txt,3,6,9,sparse,2,approx,0.002402,0,success
g3_h9_k6_ddense_s0.txt,3,9,6,dense,0,exact,0,-1,"complexity_skip (complexity=2.34e+13, threshold=3.60e+05)"
g3_h9_k6_ddense_s0.txt,3,9,6,dense,0,approx,0.002383,24,success
g3_h9_k6_ddense_s1.txt,3,9,6,dense,1,exact,0,-1,"complexity_skip (complexity=2.34e+13, threshold=3.60e+05)"
g3_h9_k6_ddense_s1.txt,3,9,6,dense,1,approx,0.002504,25,success
g3_h9_k6_ddense_s2.txt,3,9,6,dense,2,exact,0,-1,"complexity_skip (complexity=2.34e+13, threshold=3.60e+05)"
g3_h9_k6_ddense_s2.txt,3,9,6,dense,2,approx,0.002444,29,success
g3_h9_k6_dmedium_s0.txt,3,9,6,medium,0,exact,0,-1,"complexity_skip (complexity=2.34e+13, threshold=3.60e+05)"
g3_h9_k6_dmedium_s0.txt,3,9,6,medium,0,approx,0.002416,28,success
g3_h9_k6_dmedium_s1.txt,3,9,6,medium,1,exact,0,-1,"complexity_skip (complexity=2.34e+13, threshold=3.60e+05)"
g3_h9_k6_dmedium_s1.txt,3,9,6,medium,1,approx,0.002473,9,success
g3_h9_k6_dmedium_s2.txt,3,9,6,medium,2,exact,0,-1,"complexity_skip (complexity=2.34e+13, threshold=3.60e+05)"
g3_h9_k6_dmedium_s2.txt,3,9,6,medium,2,approx,0.002389,16,success
g3_h9_k6_dsparse_s0.txt,3,9,6,sparse,0,exact,0,-1,"complexity_skip (complexity=2.34e+13, threshold=3.60e+05)"
g3_h9_k6_dsparse_s0.txt,3,9,6,sparse,0,approx,0.002353,4,success
g3_h9_k6_dsparse_s1.txt,3,9,6,sparse,1,exact,0,-1,"complexity_skip (complexity=2.34e+13, threshold=3.60e+05)"
g3_h9_k6_dsparse_s1.txt,3,9,6,sparse,1,approx,0.002419,0,success
g3_h9_k6_dsparse_s2.txt,3,9,6,sparse,2,exact,0,-1,"complexity_skip (complexity=2.34e+13, threshold=3.60e+05)"
g3_h9_k6_dsparse_s2.txt,3,9,6,sparse,2,approx,0.002521,0,success
g4_h10_k4_ddense_s0.txt,4,10,4,dense,0,exact,0,-1,"complexity_skip (complexity=2.69e+13, threshold=3.60e+05)"
g4_h10_k4_ddense_s0.txt,4,10,4,dense,0,approx,0.002485,12,success
g4_h10_k4_ddense_s1.txt,4,10,4,dense,1,exact,0,-1,"complexity_skip (complexity=2.69e+13, threshold=3.60e+05)"
g4_h10_k4_ddense_s1.txt,4,10,4,dense,1,approx,0.002634,9,success
g4_h10_k4_ddense_s2.txt,4,10,4,dense,2,exact,0,-1,"complexity_skip (complexity=2.69e+13, threshold=3.60e+05)"
g4_h10_k4_ddense_s2.txt,4,10,4,dense,2,approx,0.002598,11,success
g4_h10_k4_dmedium_s0.txt,4,10,4,medium,0,exact,0,-1,"complexity_skip (complexity=2.69e+13, threshold=3.60e+05)"
g4_h10_k4_dmedium_s0.txt,4,10,4,medium,0,approx,0.002394,27,success
g4_h10_k4_dmedium_s1.txt,4,10,4,medium,1,exact,0,-1,"complexity_skip (complexity=2.69e+13, threshold=3.60e+05)"
g4_h10_k4_dmedium_s1.txt,4,10,4,medium,1,approx,0.002358,27,success
g4_h10_k4_dmedium_s2.txt,4,10,4,medium,2,exact,0,-1,"complexity_skip (complexity=2.69e+13, threshold=3.60e+05)"
g4_h10_k4_dmedium_s2.txt,4,10,4,medium,2,approx,0.002436,13,success
g4_h10_k4_dsparse_s0.txt,4,10,4,sparse,0,exact,0,-1,"complexity_skip (complexity=2.69e+13, threshold=3.60e+05)"
g4_h10_k4_dsparse_s0.txt,4,10,4,sparse,0,approx,0.002359,9,success
g4_h10_k4_dsparse_s1.txt,4,10,4,sparse,1,exact,0,-1,"complexity_skip (complexity=2.69e+13, threshold=3.60e+05)"
g4_h10_k4_dsparse_s1.txt,4,10,4,sparse,1,approx,0.002488,15,success
g4_h10_k4_dsparse_s2.txt,4,10,4,sparse,2,exact,0,-1,"complexity_skip (complexity=2.69e+13, threshold=3.60e+05)"
g4_h10_k4_dsparse_s2.txt,4,10,4,sparse,2,approx,0.002472,18,success
g3_h12_k5_ddense_s0.txt,3,12,5,dense,0,exact,0,-1,"complexity_skip (complexity=3.36e+13, threshold=3.60e+05)"
g3_h12_k5_ddense_s0.txt,3,12,5,dense,0,approx,0.002426,11,success
g3_h12_k5_ddense_s1.txt,3,12,5,dense,1,exact,0,-1,"complexity_skip (complexity=3.36e+13, threshold=3.60e+05)"
g3_h12_k5_ddense_s1.txt,3,12,5,dense,1,approx,0.002395,6,success
g3_h12_k5_ddense_s2.txt,3,12,5,dense,2,exact,0,-1,"complexity_skip (complexity=3.36e+13, threshold=3.60e+05)"
g3_h12_k5_ddense_s2.txt,3,12,5,dense,2,approx,0.002408,14,success
g3_h12_k5_dmedium_s0.txt,3,12,5,medium,0,exact,0,-1,"complexity_skip (complexity=3.36e+13, threshold=3.60e+05)"
g3_h12_k5_dmedium_s0.txt,3,12,5,medium,0,approx,0.002316,23,success
g3_h12_k5_dmedium_s1.txt,3,12,5,medium,1,exact,0,-1,"complexity_skip (complexity=3.36e+13, threshold=3.60e+05)"
g3_h12_k5_dmedium_s1.txt,3,12,5,medium,1,approx,0.002454,0,success
g3_h12_k5_dmedium_s2.txt,3,12,5,medium,2,exact,0,-1,"complexity_skip (complexity=3.36e+13, threshold=3.60e+05)"
g3_h12_k5_dmedium_s2.txt,3,12,5,medium,2,approx,0.002371,8,success
g3_h12_k5_dsparse_s0.txt,3,12,5,sparse,0,exact,0,-1,"complexity_skip (complexity=3.36e+13, threshold=3.60e+05)"
g3_h12_k5_dsparse_s0.txt,3,12,5,sparse,0,approx,0.002720,15,success
g3_h12_k5_dsparse_s1.txt,3,12,5,sparse,1,exact,0,-1,"complexity_skip (complexity=3.36e+13, threshold=3.60e+05)"
g3_h12_k5_dsparse_s1.txt,3,12,5,sparse,1,approx,0.002693,0,success
g3_h12_k5_dsparse_s2.txt,3,12,5,sparse,2,exact,0,-1,"complexity_skip (complexity=3.36e+13, threshold=3.60e+05)"
g3_h12_k5_dsparse_s2.txt,3,12,5,sparse,2,approx,0.002501,0,success
g9_h36_k1_ddense_s0.txt,9,36,1,dense,0,approx,0.002765,56,success
g9_h36_k1_ddense_s1.txt,9,36,1,dense,1,approx,0.002852,34,success
g9_h36_k1_ddense_s2.txt,9,36,1,dense,2,approx,0.002822,51,success
g9_h36_k1_dmedium_s0.txt,9,36,1,medium,0,approx,0.002865,45,success
g9_h36_k1_dmedium_s1.txt,9,36,1,medium,1,approx,0.002848,43,success
g9_h36_k1_dmedium_s2.txt,9,36,1,medium,2,approx,0.002724,39,success
g9_h36_k1_dsparse_s0.txt,9,36,1,sparse,0,approx,0.002941,23,success
g9_h36_k1_dsparse_s1.txt,9,36,1,sparse,1,approx,0.002785,19,success
g9_h36_k1_dsparse_s2.txt,9,36,1,sparse,2,approx,0.002768,30,success
g6_h9_k3_ddense_s0.txt,6,9,3,dense,0,exact,0,-1,"complexity_skip (complexity=3.69e+13, threshold=3.60e+05)"
g6_h9_k3_ddense_s0.txt,6,9,3,dense,0,approx,0.002512,55,success
g6_h9_k3_ddense_s1.txt,6,9,3,dense,1,exact,0,-1,"complexity_skip (complexity=3.69e+13, threshold=3.60e+05)"
g6_h9_k3_ddense_s1.txt,6,9,3,dense,1,approx,0.002685,47,success
g6_h9_k3_ddense_s2.txt,6,9,3,dense,2,exact,0,-1,"complexity_skip (complexity=3.69e+13, threshold=3.60e+05)"
g6_h9_k3_ddense_s2.txt,6,9,3,dense,2,approx,0.003264,35,success
g6_h9_k3_dmedium_s0.txt,6,9,3,medium,0,exact,0,-1,"complexity_skip (complexity=3.69e+13, threshold=3.60e+05)"
g6_h9_k3_dmedium_s0.txt,6,9,3,medium,0,approx,0.002786,47,success
g6_h9_k3_dmedium_s1.txt,6,9,3,medium,1,exact,0,-1,"complexity_skip (complexity=3.69e+13, threshold=3.60e+05)"
g6_h9_k3_dmedium_s1.txt,6,9,3,medium,1,approx,0.002549,44,success
g6_h9_k3_dmedium_s2.txt,6,9,3,medium,2,exact,0,-1,"complexity_skip (complexity=3.69e+13, threshold=3.60e+05)"
g6_h9_k3_dmedium_s2.txt,6,9,3,medium,2,approx,0.002568,42,success
g6_h9_k3_dsparse_s0.txt,6,9,3,sparse,0,exact,0,-1,"complexity_skip (complexity=3.69e+13, threshold=3.60e+05)"
g6_h9_k3_dsparse_s0.txt,6,9,3,sparse,0,approx,0.002410,10,success
g6_h9_k3_dsparse_s1.txt,6,9,3,sparse,1,exact,0,-1,"complexity_skip (complexity=3.69e+13, threshold=3.60e+05)"
g6_h9_k3_dsparse_s1.txt,6,9,3,sparse,1,approx,0.002401,49,success
g6_h9_k3_dsparse_s2.txt,6,9,3,sparse,2,exact,0,-1,"complexity_skip (complexity=3.69e+13, threshold=3.60e+05)"
g6_h9_k3_dsparse_s2.txt,6,9,3,sparse,2,approx,0.002513,17,success
g6_h18_k2_ddense_s0.txt,6,18,2,dense,0,exact,0,-1,"complexity_skip (complexity=8.93e+13, threshold=3.60e+05)"
g6_h18_k2_ddense_s0.txt,6,18,2,dense,0,approx,0.002454,23,success
g6_h18_k2_ddense_s1.txt,6,18,2,dense,1,exact,0,-1,"complexity_skip (complexity=8.93e+13, threshold=3.60e+05)"
g6_h18_k2_ddense_s1.txt,6,18,2,dense,1,approx,0.002592,34,success
g6_h18_k2_ddense_s2.txt,6,18,2,dense,2,exact,0,-1,"complexity_skip (complexity=8.93e+13, threshold=3.60e+05)"
g6_h18_k2_ddense_s2.txt,6,18,2,dense,2,approx,0.002745,23,success
g6_h18_k2_dmedium_s0.txt,6,18,2,medium,0,exact,0,-1,"complexity_skip (complexity=8.93e+13, threshold=3.60e+05)"
g6_h18_k2_dmedium_s0.txt,6,18,2,medium,0,approx,0.002527,31,success
g6_h18_k2_dmedium_s1.txt,6,18,2,medium,1,exact,0,-1,"complexity_skip (complexity=8.93e+13, threshold=3.60e+05)"
g6_h18_k2_dmedium_s1.txt,6,18,2,medium,1,approx,0.002708,33,success
g6_h18_k2_dmedium_s2.txt,6,18,2,medium,2,exact,0,-1,"complexity_skip (complexity=8.93e+13, threshold=3.60e+05)"
g6_h18_k2_dmedium_s2.txt,6,18,2,medium,2,approx,0.002496,46,success
g6_h18_k2_dsparse_s0.txt,6,18,2,sparse,0,exact,0,-1,"complexity_skip (complexity=8.93e+13, threshold=3.60e+05)"
g6_h18_k2_dsparse_s0.txt,6,18,2,sparse,0,approx,0.002551,20,success
g6_h18_k2_dsparse_s1.txt,6,18,2,sparse,1,exact,0,-1,"complexity_skip (complexity=8.93e+13, threshold=3.60e+05)"
g6_h18_k2_dsparse_s1.txt,6,18,2,sparse,1,approx,0.002652,26,success
g6_h18_k2_dsparse_s2.txt,6,18,2,sparse,2,exact,0,-1,"complexity_skip (complexity=8.93e+13, threshold=3.60e+05)"
g6_h18_k2_dsparse_s2.txt,6,18,2,sparse,2,approx,0.002640,10,success
g3_h7_k8_ddense_s0.txt,3,7,8,dense,0,exact,0,-1,"complexity_skip (complexity=1.07e+14, threshold=3.60e+05)"
g3_h7_k8_ddense_s0.txt,3,7,8,dense,0,approx,0.002637,24,success
g3_h7_k8_ddense_s1.txt,3,7,8,dense,1,exact,0,-1,"complexity_skip (complexity=1.07e+14, threshold=3.60e+05)"
g3_h7_k8_ddense_s1.txt,3,7,8,dense,1,approx,0.002386,37,success
g3_h7_k8_ddense_s2.txt,3,7,8,dense,2,exact,0,-1,"complexity_skip (complexity=1.07e+14, threshold=3.60e+05)"
g3_h7_k8_ddense_s2.txt,3,7,8,dense,2,approx,0.002395,30,success
g3_h7_k8_dmedium_s0.txt,3,7,8,medium,0,exact,0,-1,"complexity_skip (complexity=1.07e+14, threshold=3.60e+05)"
g3_h7_k8_dmedium_s0.txt,3,7,8,medium,0,approx,0.002380,23,success
g3_h7_k8_dmedium_s1.txt,3,7,8,medium,1,exact,0,-1,"complexity_skip (complexity=1.07e+14, threshold=3.60e+05)"
g3_h7_k8_dmedium_s1.txt,3,7,8,medium,1,approx,0.002459,24,success
g3_h7_k8_dmedium_s2.txt,3,7,8,medium,2,exact,0,-1,"complexity_skip (complexity=1.07e+14, threshold=3.60e+05)"
g3_h7_k8_dmedium_s2.txt,3,7,8,medium,2,approx,0.002453,32,success
g3_h7_k8_dsparse_s0.txt,3,7,8,sparse,0,exact,0,-1,"complexity_skip (complexity=1.07e+14, threshold=3.60e+05)"
g3_h7_k8_dsparse_s0.txt,3,7,8,sparse,0,approx,0.002692,0,success
g3_h7_k8_dsparse_s1.txt,3,7,8,sparse,1,exact,0,-1,"complexity_skip (complexity=1.07e+14, threshold=3.60e+05)"
g3_h7_k8_dsparse_s1.txt,3,7,8,sparse,1,approx,0.002315,22,success
g3_h7_k8_dsparse_s2.txt,3,7,8,sparse,2,exact,0,-1,"complexity_skip (complexity=1.07e+14, threshold=3.60e+05)"
g3_h7_k8_dsparse_s2.txt,3,7,8,sparse,2,approx,0.002568,0,success
g10_h30_k1_ddense_s0.txt,10,30,1,dense,0,approx,0.003024,46,success
g10_h30_k1_ddense_s1.txt,10,30,1,dense,1,approx,0.002833,36,success
g10_h30_k1_ddense_s2.txt,10,30,1,dense,2,approx,0.002763,53,success
g10_h30_k1_dmedium_s0.txt,10,30,1,medium,0,approx,0.002730,61,success
g10_h30_k1_dmedium_s1.txt,10,30,1,medium,1,approx,0.002723,29,success
g10_h30_k1_dmedium_s2.txt,10,30,1,medium,2,approx,0.002880,65,success
g10_h30_k1_dsparse_s0.txt,10,30,1,sparse,0,approx,0.002767,19,success
g10_h30_k1_dsparse_s1.txt,10,30,1,sparse,1,approx,0.002854,31,success
g10_h30_k1_dsparse_s2.txt,10,30,1,sparse,2,approx,0.002757,27,success
g4_h8_k5_ddense_s0.txt,4,8,5,dense,0,exact,0,-1,"complexity_skip (complexity=1.12e+14, threshold=3.60e+05)"
g4_h8_k5_ddense_s0.txt,4,8,5,dense,0,approx,0.002421,32,success
g4_h8_k5_ddense_s1.txt,4,8,5,dense,1,exact,0,-1,"complexity_skip (complexity=1.12e+14, threshold=3.60e+05)"
g4_h8_k5_ddense_s1.txt,4,8,5,dense,1,approx,0.002553,21,success
g4_h8_k5_ddense_s2.txt,4,8,5,dense,2,exact,0,-1,"complexity_skip (complexity=1.12e+14, threshold=3.60e+05)"
g4_h8_k5_ddense_s2.txt,4,8,5,dense,2,approx,0.002442,22,success
g4_h8_k5_dmedium_s0.txt,4,8,5,medium,0,exact,0,-1,"complexity_skip (complexity=1.12e+14, threshold=3.60e+05)"
g4_h8_k5_dmedium_s0.txt,4,8,5,medium,0,approx,0.002536,18,success
g4_h8_k5_dmedium_s1.txt,4,8,5,medium,1,exact,0,-1,"complexity_skip (complexity=1.12e+14, threshold=3.60e+05)"
g4_h8_k5_dmedium_s1.txt,4,8,5,medium,1,approx,0.002816,22,success
g4_h8_k5_dmedium_s2.txt,4,8,5,medium,2,exact,0,-1,"complexity_skip (complexity=1.12e+14, threshold=3.60e+05)"
g4_h8_k5_dmedium_s2.txt,4,8,5,medium,2,approx,0.002402,23,success
g4_h8_k5_dsparse_s0.txt,4,8,5,sparse,0,exact,0,-1,"complexity_skip (complexity=1.12e+14, threshold=3.60e+05)"
g4_h8_k5_dsparse_s0.txt,4,8,5,sparse,0,approx,0.002366,34,success
g4_h8_k5_dsparse_s1.txt,4,8,5,sparse,1,exact,0,-1,"complexity_skip (complexity=1.12e+14, threshold=3.60e+05)"
g4_h8_k5_dsparse_s1.txt,4,8,5,sparse,1,approx,0.002416,17,success
g4_h8_k5_dsparse_s2.txt,4,8,5,sparse,2,exact,0,-1,"complexity_skip (complexity=1.12e+14, threshold=3.60e+05)"
g4_h8_k5_dsparse_s2.txt,4,8,5,sparse,2,approx,0.002378,24,success
g5_h12_k3_ddense_s0.txt,5,12,3,dense,0,exact,0,-1,"complexity_skip (complexity=1.43e+14, threshold=3.60e+05)"
g5_h12_k3_ddense_s0.txt,5,12,3,dense,0,approx,0.002750,16,success
g5_h12_k3_ddense_s1.txt,5,12,3,dense,1,exact,0,-1,"complexity_skip (complexity=1.43e+14, threshold=3.60e+05)"
g5_h12_k3_ddense_s1.txt,5,12,3,dense,1,approx,0.002640,36,success
g5_h12_k3_ddense_s2.txt,5,12,3,dense,2,exact,0,-1,"complexity_skip (complexity=1.43e+14, threshold=3.60e+05)"
g5_h12_k3_ddense_s2.txt,5,12,3,dense,2,approx,0.002345,18,success
g5_h12_k3_dmedium_s0.txt,5,12,3,medium,0,exact,0,-1,"complexity_skip (complexity=1.43e+14, threshold=3.60e+05)"
g5_h12_k3_dmedium_s0.txt,5,12,3,medium,0,approx,0.002441,25,success
g5_h12_k3_dmedium_s1.txt,5,12,3,medium,1,exact,0,-1,"complexity_skip (complexity=1.43e+14, threshold=3.60e+05)"
g5_h12_k3_dmedium_s1.txt,5,12,3,medium,1,approx,0.002619,22,success
g5_h12_k3_dmedium_s2.txt,5,12,3,medium,2,exact,0,-1,"complexity_skip (complexity=1.43e+14, threshold=3.60e+05)"
g5_h12_k3_dmedium_s2.txt,5,12,3,medium,2,approx,0.002403,38,success
g5_h12_k3_dsparse_s0.txt,5,12,3,sparse,0,exact,0,-1,"complexity_skip (complexity=1.43e+14, threshold=3.60e+05)"
g5_h12_k3_dsparse_s0.txt,5,12,3,sparse,0,approx,0.003179,20,success
g5_h12_k3_dsparse_s1.txt,5,12,3,sparse,1,exact,0,-1,"complexity_skip (complexity=1.43e+14, threshold=3.60e+05)"
g5_h12_k3_dsparse_s1.txt,5,12,3,sparse,1,approx,0.002926,17,success
g5_h12_k3_dsparse_s2.txt,5,12,3,sparse,2,exact,0,-1,"complexity_skip (complexity=1.43e+14, threshold=3.60e+05)"
g5_h12_k3_dsparse_s2.txt,5,12,3,sparse,2,approx,0.002919,19,success
g7_h14_k2_ddense_s0.txt,7,14,2,dense,0,approx,0.002826,40,success
g7_h14_k2_ddense_s1.txt,7,14,2,dense,1,approx,0.002933,41,success
g7_h14_k2_ddense_s2.txt,7,14,2,dense,2,approx,0.004053,38,success
g7_h14_k2_dmedium_s0.txt,7,14,2,medium,0,approx,0.003138,41,success
g7_h14_k2_dmedium_s1.txt,7,14,2,medium,1,approx,0.003061,37,success
g7_h14_k2_dmedium_s2.txt,7,14,2,medium,2,approx,0.002851,64,success
g7_h14_k2_dsparse_s0.txt,7,14,2,sparse,0,approx,0.002884,31,success
g7_h14_k2_dsparse_s1.txt,7,14,2,sparse,1,approx,0.002579,12,success
g7_h14_k2_dsparse_s2.txt,7,14,2,sparse,2,approx,0.002649,24,success
g4_h6_k7_ddense_s0.txt,4,6,7,dense,0,exact,0,-1,"complexity_skip (complexity=1.65e+14, threshold=3.60e+05)"
g4_h6_k7_ddense_s0.txt,4,6,7,dense,0,approx,0.002659,32,success
g4_h6_k7_ddense_s1.txt,4,6,7,dense,1,exact,0,-1,"complexity_skip (complexity=1.65e+14, threshold=3.60e+05)"
g4_h6_k7_ddense_s1.txt,4,6,7,dense,1,approx,0.002480,14,success
g4_h6_k7_ddense_s2.txt,4,6,7,dense,2,exact,0,-1,"complexity_skip (complexity=1.65e+14, threshold=3.60e+05)"
g4_h6_k7_ddense_s2.txt,4,6,7,dense,2,approx,0.002559,24,success
g4_h6_k7_dmedium_s0.txt,4,6,7,medium,0,exact,0,-1,"complexity_skip (complexity=1.65e+14, threshold=3.60e+05)"
g4_h6_k7_dmedium_s0.txt,4,6,7,medium,0,approx,0.002466,31,success
g4_h6_k7_dmedium_s1.txt,4,6,7,medium,1,exact,0,-1,"complexity_skip (complexity=1.65e+14, threshold=3.60e+05)"
g4_h6_k7_dmedium_s1.txt,4,6,7,medium,1,approx,0.002384,38,success
g4_h6_k7_dmedium_s2.txt,4,6,7,medium,2,exact,0,-1,"complexity_skip (complexity=1.65e+14, threshold=3.60e+05)"
g4_h6_k7_dmedium_s2.txt,4,6,7,medium,2,approx,0.002361,23,success
g4_h6_k7_dsparse_s0.txt,4,6,7,sparse,0,exact,0,-1,"complexity_skip (complexity=1.65e+14, threshold=3.60e+05)"
g4_h6_k7_dsparse_s0.txt,4,6,7,sparse,0,approx,0.002314,28,success
g4_h6_k7_dsparse_s1.txt,4,6,7,sparse,1,exact,0,-1,"complexity_skip (complexity=1.65e+14, threshold=3.60e+05)"
g4_h6_k7_dsparse_s1.txt,4,6,7,sparse,1,approx,0.002423,17,success
g4_h6_k7_dsparse_s2.txt,4,6,7,sparse,2,exact,0,-1,"complexity_skip (complexity=1.65e+14, threshold=3.60e+05)"
g4_h6_k7_dsparse_s2.txt,4,6,7,sparse,2,approx,0.002648,14,success
g8_h12_k2_ddense_s0.txt,8,12,2,dense,0,approx,0.002487,63,success
g8_h12_k2_ddense_s1.txt,8,12,2,dense,1,approx,0.002437,58,success
g8_h12_k2_ddense_s2.txt,8,12,2,dense,2,approx,0.002552,61,success
g8_h12_k2_dmedium_s0.txt,8,12,2,medium,0,approx,0.002493,41,success
g8_h12_k2_dmedium_s1.txt,8,12,2,medium,1,approx,0.002341,69,success
g8_h12_k2_dmedium_s2.txt,8,12,2,medium,2,approx,0.002572,50,success
g8_h12_k2_dsparse_s0.txt,8,12,2,sparse,0,approx,0.002415,44,success
g8_h12_k2_dsparse_s1.txt,8,12,2,sparse,1,approx,0.002389,26,success
g8_h12_k2_dsparse_s2.txt,8,12,2,sparse,2,approx,0.002533,27,success
g3_h6_k10_ddense_s0.txt,3,6,10,dense,0,exact,0,-1,"complexity_skip (complexity=2.46e+14, threshold=3.60e+05)"
g3_h6_k10_ddense_s0.txt,3,6,10,dense,0,approx,0.002307,31,success
g3_h6_k10_ddense_s1.txt,3,6,10,dense,1,exact,0,-1,"complexity_skip (complexity=2.46e+14, threshold=3.60e+05)"
g3_h6_k10_ddense_s1.txt,3,6,10,dense,1,approx,0.002383,54,success
g3_h6_k10_ddense_s2.txt,3,6,10,dense,2,exact,0,-1,"complexity_skip (complexity=2.46e+14, threshold=3.60e+05)"
g3_h6_k10_ddense_s2.txt,3,6,10,dense,2,approx,0.002564,48,success
g3_h6_k10_dmedium_s0.txt,3,6,10,medium,0,exact,0,-1,"complexity_skip (complexity=2.46e+14, threshold=3.60e+05)"
g3_h6_k10_dmedium_s0.txt,3,6,10,medium,0,approx,0.002661,22,success
g3_h6_k10_dmedium_s1.txt,3,6,10,medium,1,exact,0,-1,"complexity_skip (complexity=2.46e+14, threshold=3.60e+05)"
g3_h6_k10_dmedium_s1.txt,3,6,10,medium,1,approx,0.002467,10,success
g3_h6_k10_dmedium_s2.txt,3,6,10,medium,2,exact,0,-1,"complexity_skip (complexity=2.46e+14, threshold=3.60e+05)"
g3_h6_k10_dmedium_s2.txt,3,6,10,medium,2,approx,0.002432,27,success
g3_h6_k10_dsparse_s0.txt,3,6,10,sparse,0,exact,0,-1,"complexity_skip (complexity=2.46e+14, threshold=3.60e+05)"
g3_h6_k10_dsparse_s0.txt,3,6,10,sparse,0,approx,0.002458,0,success
g3_h6_k10_dsparse_s1.txt,3,6,10,sparse,1,exact,0,-1,"complexity_skip (complexity=2.46e+14, threshold=3.60e+05)"
g3_h6_k10_dsparse_s1.txt,3,6,10,sparse,1,approx,0.002582,0,success
g3_h6_k10_dsparse_s2.txt,3,6,10,sparse,2,exact,0,-1,"complexity_skip (complexity=2.46e+14, threshold=3.60e+05)"
g3_h6_k10_dsparse_s2.txt,3,6,10,sparse,2,approx,0.002562,34,success
g4_h12_k4_ddense_s0.txt,4,12,4,dense,0,exact,0,-1,"complexity_skip (complexity=8.30e+14, threshold=3.60e+05)"
g4_h12_k4_ddense_s0.txt,4,12,4,dense,0,approx,0.002470,14,success
g4_h12_k4_ddense_s1.txt,4,12,4,dense,1,exact,0,-1,"complexity_skip (complexity=8.30e+14, threshold=3.60e+05)"
g4_h12_k4_ddense_s1.txt,4,12,4,dense,1,approx,0.002556,10,success
g4_h12_k4_ddense_s2.txt,4,12,4,dense,2,exact,0,-1,"complexity_skip (complexity=8.30e+14, threshold=3.60e+05)"
g4_h12_k4_ddense_s2.txt,4,12,4,dense,2,approx,0.002385,11,success
g4_h12_k4_dmedium_s0.txt,4,12,4,medium,0,exact,0,-1,"complexity_skip (complexity=8.30e+14, threshold=3.60e+05)"
g4_h12_k4_dmedium_s0.txt,4,12,4,medium,0,approx,0.002324,16,success
g4_h12_k4_dmedium_s1.txt,4,12,4,medium,1,exact,0,-1,"complexity_skip (complexity=8.30e+14, threshold=3.60e+05)"
g4_h12_k4_dmedium_s1.txt,4,12,4,medium,1,approx,0.002394,25,success
g4_h12_k4_dmedium_s2.txt,4,12,4,medium,2,exact,0,-1,"complexity_skip (complexity=8.30e+14, threshold=3.60e+05)"
g4_h12_k4_dmedium_s2.txt,4,12,4,medium,2,approx,0.002753,19,success
g4_h12_k4_dsparse_s0.txt,4,12,4,sparse,0,exact,0,-1,"complexity_skip (complexity=8.30e+14, threshold=3.60e+05)"
g4_h12_k4_dsparse_s0.txt,4,12,4,sparse,0,approx,0.002527,0,success
g4_h12_k4_dsparse_s1.txt,4,12,4,sparse,1,exact,0,-1,"complexity_skip (complexity=8.30e+14, threshold=3.60e+05)"
g4_h12_k4_dsparse_s1.txt,4,12,4,sparse,1,approx,0.002449,16,success
g4_h12_k4_dsparse_s2.txt,4,12,4,sparse,2,exact,0,-1,"complexity_skip (complexity=8.30e+14, threshold=3.60e+05)"
g4_h12_k4_dsparse_s2.txt,4,12,4,sparse,2,approx,0.002446,6,success
g5_h7_k5_ddense_s0.txt,5,7,5,dense,0,exact,0,-1,"complexity_skip (complexity=8.50e+14, threshold=3.60e+05)"
g5_h7_k5_ddense_s0.txt,5,7,5,dense,0,approx,0.002476,54,success
g5_h7_k5_ddense_s1.txt,5,7,5,dense,1,exact,0,-1,"complexity_skip (complexity=8.50e+14, threshold=3.60e+05)"
g5_h7_k5_ddense_s1.txt,5,7,5,dense,1,approx,0.002527,21,success
g5_h7_k5_ddense_s2.txt,5,7,5,dense,2,exact,0,-1,"complexity_skip (complexity=8.50e+14, threshold=3.60e+05)"
g5_h7_k5_ddense_s2.txt,5,7,5,dense,2,approx,0.002619,44,success
g5_h7_k5_dmedium_s0.txt,5,7,5,medium,0,exact,0,-1,"complexity_skip (complexity=8.50e+14, threshold=3.60e+05)"
g5_h7_k5_dmedium_s0.txt,5,7,5,medium,0,approx,0.002601,39,success
g5_h7_k5_dmedium_s1.txt,5,7,5,medium,1,exact,0,-1,"complexity_skip (complexity=8.50e+14, threshold=3.60e+05)"
g5_h7_k5_dmedium_s1.txt,5,7,5,medium,1,approx,0.002661,32,success
g5_h7_k5_dmedium_s2.txt,5,7,5,medium,2,exact,0,-1,"complexity_skip (complexity=8.50e+14, threshold=3.60e+05)"
g5_h7_k5_dmedium_s2.txt,5,7,5,medium,2,approx,0.002402,26,success
g5_h7_k5_dsparse_s0.txt,5,7,5,sparse,0,exact,0,-1,"complexity_skip (complexity=8.50e+14, threshold=3.60e+05)"
g5_h7_k5_dsparse_s0.txt,5,7,5,sparse,0,approx,0.002549,52,success
g5_h7_k5_dsparse_s1.txt,5,7,5,sparse,1,exact,0,-1,"complexity_skip (complexity=8.50e+14, threshold=3.60e+05)"
g5_h7_k5_dsparse_s1.txt,5,7,5,sparse,1,approx,0.002523,13,success
g5_h7_k5_dsparse_s2.txt,5,7,5,sparse,2,exact,0,-1,"complexity_skip (complexity=8.50e+14, threshold=3.60e+05)"
g5_h7_k5_dsparse_s2.txt,5,7,5,sparse,2,approx,0.002815,25,success
g12_h24_k1_ddense_s0.txt,12,24,1,dense,0,approx,0.002909,82,success
g12_h24_k1_ddense_s1.txt,12,24,1,dense,1,approx,0.002576,80,success
g12_h24_k1_ddense_s2.txt,12,24,1,dense,2,approx,0.002715,72,success
g12_h24_k1_dmedium_s0.txt,12,24,1,medium,0,approx,0.002689,73,success
g12_h24_k1_dmedium_s1.txt,12,24,1,medium,1,approx,0.002974,67,success
g12_h24_k1_dmedium_s2.txt,12,24,1,medium,2,approx,0.002681,83,success
g12_h24_k1_dsparse_s0.txt,12,24,1,sparse,0,approx,0.002676,47,success
g12_h24_k1_dsparse_s1.txt,12,24,1,sparse,1,approx,0.002891,43,success
g12_h24_k1_dsparse_s2.txt,12,24,1,sparse,2,approx,0.002770,63,success
g3_h9_k7_ddense_s0.txt,3,9,7,dense,0,exact,0,-1,"complexity_skip (complexity=1.71e+15, threshold=3.60e+05)"
g3_h9_k7_ddense_s0.txt,3,9,7,dense,0,approx,0.002558,33,success
g3_h9_k7_ddense_s1.txt,3,9,7,dense,1,exact,0,-1,"complexity_skip (complexity=1.71e+15, threshold=3.60e+05)"
g3_h9_k7_ddense_s1.txt,3,9,7,dense,1,approx,0.002507,20,success
g3_h9_k7_ddense_s2.txt,3,9,7,dense,2,exact,0,-1,"complexity_skip (complexity=1.71e+15, threshold=3.60e+05)"
g3_h9_k7_ddense_s2.txt,3,9,7,dense,2,approx,0.002383,25,success
g3_h9_k7_dmedium_s0.txt,3,9,7,medium,0,exact,0,-1,"complexity_skip (complexity=1.71e+15, threshold=3.60e+05)"
g3_h9_k7_dmedium_s0.txt,3,9,7,medium,0,approx,0.002327,22,success
g3_h9_k7_dmedium_s1.txt,3,9,7,medium,1,exact,0,-1,"complexity_skip (complexity=1.71e+15, threshold=3.60e+05)"
g3_h9_k7_dmedium_s1.txt,3,9,7,medium,1,approx,0.002471,15,success
g3_h9_k7_dmedium_s2.txt,3,9,7,medium,2,exact,0,-1,"complexity_skip (complexity=1.71e+15, threshold=3.60e+05)"
g3_h9_k7_dmedium_s2.txt,3,9,7,medium,2,approx,0.002604,21,success
g3_h9_k7_dsparse_s0.txt,3,9,7,sparse,0,exact,0,-1,"complexity_skip (complexity=1.71e+15, threshold=3.60e+05)"
g3_h9_k7_dsparse_s0.txt,3,9,7,sparse,0,approx,0.002735,18,success
g3_h9_k7_dsparse_s1.txt,3,9,7,sparse,1,exact,0,-1,"complexity_skip (complexity=1.71e+15, threshold=3.60e+05)"
g3_h9_k7_dsparse_s1.txt,3,9,7,sparse,1,approx,0.002557,6,success
g3_h9_k7_dsparse_s2.txt,3,9,7,sparse,2,exact,0,-1,"complexity_skip (complexity=1.71e+15, threshold=3.60e+05)"
g3_h9_k7_dsparse_s2.txt,3,9,7,sparse,2,approx,0.002504,0,success
g3_h7_k9_ddense_s0.txt,3,7,9,dense,0,exact,0,-1,"complexity_skip (complexity=2.59e+15, threshold=3.60e+05)"
g3_h7_k9_ddense_s0.txt,3,7,9,dense,0,approx,0.002487,27,success
g3_h7_k9_ddense_s1.txt,3,7,9,dense,1,exact,0,-1,"complexity_skip (complexity=2.59e+15, threshold=3.60e+05)"
g3_h7_k9_ddense_s1.txt,3,7,9,dense,1,approx,0.002343,36,success
g3_h7_k9_ddense_s2.txt,3,7,9,dense,2,exact,0,-1,"complexity_skip (complexity=2.59e+15, threshold=3.60e+05)"
g3_h7_k9_ddense_s2.txt,3,7,9,dense,2,approx,0.002409,32,success
g3_h7_k9_dmedium_s0.txt,3,7,9,medium,0,exact,0,-1,"complexity_skip (complexity=2.59e+15, threshold=3.60e+05)"
g3_h7_k9_dmedium_s0.txt,3,7,9,medium,0,approx,0.002328,28,success
g3_h7_k9_dmedium_s1.txt,3,7,9,medium,1,exact,0,-1,"complexity_skip (complexity=2.59e+15, threshold=3.60e+05)"
g3_h7_k9_dmedium_s1.txt,3,7,9,medium,1,approx,0.002474,54,success
g3_h7_k9_dmedium_s2.txt,3,7,9,medium,2,exact,0,-1,"complexity_skip (complexity=2.59e+15, threshold=3.60e+05)"
g3_h7_k9_dmedium_s2.txt,3,7,9,medium,2,approx,0.002381,7,success
g3_h7_k9_dsparse_s0.txt,3,7,9,sparse,0,exact,0,-1,"complexity_skip (complexity=2.59e+15, threshold=3.60e+05)"
g3_h7_k9_dsparse_s0.txt,3,7,9,sparse,0,approx,0.002374,28,success
g3_h7_k9_dsparse_s1.txt,3,7,9,sparse,1,exact,0,-1,"complexity_skip (complexity=2.59e+15, threshold=3.60e+05)"
g3_h7_k9_dsparse_s1.txt,3,7,9,sparse,1,approx,0.002214,14,success
g3_h7_k9_dsparse_s2.txt,3,7,9,sparse,2,exact,0,-1,"complexity_skip (complexity=2.59e+15, threshold=3.60e+05)"
g3_h7_k9_dsparse_s2.txt,3,7,9,sparse,2,approx,0.002425,19,success
g10_h40_k1_ddense_s0.txt,10,40,1,dense,0,approx,0.002894,60,success
g10_h40_k1_ddense_s1.txt,10,40,1,dense,1,approx,0.002875,55,success
g10_h40_k1_ddense_s2.txt,10,40,1,dense,2,approx,0.002862,59,success
g10_h40_k1_dmedium_s0.txt,10,40,1,medium,0,approx,0.002731,51,success
g10_h40_k1_dmedium_s1.txt,10,40,1,medium,1,approx,0.002826,61,success
g10_h40_k1_dmedium_s2.txt,10,40,1,medium,2,approx,0.002883,52,success
g10_h40_k1_dsparse_s0.txt,10,40,1,sparse,0,approx,0.002707,38,success
g10_h40_k1_dsparse_s1.txt,10,40,1,sparse,1,approx,0.004086,20,success
g10_h40_k1_dsparse_s2.txt,10,40,1,sparse,2,approx,0.003111,33,success
g6_h24_k2_ddense_s0.txt,6,24,2,dense,0,exact,0,-1,"complexity_skip (complexity=4.70e+15, threshold=3.60e+05)"
g6_h24_k2_ddense_s0.txt,6,24,2,dense,0,approx,0.002905,19,success
g6_h24_k2_ddense_s1.txt,6,24,2,dense,1,exact,0,-1,"complexity_skip (complexity=4.70e+15, threshold=3.60e+05)"
g6_h24_k2_ddense_s1.txt,6,24,2,dense,1,approx,0.002772,31,success
g6_h24_k2_ddense_s2.txt,6,24,2,dense,2,exact,0,-1,"complexity_skip (complexity=4.70e+15, threshold=3.60e+05)"
g6_h24_k2_ddense_s2.txt,6,24,2,dense,2,approx,0.002736,34,success
g6_h24_k2_dmedium_s0.txt,6,24,2,medium,0,exact,0,-1,"complexity_skip (complexity=4.70e+15, threshold=3.60e+05)"
g6_h24_k2_dmedium_s0.txt,6,24,2,medium,0,approx,0.002865,40,success
g6_h24_k2_dmedium_s1.txt,6,24,2,medium,1,exact,0,-1,"complexity_skip (complexity=4.70e+15, threshold=3.60e+05)"
g6_h24_k2_dmedium_s1.txt,6,24,2,medium,1,approx,0.002631,43,success
g6_h24_k2_dmedium_s2.txt,6,24,2,medium,2,exact,0,-1,"complexity_skip (complexity=4.70e+15, threshold=3.60e+05)"
g6_h24_k2_dmedium_s2.txt,6,24,2,medium,2,approx,0.002833,12,success
g6_h24_k2_dsparse_s0.txt,6,24,2,sparse,0,exact,0,-1,"complexity_skip (complexity=4.70e+15, threshold=3.60e+05)"
g6_h24_k2_dsparse_s0.txt,6,24,2,sparse,0,approx,0.002544,8,success
g6_h24_k2_dsparse_s1.txt,6,24,2,sparse,1,exact,0,-1,"complexity_skip (complexity=4.70e+15, threshold=3.60e+05)"
g6_h24_k2_dsparse_s1.txt,6,24,2,sparse,1,approx,0.002562,38,success
g6_h24_k2_dsparse_s2.txt,6,24,2,sparse,2,exact,0,-1,"complexity_skip (complexity=4.70e+15, threshold=3.60e+05)"
g6_h24_k2_dsparse_s2.txt,6,24,2,sparse,2,approx,0.002545,19,success
g7_h17_k2_ddense_s0.txt,7,17,2,dense,0,approx,0.002414,44,success
g7_h17_k2_ddense_s1.txt,7,17,2,dense,1,approx,0.002690,40,success
g7_h17_k2_ddense_s2.txt,7,17,2,dense,2,approx,0.002678,30,success
g7_h17_k2_dmedium_s0.txt,7,17,2,medium,0,approx,0.002722,48,success
g7_h17_k2_dmedium_s1.txt,7,17,2,medium,1,approx,0.002699,35,success
g7_h17_k2_dmedium_s2.txt,7,17,2,medium,2,approx,0.002938,53,success
g7_h17_k2_dsparse_s0.txt,7,17,2,sparse,0,approx,0.002650,16,success
g7_h17_k2_dsparse_s1.txt,7,17,2,sparse,1,approx,0.002930,17,success
g7_h17_k2_dsparse_s2.txt,7,17,2,sparse,2,approx,0.002595,32,success
g3_h12_k6_ddense_s0.txt,3,12,6,dense,0,exact,0,-1,"complexity_skip (complexity=7.43e+15, threshold=3.60e+05)"
g3_h12_k6_ddense_s0.txt,3,12,6,dense,0,approx,0.002384,25,success
g3_h12_k6_ddense_s1.txt,3,12,6,dense,1,exact,0,-1,"complexity_skip (complexity=7.43e+15, threshold=3.60e+05)"
g3_h12_k6_ddense_s1.txt,3,12,6,dense,1,approx,0.002490,24,success
g3_h12_k6_ddense_s2.txt,3,12,6,dense,2,exact,0,-1,"complexity_skip (complexity=7.43e+15, threshold=3.60e+05)"
g3_h12_k6_ddense_s2.txt,3,12,6,dense,2,approx,0.002518,25,success
g3_h12_k6_dmedium_s0.txt,3,12,6,medium,0,exact,0,-1,"complexity_skip (complexity=7.43e+15, threshold=3.60e+05)"
g3_h12_k6_dmedium_s0.txt,3,12,6,medium,0,approx,0.002554,22,success
g3_h12_k6_dmedium_s1.txt,3,12,6,medium,1,exact,0,-1,"complexity_skip (complexity=7.43e+15, threshold=3.60e+05)"
g3_h12_k6_dmedium_s1.txt,3,12,6,medium,1,approx,0.002575,25,success
g3_h12_k6_dmedium_s2.txt,3,12,6,medium,2,exact,0,-1,"complexity_skip (complexity=7.43e+15, threshold=3.60e+05)"
g3_h12_k6_dmedium_s2.txt,3,12,6,medium,2,approx,0.002401,22,success
g3_h12_k6_dsparse_s0.txt,3,12,6,sparse,0,exact,0,-1,"complexity_skip (complexity=7.43e+15, threshold=3.60e+05)"
g3_h12_k6_dsparse_s0.txt,3,12,6,sparse,0,approx,0.002497,2,success
g3_h12_k6_dsparse_s1.txt,3,12,6,sparse,1,exact,0,-1,"complexity_skip (complexity=7.43e+15, threshold=3.60e+05)"
g3_h12_k6_dsparse_s1.txt,3,12,6,sparse,1,approx,0.002360,4,success
g3_h12_k6_dsparse_s2.txt,3,12,6,sparse,2,exact,0,-1,"complexity_skip (complexity=7.43e+15, threshold=3.60e+05)"
g3_h12_k6_dsparse_s2.txt,3,12,6,sparse,2,approx,0.002445,18,success
g4_h6_k8_ddense_s0.txt,4,6,8,dense,0,exact,0,-1,"complexity_skip (complexity=7.56e+15, threshold=3.60e+05)"
g4_h6_k8_ddense_s0.txt,4,6,8,dense,0,approx,0.002623,37,success
g4_h6_k8_ddense_s1.txt,4,6,8,dense,1,exact,0,-1,"complexity_skip (complexity=7.56e+15, threshold=3.60e+05)"
g4_h6_k8_ddense_s1.txt,4,6,8,dense,1,approx,0.002379,19,success
g4_h6_k8_ddense_s2.txt,4,6,8,dense,2,exact,0,-1,"complexity_skip (complexity=7.56e+15, threshold=3.60e+05)"
g4_h6_k8_ddense_s2.txt,4,6,8,dense,2,approx,0.002390,33,success
g4_h6_k8_dmedium_s0.txt,4,6,8,medium,0,exact,0,-1,"complexity_skip (complexity=7.56e+15, threshold=3.60e+05)"
g4_h6_k8_dmedium_s0.txt,4,6,8,medium,0,approx,0.002382,29,success
g4_h6_k8_dmedium_s1.txt,4,6,8,medium,1,exact,0,-1,"complexity_skip (complexity=7.56e+15, threshold=3.60e+05)"
g4_h6_k8_dmedium_s1.txt,4,6,8,medium,1,approx,0.002257,24,success
g4_h6_k8_dmedium_s2.txt,4,6,8,medium,2,exact,0,-1,"complexity_skip (complexity=7.56e+15, threshold=3.60e+05)"
g4_h6_k8_dmedium_s2.txt,4,6,8,medium,2,approx,0.002454,22,success
g4_h6_k8_dsparse_s0.txt,4,6,8,sparse,0,exact,0,-1,"complexity_skip (complexity=7.56e+15, threshold=3.60e+05)"
g4_h6_k8_dsparse_s0.txt,4,6,8,sparse,0,approx,0.002548,22,success
g4_h6_k8_dsparse_s1.txt,4,6,8,sparse,1,exact,0,-1,"complexity_skip (complexity=7.56e+15, threshold=3.60e+05)"
g4_h6_k8_dsparse_s1.txt,4,6,8,sparse,1,approx,0.002307,5,success
g4_h6_k8_dsparse_s2.txt,4,6,8,sparse,2,exact,0,-1,"complexity_skip (complexity=7.56e+15, threshold=3.60e+05)"
g4_h6_k8_dsparse_s2.txt,4,6,8,sparse,2,approx,0.002312,35,success
g5_h15_k3_ddense_s0.txt,5,15,3,dense,0,exact,0,-1,"complexity_skip (complexity=7.80e+15, threshold=3.60e+05)"
g5_h15_k3_ddense_s0.txt,5,15,3,dense,0,approx,0.002427,26,success
g5_h15_k3_ddense_s1.txt,5,15,3,dense,1,exact,0,-1,"complexity_skip (complexity=7.80e+15, threshold=3.60e+05)"
g5_h15_k3_ddense_s1.txt,5,15,3,dense,1,approx,0.002471,20,success
g5_h15_k3_ddense_s2.txt,5,15,3,dense,2,exact,0,-1,"complexity_skip (complexity=7.80e+15, threshold=3.60e+05)"
g5_h15_k3_ddense_s2.txt,5,15,3,dense,2,approx,0.002403,28,success
g5_h15_k3_dmedium_s0.txt,5,15,3,medium,0,exact,0,-1,"complexity_skip (complexity=7.80e+15, threshold=3.60e+05)"
g5_h15_k3_dmedium_s0.txt,5,15,3,medium,0,approx,0.002503,36,success
g5_h15_k3_dmedium_s1.txt,5,15,3,medium,1,exact,0,-1,"complexity_skip (complexity=7.80e+15, threshold=3.60e+05)"
g5_h15_k3_dmedium_s1.txt,5,15,3,medium,1,approx,0.002373,32,success
g5_h15_k3_dmedium_s2.txt,5,15,3,medium,2,exact,0,-1,"complexity_skip (complexity=7.80e+15, threshold=3.60e+05)"
g5_h15_k3_dmedium_s2.txt,5,15,3,medium,2,approx,0.002584,18,success
g5_h15_k3_dsparse_s0.txt,5,15,3,sparse,0,exact,0,-1,"complexity_skip (complexity=7.80e+15, threshold=3.60e+05)"
g5_h15_k3_dsparse_s0.txt,5,15,3,sparse,0,approx,0.002666,22,success
g5_h15_k3_dsparse_s1.txt,5,15,3,sparse,1,exact,0,-1,"complexity_skip (complexity=7.80e+15, threshold=3.60e+05)"
g5_h15_k3_dsparse_s1.txt,5,15,3,sparse,1,approx,0.002422,28,success
g5_h15_k3_dsparse_s2.txt,5,15,3,sparse,2,exact,0,-1,"complexity_skip (complexity=7.80e+15, threshold=3.60e+05)"
g5_h15_k3_dsparse_s2.txt,5,15,3,sparse,2,approx,0.002333,30,success
g4_h10_k5_ddense_s0.txt,4,10,5,dense,0,exact,0,-1,"complexity_skip (complexity=2.72e+16, threshold=3.60e+05)"
g4_h10_k5_ddense_s0.txt,4,10,5,dense,0,approx,0.002757,15,success
g4_h10_k5_ddense_s1.txt,4,10,5,dense,1,exact,0,-1,"complexity_skip (complexity=2.72e+16, threshold=3.60e+05)"
g4_h10_k5_ddense_s1.txt,4,10,5,dense,1,approx,0.002434,28,success
g4_h10_k5_ddense_s2.txt,4,10,5,dense,2,exact,0,-1,"complexity_skip (complexity=2.72e+16, threshold=3.60e+05)"
g4_h10_k5_ddense_s2.txt,4,10,5,dense,2,approx,0.002482,18,success
g4_h10_k5_dmedium_s0.txt,4,10,5,medium,0,exact,0,-1,"complexity_skip (complexity=2.72e+16, threshold=3.60e+05)"
g4_h10_k5_dmedium_s0.txt,4,10,5,medium,0,approx,0.002373,18,success
g4_h10_k5_dmedium_s1.txt,4,10,5,medium,1,exact,0,-1,"complexity_skip (complexity=2.72e+16, threshold=3.60e+05)"
g4_h10_k5_dmedium_s1.txt,4,10,5,medium,1,approx,0.002500,17,success
g4_h10_k5_dmedium_s2.txt,4,10,5,medium,2,exact,0,-1,"complexity_skip (complexity=2.72e+16, threshold=3.60e+05)"
g4_h10_k5_dmedium_s2.txt,4,10,5,medium,2,approx,0.002554,18,success
g4_h10_k5_dsparse_s0.txt,4,10,5,sparse,0,exact,0,-1,"complexity_skip (complexity=2.72e+16, threshold=3.60e+05)"
g4_h10_k5_dsparse_s0.txt,4,10,5,sparse,0,approx,0.036370,10,success
g4_h10_k5_dsparse_s1.txt,4,10,5,sparse,1,exact,0,-1,"complexity_skip (complexity=2.72e+16, threshold=3.60e+05)"
g4_h10_k5_dsparse_s1.txt,4,10,5,sparse,1,approx,0.003667,5,success
g4_h10_k5_dsparse_s2.txt,4,10,5,sparse,2,exact,0,-1,"complexity_skip (complexity=2.72e+16, threshold=3.60e+05)"
g4_h10_k5_dsparse_s2.txt,4,10,5,sparse,2,approx,0.009127,5,success
g4_h8_k6_ddense_s0.txt,4,8,6,dense,0,exact,0,-1,"complexity_skip (complexity=3.15e+16, threshold=3.60e+05)"
g4_h8_k6_ddense_s0.txt,4,8,6,dense,0,approx,0.002943,36,success
g4_h8_k6_ddense_s1.txt,4,8,6,dense,1,exact,0,-1,"complexity_skip (complexity=3.15e+16, threshold=3.60e+05)"
g4_h8_k6_ddense_s1.txt,4,8,6,dense,1,approx,0.002837,32,success
g4_h8_k6_ddense_s2.txt,4,8,6,dense,2,exact,0,-1,"complexity_skip (complexity=3.15e+16, threshold=3.60e+05)"
g4_h8_k6_ddense_s2.txt,4,8,6,dense,2,approx,0.002542,16,success
g4_h8_k6_dmedium_s0.txt,4,8,6,medium,0,exact,0,-1,"complexity_skip (complexity=3.15e+16, threshold=3.60e+05)"
g4_h8_k6_dmedium_s0.txt,4,8,6,medium,0,approx,0.002412,23,success
g4_h8_k6_dmedium_s1.txt,4,8,6,medium,1,exact,0,-1,"complexity_skip (complexity=3.15e+16, threshold=3.60e+05)"
g4_h8_k6_dmedium_s1.txt,4,8,6,medium,1,approx,0.002506,41,success
g4_h8_k6_dmedium_s2.txt,4,8,6,medium,2,exact,0,-1,"complexity_skip (complexity=3.15e+16, threshold=3.60e+05)"
g4_h8_k6_dmedium_s2.txt,4,8,6,medium,2,approx,0.002788,40,success
g4_h8_k6_dsparse_s0.txt,4,8,6,sparse,0,exact,0,-1,"complexity_skip (complexity=3.15e+16, threshold=3.60e+05)"
g4_h8_k6_dsparse_s0.txt,4,8,6,sparse,0,approx,0.002486,18,success
g4_h8_k6_dsparse_s1.txt,4,8,6,sparse,1,exact,0,-1,"complexity_skip (complexity=3.15e+16, threshold=3.60e+05)"
g4_h8_k6_dsparse_s1.txt,4,8,6,sparse,1,approx,0.002328,18,success
g4_h8_k6_dsparse_s2.txt,4,8,6,sparse,2,exact,0,-1,"complexity_skip (complexity=3.15e+16, threshold=3.60e+05)"
g4_h8_k6_dsparse_s2.txt,4,8,6,sparse,2,approx,0.002385,19,success
g9_h13_k2_ddense_s0.txt,9,13,2,dense,0,approx,0.002498,67,success
g9_h13_k2_ddense_s1.txt,9,13,2,dense,1,approx,0.002544,69,success
g9_h13_k2_ddense_s2.txt,9,13,2,dense,2,approx,0.002635,55,success
g9_h13_k2_dmedium_s0.txt,9,13,2,medium,0,approx,0.002750,75,success
g9_h13_k2_dmedium_s1.txt,9,13,2,medium,1,approx,0.002477,104,success
g9_h13_k2_dmedium_s2.txt,9,13,2,medium,2,approx,0.002446,52,success
g9_h13_k2_dsparse_s0.txt,9,13,2,sparse,0,approx,0.002462,52,success
g9_h13_k2_dsparse_s1.txt,9,13,2,sparse,1,approx,0.002521,48,success
g9_h13_k2_dsparse_s2.txt,9,13,2,sparse,2,approx,0.002565,54,success
g5_h10_k4_ddense_s0.txt,5,10,4,dense,0,exact,0,-1,"complexity_skip (complexity=3.48e+16, threshold=3.60e+05)"
g5_h10_k4_ddense_s0.txt,5,10,4,dense,0,approx,0.002903,19,success
g5_h10_k4_ddense_s1.txt,5,10,4,dense,1,exact,0,-1,"complexity_skip (complexity=3.48e+16, threshold=3.60e+05)"
g5_h10_k4_ddense_s1.txt,5,10,4,dense,1,approx,0.002552,37,success
g5_h10_k4_ddense_s2.txt,5,10,4,dense,2,exact,0,-1,"complexity_skip (complexity=3.48e+16, threshold=3.60e+05)"
g5_h10_k4_ddense_s2.txt,5,10,4,dense,2,approx,0.002774,29,success
g5_h10_k4_dmedium_s0.txt,5,10,4,medium,0,exact,0,-1,"complexity_skip (complexity=3.48e+16, threshold=3.60e+05)"
g5_h10_k4_dmedium_s0.txt,5,10,4,medium,0,approx,0.002505,47,success
g5_h10_k4_dmedium_s1.txt,5,10,4,medium,1,exact,0,-1,"complexity_skip (complexity=3.48e+16, threshold=3.60e+05)"
g5_h10_k4_dmedium_s1.txt,5,10,4,medium,1,approx,0.002628,32,success
g5_h10_k4_dmedium_s2.txt,5,10,4,medium,2,exact,0,-1,"complexity_skip (complexity=3.48e+16, threshold=3.60e+05)"
g5_h10_k4_dmedium_s2.txt,5,10,4,medium,2,approx,0.002534,34,success
g5_h10_k4_dsparse_s0.txt,5,10,4,sparse,0,exact,0,-1,"complexity_skip (complexity=3.48e+16, threshold=3.60e+05)"
g5_h10_k4_dsparse_s0.txt,5,10,4,sparse,0,approx,0.002702,34,success
g5_h10_k4_dsparse_s1.txt,5,10,4,sparse,1,exact,0,-1,"complexity_skip (complexity=3.48e+16, threshold=3.60e+05)"
g5_h10_k4_dsparse_s1.txt,5,10,4,sparse,1,approx,0.002472,29,success
g5_h10_k4_dsparse_s2.txt,5,10,4,sparse,2,exact,0,-1,"complexity_skip (complexity=3.48e+16, threshold=3.60e+05)"
g5_h10_k4_dsparse_s2.txt,5,10,4,sparse,2,approx,0.002601,22,success
g7_h10_k3_ddense_s0.txt,7,10,3,dense,0,approx,0.002669,52,success
g7_h10_k3_ddense_s1.txt,7,10,3,dense,1,approx,0.002635,36,success
g7_h10_k3_ddense_s2.txt,7,10,3,dense,2,approx,0.002431,50,success
g7_h10_k3_dmedium_s0.txt,7,10,3,medium,0,approx,0.002498,57,success
g7_h10_k3_dmedium_s1.txt,7,10,3,medium,1,approx,0.002717,68,success
g7_h10_k3_dmedium_s2.txt,7,10,3,medium,2,approx,0.002304,68,success
g7_h10_k3_dsparse_s0.txt,7,10,3,sparse,0,approx,0.002341,33,success
g7_h10_k3_dsparse_s1.txt,7,10,3,sparse,1,approx,0.002497,47,success
g7_h10_k3_dsparse_s2.txt,7,10,3,sparse,2,approx,0.002568,35,success
g12_h30_k1_ddense_s0.txt,12,30,1,dense,0,approx,0.002780,96,success
g12_h30_k1_ddense_s1.txt,12,30,1,dense,1,approx,0.002859,103,success
g12_h30_k1_ddense_s2.txt,12,30,1,dense,2,approx,0.002679,103,success
g12_h30_k1_dmedium_s0.txt,12,30,1,medium,0,approx,0.002882,81,success
g12_h30_k1_dmedium_s1.txt,12,30,1,medium,1,approx,0.002782,75,success
g12_h30_k1_dmedium_s2.txt,12,30,1,medium,2,approx,0.002743,81,success
g12_h30_k1_dsparse_s0.txt,12,30,1,sparse,0,approx,0.002697,17,success
g12_h30_k1_dsparse_s1.txt,12,30,1,sparse,1,approx,0.002721,37,success
g12_h30_k1_dsparse_s2.txt,12,30,1,sparse,2,approx,0.002747,44,success
g6_h12_k3_ddense_s0.txt,6,12,3,dense,0,exact,0,-1,"complexity_skip (complexity=4.91e+16, threshold=3.60e+05)"
g6_h12_k3_ddense_s0.txt,6,12,3,dense,0,approx,0.002516,43,success
g6_h12_k3_ddense_s1.txt,6,12,3,dense,1,exact,0,-1,"complexity_skip (complexity=4.91e+16, threshold=3.60e+05)"
g6_h12_k3_ddense_s1.txt,6,12,3,dense,1,approx,0.002346,41,success
g6_h12_k3_ddense_s2.txt,6,12,3,dense,2,exact,0,-1,"complexity_skip (complexity=4.91e+16, threshold=3.60e+05)"
g6_h12_k3_ddense_s2.txt,6,12,3,dense,2,approx,0.002646,24,success
g6_h12_k3_dmedium_s0.txt,6,12,3,medium,0,exact,0,-1,"complexity_skip (complexity=4.91e+16, threshold=3.60e+05)"
g6_h12_k3_dmedium_s0.txt,6,12,3,medium,0,approx,0.002553,47,success
g6_h12_k3_dmedium_s1.txt,6,12,3,medium,1,exact,0,-1,"complexity_skip (complexity=4.91e+16, threshold=3.60e+05)"
g6_h12_k3_dmedium_s1.txt,6,12,3,medium,1,approx,0.002752,31,success
g6_h12_k3_dmedium_s2.txt,6,12,3,medium,2,exact,0,-1,"complexity_skip (complexity=4.91e+16, threshold=3.60e+05)"
g6_h12_k3_dmedium_s2.txt,6,12,3,medium,2,approx,0.002523,44,success
g6_h12_k3_dsparse_s0.txt,6,12,3,sparse,0,exact,0,-1,"complexity_skip (complexity=4.91e+16, threshold=3.60e+05)"
g6_h12_k3_dsparse_s0.txt,6,12,3,sparse,0,approx,0.002420,16,success
g6_h12_k3_dsparse_s1.txt,6,12,3,sparse,1,exact,0,-1,"complexity_skip (complexity=4.91e+16, threshold=3.60e+05)"
g6_h12_k3_dsparse_s1.txt,6,12,3,sparse,1,approx,0.002702,30,success
g6_h12_k3_dsparse_s2.txt,6,12,3,sparse,2,exact,0,-1,"complexity_skip (complexity=4.91e+16, threshold=3.60e+05)"
g6_h12_k3_dsparse_s2.txt,6,12,3,sparse,2,approx,0.002390,54,success
g3_h7_k10_ddense_s0.txt,3,7,10,dense,0,exact,0,-1,"complexity_skip (complexity=5.68e+16, threshold=3.60e+05)"
g3_h7_k10_ddense_s0.txt,3,7,10,dense,0,approx,0.002602,30,success
g3_h7_k10_ddense_s1.txt,3,7,10,dense,1,exact,0,-1,"complexity_skip (complexity=5.68e+16, threshold=3.60e+05)"
g3_h7_k10_ddense_s1.txt,3,7,10,dense,1,approx,0.003013,55,success
g3_h7_k10_ddense_s2.txt,3,7,10,dense,2,exact,0,-1,"complexity_skip (complexity=5.68e+16, threshold=3.60e+05)"
g3_h7_k10_ddense_s2.txt,3,7,10,dense,2,approx,0.002539,33,success
g3_h7_k10_dmedium_s0.txt,3,7,10,medium,0,exact,0,-1,"complexity_skip (complexity=5.68e+16, threshold=3.60e+05)"
g3_h7_k10_dmedium_s0.txt,3,7,10,medium,0,approx,0.002494,53,success
g3_h7_k10_dmedium_s1.txt,3,7,10,medium,1,exact,0,-1,"complexity_skip (complexity=5.68e+16, threshold=3.60e+05)"
g3_h7_k10_dmedium_s1.txt,3,7,10,medium,1,approx,0.002327,14,success
g3_h7_k10_dmedium_s2.txt,3,7,10,medium,2,exact,0,-1,"complexity_skip (complexity=5.68e+16, threshold=3.60e+05)"
g3_h7_k10_dmedium_s2.txt,3,7,10,medium,2,approx,0.002444,27,success
g3_h7_k10_dsparse_s0.txt,3,7,10,sparse,0,exact,0,-1,"complexity_skip (complexity=5.68e+16, threshold=3.60e+05)"
g3_h7_k10_dsparse_s0.txt,3,7,10,sparse,0,approx,0.002760,0,success
g3_h7_k10_dsparse_s1.txt,3,7,10,sparse,1,exact,0,-1,"complexity_skip (complexity=5.68e+16, threshold=3.60e+05)"
g3_h7_k10_dsparse_s1.txt,3,7,10,sparse,1,approx,0.002613,18,success
g3_h7_k10_dsparse_s2.txt,3,7,10,sparse,2,exact,0,-1,"complexity_skip (complexity=5.68e+16, threshold=3.60e+05)"
g3_h7_k10_dsparse_s2.txt,3,7,10,sparse,2,approx,0.002512,18,success
g3_h9_k8_ddense_s0.txt,3,9,8,dense,0,exact,0,-1,"complexity_skip (complexity=1.09e+17, threshold=3.60e+05)"
g3_h9_k8_ddense_s0.txt,3,9,8,dense,0,approx,0.003095,40,success
g3_h9_k8_ddense_s1.txt,3,9,8,dense,1,exact,0,-1,"complexity_skip (complexity=1.09e+17, threshold=3.60e+05)"
g3_h9_k8_ddense_s1.txt,3,9,8,dense,1,approx,0.002526,42,success
g3_h9_k8_ddense_s2.txt,3,9,8,dense,2,exact,0,-1,"complexity_skip (complexity=1.09e+17, threshold=3.60e+05)"
g3_h9_k8_ddense_s2.txt,3,9,8,dense,2,approx,0.002835,30,success
g3_h9_k8_dmedium_s0.txt,3,9,8,medium,0,exact,0,-1,"complexity_skip (complexity=1.09e+17, threshold=3.60e+05)"
g3_h9_k8_dmedium_s0.txt,3,9,8,medium,0,approx,0.002509,24,success
g3_h9_k8_dmedium_s1.txt,3,9,8,medium,1,exact,0,-1,"complexity_skip (complexity=1.09e+17, threshold=3.60e+05)"
g3_h9_k8_dmedium_s1.txt,3,9,8,medium,1,approx,0.002591,29,success
g3_h9_k8_dmedium_s2.txt,3,9,8,medium,2,exact,0,-1,"complexity_skip (complexity=1.09e+17, threshold=3.60e+05)"
g3_h9_k8_dmedium_s2.txt,3,9,8,medium,2,approx,0.002564,17,success
g3_h9_k8_dsparse_s0.txt,3,9,8,sparse,0,exact,0,-1,"complexity_skip (complexity=1.09e+17, threshold=3.60e+05)"
g3_h9_k8_dsparse_s0.txt,3,9,8,sparse,0,approx,0.002424,6,success
g3_h9_k8_dsparse_s1.txt,3,9,8,sparse,1,exact,0,-1,"complexity_skip (complexity=1.09e+17, threshold=3.60e+05)"
g3_h9_k8_dsparse_s1.txt,3,9,8,sparse,1,approx,0.002315,30,success
g3_h9_k8_dsparse_s2.txt,3,9,8,sparse,2,exact,0,-1,"complexity_skip (complexity=1.09e+17, threshold=3.60e+05)"
g3_h9_k8_dsparse_s2.txt,3,9,8,sparse,2,approx,0.002563,32,success
g8_h16_k2_ddense_s0.txt,8,16,2,dense,0,approx,0.002495,54,success
g8_h16_k2_ddense_s1.txt,8,16,2,dense,1,approx,0.002502,49,success
g8_h16_k2_ddense_s2.txt,8,16,2,dense,2,approx,0.002595,46,success
g8_h16_k2_dmedium_s0.txt,8,16,2,medium,0,approx,0.002496,78,success
g8_h16_k2_dmedium_s1.txt,8,16,2,medium,1,approx,0.002475,76,success
g8_h16_k2_dmedium_s2.txt,8,16,2,medium,2,approx,0.002759,62,success
g8_h16_k2_dsparse_s0.txt,8,16,2,sparse,0,approx,0.002354,29,success
g8_h16_k2_dsparse_s1.txt,8,16,2,sparse,1,approx,0.002662,33,success
g8_h16_k2_dsparse_s2.txt,8,16,2,sparse,2,approx,0.002469,18,success
g4_h16_k4_ddense_s0.txt,4,16,4,dense,0,exact,0,-1,"complexity_skip (complexity=1.52e+17, threshold=3.60e+05)"
g4_h16_k4_ddense_s0.txt,4,16,4,dense,0,approx,0.002487,12,success
g4_h16_k4_ddense_s1.txt,4,16,4,dense,1,exact,0,-1,"complexity_skip (complexity=1.52e+17, threshold=3.60e+05)"
g4_h16_k4_ddense_s1.txt,4,16,4,dense,1,approx,0.002669,15,success
g4_h16_k4_ddense_s2.txt,4,16,4,dense,2,exact,0,-1,"complexity_skip (complexity=1.52e+17, threshold=3.60e+05)"
g4_h16_k4_ddense_s2.txt,4,16,4,dense,2,approx,0.002453,17,success
g4_h16_k4_dmedium_s0.txt,4,16,4,medium,0,exact,0,-1,"complexity_skip (complexity=1.52e+17, threshold=3.60e+05)"
g4_h16_k4_dmedium_s0.txt,4,16,4,medium,0,approx,0.002525,25,success
g4_h16_k4_dmedium_s1.txt,4,16,4,medium,1,exact,0,-1,"complexity_skip (complexity=1.52e+17, threshold=3.60e+05)"
g4_h16_k4_dmedium_s1.txt,4,16,4,medium,1,approx,0.002504,9,success
g4_h16_k4_dmedium_s2.txt,4,16,4,medium,2,exact,0,-1,"complexity_skip (complexity=1.52e+17, threshold=3.60e+05)"
g4_h16_k4_dmedium_s2.txt,4,16,4,medium,2,approx,0.002355,13,success
g4_h16_k4_dsparse_s0.txt,4,16,4,sparse,0,exact,0,-1,"complexity_skip (complexity=1.52e+17, threshold=3.60e+05)"
g4_h16_k4_dsparse_s0.txt,4,16,4,sparse,0,approx,0.002440,16,success
g4_h16_k4_dsparse_s1.txt,4,16,4,sparse,1,exact,0,-1,"complexity_skip (complexity=1.52e+17, threshold=3.60e+05)"
g4_h16_k4_dsparse_s1.txt,4,16,4,sparse,1,approx,0.002551,13,success
g4_h16_k4_dsparse_s2.txt,4,16,4,sparse,2,exact,0,-1,"complexity_skip (complexity=1.52e+17, threshold=3.60e+05)"
g4_h16_k4_dsparse_s2.txt,4,16,4,sparse,2,approx,0.002465,3,success
g7_h21_k2_ddense_s0.txt,7,21,2,dense,0,approx,0.002458,40,success
g7_h21_k2_ddense_s1.txt,7,21,2,dense,1,approx,0.002623,36,success
g7_h21_k2_ddense_s2.txt,7,21,2,dense,2,approx,0.002656,30,success
g7_h21_k2_dmedium_s0.txt,7,21,2,medium,0,approx,0.002663,43,success
g7_h21_k2_dmedium_s1.txt,7,21,2,medium,1,approx,0.002560,56,success
g7_h21_k2_dmedium_s2.txt,7,21,2,medium,2,approx,0.002575,49,success
g7_h21_k2_dsparse_s0.txt,7,21,2,sparse,0,approx,0.002488,29,success
g7_h21_k2_dsparse_s1.txt,7,21,2,sparse,1,approx,0.002399,23,success
g7_h21_k2_dsparse_s2.txt,7,21,2,sparse,2,approx,0.002510,31,success
g15_h22_k1_ddense_s0.txt,15,22,1,dense,0,approx,0.002695,143,success
g15_h22_k1_ddense_s1.txt,15,22,1,dense,1,approx,0.002867,128,success
g15_h22_k1_ddense_s2.txt,15,22,1,dense,2,approx,0.002633,161,success
g15_h22_k1_dmedium_s0.txt,15,22,1,medium,0,approx,0.002547,134,success
g15_h22_k1_dmedium_s1.txt,15,22,1,medium,1,approx,0.002739,133,success
g15_h22_k1_dmedium_s2.txt,15,22,1,medium,2,approx,0.002883,138,success
g15_h22_k1_dsparse_s0.txt,15,22,1,sparse,0,approx,0.002906,57,success
g15_h22_k1_dsparse_s1.txt,15,22,1,sparse,1,approx,0.002974,85,success
g15_h22_k1_dsparse_s2.txt,15,22,1,sparse,2,approx,0.002824,81,success
g4_h6_k9_ddense_s0.txt,4,6,9,dense,0,exact,0,-1,"complexity_skip (complexity=3.09e+17, threshold=3.60e+05)"
g4_h6_k9_ddense_s0.txt,4,6,9,dense,0,approx,0.003682,40,success
g4_h6_k9_ddense_s1.txt,4,6,9,dense,1,exact,0,-1,"complexity_skip (complexity=3.09e+17, threshold=3.60e+05)"
g4_h6_k9_ddense_s1.txt,4,6,9,dense,1,approx,0.003373,39,success
g4_h6_k9_ddense_s2.txt,4,6,9,dense,2,exact,0,-1,"complexity_skip (complexity=3.09e+17, threshold=3.60e+05)"
g4_h6_k9_ddense_s2.txt,4,6,9,dense,2,approx,0.002744,25,success
g4_h6_k9_dmedium_s0.txt,4,6,9,medium,0,exact,0,-1,"complexity_skip (complexity=3.09e+17, threshold=3.60e+05)"
g4_h6_k9_dmedium_s0.txt,4,6,9,medium,0,approx,0.002646,38,success
g4_h6_k9_dmedium_s1.txt,4,6,9,medium,1,exact,0,-1,"complexity_skip (complexity=3.09e+17, threshold=3.60e+05)"
g4_h6_k9_dmedium_s1.txt,4,6,9,medium,1,approx,0.002801,50,success
g4_h6_k9_dmedium_s2.txt,4,6,9,medium,2,exact,0,-1,"complexity_skip (complexity=3.09e+17, threshold=3.60e+05)"
g4_h6_k9_dmedium_s2.txt,4,6,9,medium,2,approx,0.002421,39,success
g4_h6_k9_dsparse_s0.txt,4,6,9,sparse,0,exact,0,-1,"complexity_skip (complexity=3.09e+17, threshold=3.60e+05)"
g4_h6_k9_dsparse_s0.txt,4,6,9,sparse,0,approx,0.002562,26,success
g4_h6_k9_dsparse_s1.txt,4,6,9,sparse,1,exact,0,-1,"complexity_skip (complexity=3.09e+17, threshold=3.60e+05)"
g4_h6_k9_dsparse_s1.txt,4,6,9,sparse,1,approx,0.003458,38,success
g4_h6_k9_dsparse_s2.txt,4,6,9,sparse,2,exact,0,-1,"complexity_skip (complexity=3.09e+17, threshold=3.60e+05)"
g4_h6_k9_dsparse_s2.txt,4,6,9,sparse,2,approx,0.002799,27,success
g5_h7_k6_ddense_s0.txt,5,7,6,dense,0,exact,0,-1,"complexity_skip (complexity=3.58e+17, threshold=3.60e+05)"
g5_h7_k6_ddense_s0.txt,5,7,6,dense,0,approx,0.002850,33,success
g5_h7_k6_ddense_s1.txt,5,7,6,dense,1,exact,0,-1,"complexity_skip (complexity=3.58e+17, threshold=3.60e+05)"
g5_h7_k6_ddense_s1.txt,5,7,6,dense,1,approx,0.002838,42,success
g5_h7_k6_ddense_s2.txt,5,7,6,dense,2,exact,0,-1,"complexity_skip (complexity=3.58e+17, threshold=3.60e+05)"
g5_h7_k6_ddense_s2.txt,5,7,6,dense,2,approx,0.002669,19,success
g5_h7_k6_dmedium_s0.txt,5,7,6,medium,0,exact,0,-1,"complexity_skip (complexity=3.58e+17, threshold=3.60e+05)"
g5_h7_k6_dmedium_s0.txt,5,7,6,medium,0,approx,0.002520,26,success
g5_h7_k6_dmedium_s1.txt,5,7,6,medium,1,exact,0,-1,"complexity_skip (complexity=3.58e+17, threshold=3.60e+05)"
g5_h7_k6_dmedium_s1.txt,5,7,6,medium,1,approx,0.002926,52,success
g5_h7_k6_dmedium_s2.txt,5,7,6,medium,2,exact,0,-1,"complexity_skip (complexity=3.58e+17, threshold=3.60e+05)"
g5_h7_k6_dmedium_s2.txt,5,7,6,medium,2,approx,0.002833,53,success
g5_h7_k6_dsparse_s0.txt,5,7,6,sparse,0,exact,0,-1,"complexity_skip (complexity=3.58e+17, threshold=3.60e+05)"
g5_h7_k6_dsparse_s0.txt,5,7,6,sparse,0,approx,0.002642,33,success
g5_h7_k6_dsparse_s1.txt,5,7,6,sparse,1,exact,0,-1,"complexity_skip (complexity=3.58e+17, threshold=3.60e+05)"
g5_h7_k6_dsparse_s1.txt,5,7,6,sparse,1,approx,0.003470,34,success
g5_h7_k6_dsparse_s2.txt,5,7,6,sparse,2,exact,0,-1,"complexity_skip (complexity=3.58e+17, threshold=3.60e+05)"
g5_h7_k6_dsparse_s2.txt,5,7,6,sparse,2,approx,0.003489,33,success
g6_h9_k4_ddense_s0.txt,6,9,4,dense,0,exact,0,-1,"complexity_skip (complexity=5.58e+17, threshold=3.60e+05)"
g6_h9_k4_ddense_s0.txt,6,9,4,dense,0,approx,0.002559,48,success
g6_h9_k4_ddense_s1.txt,6,9,4,dense,1,exact,0,-1,"complexity_skip (complexity=5.58e+17, threshold=3.60e+05)"
g6_h9_k4_ddense_s1.txt,6,9,4,dense,1,approx,0.002474,41,success
g6_h9_k4_ddense_s2.txt,6,9,4,dense,2,exact,0,-1,"complexity_skip (complexity=5.58e+17, threshold=3.60e+05)"
g6_h9_k4_ddense_s2.txt,6,9,4,dense,2,approx,0.002442,25,success
g6_h9_k4_dmedium_s0.txt,6,9,4,medium,0,exact,0,-1,"complexity_skip (complexity=5.58e+17, threshold=3.60e+05)"
g6_h9_k4_dmedium_s0.txt,6,9,4,medium,0,approx,0.002800,63,success
g6_h9_k4_dmedium_s1.txt,6,9,4,medium,1,exact,0,-1,"complexity_skip (complexity=5.58e+17, threshold=3.60e+05)"
g6_h9_k4_dmedium_s1.txt,6,9,4,medium,1,approx,0.002850,53,success
g6_h9_k4_dmedium_s2.txt,6,9,4,medium,2,exact,0,-1,"complexity_skip (complexity=5.58e+17, threshold=3.60e+05)"
g6_h9_k4_dmedium_s2.txt,6,9,4,medium,2,approx,0.004017,39,success
g6_h9_k4_dsparse_s0.txt,6,9,4,sparse,0,exact,0,-1,"complexity_skip (complexity=5.58e+17, threshold=3.60e+05)"
g6_h9_k4_dsparse_s0.txt,6,9,4,sparse,0,approx,0.002846,47,success
g6_h9_k4_dsparse_s1.txt,6,9,4,sparse,1,exact,0,-1,"complexity_skip (complexity=5.58e+17, threshold=3.60e+05)"
g6_h9_k4_dsparse_s1.txt,6,9,4,sparse,1,approx,0.002756,15,success
g6_h9_k4_dsparse_s2.txt,6,9,4,sparse,2,exact,0,-1,"complexity_skip (complexity=5.58e+17, threshold=3.60e+05)"
g6_h9_k4_dsparse_s2.txt,6,9,4,sparse,2,approx,0.002723,29,success
g12_h36_k1_ddense_s0.txt,12,36,1,dense,0,approx,0.003111,90,success
g12_h36_k1_ddense_s1.txt,12,36,1,dense,1,approx,0.002821,62,success
g12_h36_k1_ddense_s2.txt,12,36,1,dense,2,approx,0.002901,92,success
g12_h36_k1_dmedium_s0.txt,12,36,1,medium,0,approx,0.002926,72,success
g12_h36_k1_dmedium_s1.txt,12,36,1,medium,1,approx,0.003417,61,success
g12_h36_k1_dmedium_s2.txt,12,36,1,medium,2,approx,0.003442,90,success
g12_h36_k1_dsparse_s0.txt,12,36,1,sparse,0,approx,0.002987,37,success
g12_h36_k1_dsparse_s1.txt,12,36,1,sparse,1,approx,0.003093,69,success
g12_h36_k1_dsparse_s2.txt,12,36,1,sparse,2,approx,0.002905,54,success
g5_h20_k3_ddense_s0.txt,5,20,3,dense,0,exact,0,-1,"complexity_skip (complexity=1.07e+18, threshold=3.60e+05)"
g5_h20_k3_ddense_s0.txt,5,20,3,dense,0,approx,0.003238,22,success
g5_h20_k3_ddense_s1.txt,5,20,3,dense,1,exact,0,-1,"complexity_skip (complexity=1.07e+18, threshold=3.60e+05)"
g5_h20_k3_ddense_s1.txt,5,20,3,dense,1,approx,0.002668,24,success
g5_h20_k3_ddense_s2.txt,5,20,3,dense,2,exact,0,-1,"complexity_skip (complexity=1.07e+18, threshold=3.60e+05)"
g5_h20_k3_ddense_s2.txt,5,20,3,dense,2,approx,0.002473,22,success
g5_h20_k3_dmedium_s0.txt,5,20,3,medium,0,exact,0,-1,"complexity_skip (complexity=1.07e+18, threshold=3.60e+05)"
g5_h20_k3_dmedium_s0.txt,5,20,3,medium,0,approx,0.002666,31,success
g5_h20_k3_dmedium_s1.txt,5,20,3,medium,1,exact,0,-1,"complexity_skip (complexity=1.07e+18, threshold=3.60e+05)"
g5_h20_k3_dmedium_s1.txt,5,20,3,medium,1,approx,0.002576,22,success
g5_h20_k3_dmedium_s2.txt,5,20,3,medium,2,exact,0,-1,"complexity_skip (complexity=1.07e+18, threshold=3.60e+05)"
g5_h20_k3_dmedium_s2.txt,5,20,3,medium,2,approx,0.002698,23,success
g5_h20_k3_dsparse_s0.txt,5,20,3,sparse,0,exact,0,-1,"complexity_skip (complexity=1.07e+18, threshold=3.60e+05)"
g5_h20_k3_dsparse_s0.txt,5,20,3,sparse,0,approx,0.002561,12,success
g5_h20_k3_dsparse_s1.txt,5,20,3,sparse,1,exact,0,-1,"complexity_skip (complexity=1.07e+18, threshold=3.60e+05)"
g5_h20_k3_dsparse_s1.txt,5,20,3,sparse,1,approx,0.002585,37,success
g5_h20_k3_dsparse_s2.txt,5,20,3,sparse,2,exact,0,-1,"complexity_skip (complexity=1.07e+18, threshold=3.60e+05)"
g5_h20_k3_dsparse_s2.txt,5,20,3,sparse,2,approx,0.002599,42,success
g3_h12_k7_ddense_s0.txt,3,12,7,dense,0,exact,0,-1,"complexity_skip (complexity=1.41e+18, threshold=3.60e+05)"
g3_h12_k7_ddense_s0.txt,3,12,7,dense,0,approx,0.002385,25,success
g3_h12_k7_ddense_s1.txt,3,12,7,dense,1,exact,0,-1,"complexity_skip (complexity=1.41e+18, threshold=3.60e+05)"
g3_h12_k7_ddense_s1.txt,3,12,7,dense,1,approx,0.002561,9,success
g3_h12_k7_ddense_s2.txt,3,12,7,dense,2,exact,0,-1,"complexity_skip (complexity=1.41e+18, threshold=3.60e+05)"
g3_h12_k7_ddense_s2.txt,3,12,7,dense,2,approx,0.002686,37,success
g3_h12_k7_dmedium_s0.txt,3,12,7,medium,0,exact,0,-1,"complexity_skip (complexity=1.41e+18, threshold=3.60e+05)"
g3_h12_k7_dmedium_s0.txt,3,12,7,medium,0,approx,0.002409,25,success
g3_h12_k7_dmedium_s1.txt,3,12,7,medium,1,exact,0,-1,"complexity_skip (complexity=1.41e+18, threshold=3.60e+05)"
g3_h12_k7_dmedium_s1.txt,3,12,7,medium,1,approx,0.002459,25,success
g3_h12_k7_dmedium_s2.txt,3,12,7,medium,2,exact,0,-1,"complexity_skip (complexity=1.41e+18, threshold=3.60e+05)"
g3_h12_k7_dmedium_s2.txt,3,12,7,medium,2,approx,0.002529,6,success
g3_h12_k7_dsparse_s0.txt,3,12,7,sparse,0,exact,0,-1,"complexity_skip (complexity=1.41e+18, threshold=3.60e+05)"
g3_h12_k7_dsparse_s0.txt,3,12,7,sparse,0,approx,0.002414,7,success
g3_h12_k7_dsparse_s1.txt,3,12,7,sparse,1,exact,0,-1,"complexity_skip (complexity=1.41e+18, threshold=3.60e+05)"
g3_h12_k7_dsparse_s1.txt,3,12,7,sparse,1,approx,0.002477,0,success
g3_h12_k7_dsparse_s2.txt,3,12,7,sparse,2,exact,0,-1,"complexity_skip (complexity=1.41e+18, threshold=3.60e+05)"
g3_h12_k7_dsparse_s2.txt,3,12,7,sparse,2,approx,0.002689,14,success
g4_h12_k5_ddense_s0.txt,4,12,5,dense,0,exact,0,-1,"complexity_skip (complexity=1.97e+18, threshold=3.60e+05)"
g4_h12_k5_ddense_s0.txt,4,12,5,dense,0,approx,0.002742,33,success
g4_h12_k5_ddense_s1.txt,4,12,5,dense,1,exact,0,-1,"complexity_skip (complexity=1.97e+18, threshold=3.60e+05)"
g4_h12_k5_ddense_s1.txt,4,12,5,dense,1,approx,0.002501,37,success
g4_h12_k5_ddense_s2.txt,4,12,5,dense,2,exact,0,-1,"complexity_skip (complexity=1.97e+18, threshold=3.60e+05)"
g4_h12_k5_ddense_s2.txt,4,12,5,dense,2,approx,0.002551,30,success
g4_h12_k5_dmedium_s0.txt,4,12,5,medium,0,exact,0,-1,"complexity_skip (complexity=1.97e+18, threshold=3.60e+05)"
g4_h12_k5_dmedium_s0.txt,4,12,5,medium,0,approx,0.002847,35,success
g4_h12_k5_dmedium_s1.txt,4,12,5,medium,1,exact,0,-1,"complexity_skip (complexity=1.97e+18, threshold=3.60e+05)"
g4_h12_k5_dmedium_s1.txt,4,12,5,medium,1,approx,0.003143,27,success
g4_h12_k5_dmedium_s2.txt,4,12,5,medium,2,exact,0,-1,"complexity_skip (complexity=1.97e+18, threshold=3.60e+05)"
g4_h12_k5_dmedium_s2.txt,4,12,5,medium,2,approx,0.002727,25,success
g4_h12_k5_dsparse_s0.txt,4,12,5,sparse,0,exact,0,-1,"complexity_skip (complexity=1.97e+18, threshold=3.60e+05)"
g4_h12_k5_dsparse_s0.txt,4,12,5,sparse,0,approx,0.002443,3,success
g4_h12_k5_dsparse_s1.txt,4,12,5,sparse,1,exact,0,-1,"complexity_skip (complexity=1.97e+18, threshold=3.60e+05)"
g4_h12_k5_dsparse_s1.txt,4,12,5,sparse,1,approx,0.002626,0,success
g4_h12_k5_dsparse_s2.txt,4,12,5,sparse,2,exact,0,-1,"complexity_skip (complexity=1.97e+18, threshold=3.60e+05)"
g4_h12_k5_dsparse_s2.txt,4,12,5,sparse,2,approx,0.002452,18,success
g5_h12_k4_ddense_s0.txt,5,12,4,dense,0,exact,0,-1,"complexity_skip (complexity=3.40e+18, threshold=3.60e+05)"
g5_h12_k4_ddense_s0.txt,5,12,4,dense,0,approx,0.002858,17,success
g5_h12_k4_ddense_s1.txt,5,12,4,dense,1,exact,0,-1,"complexity_skip (complexity=3.40e+18, threshold=3.60e+05)"
g5_h12_k4_ddense_s1.txt,5,12,4,dense,1,approx,0.002628,19,success
g5_h12_k4_ddense_s2.txt,5,12,4,dense,2,exact,0,-1,"complexity_skip (complexity=3.40e+18, threshold=3.60e+05)"
g5_h12_k4_ddense_s2.txt,5,12,4,dense,2,approx,0.002557,21,success
g5_h12_k4_dmedium_s0.txt,5,12,4,medium,0,exact,0,-1,"complexity_skip (complexity=3.40e+18, threshold=3.60e+05)"
g5_h12_k4_dmedium_s0.txt,5,12,4,medium,0,approx,0.002775,37,success
g5_h12_k4_dmedium_s1.txt,5,12,4,medium,1,exact,0,-1,"complexity_skip (complexity=3.40e+18, threshold=3.60e+05)"
g5_h12_k4_dmedium_s1.txt,5,12,4,medium,1,approx,0.002653,27,success
g5_h12_k4_dmedium_s2.txt,5,12,4,medium,2,exact,0,-1,"complexity_skip (complexity=3.40e+18, threshold=3.60e+05)"
g5_h12_k4_dmedium_s2.txt,5,12,4,medium,2,approx,0.002434,30,success
g5_h12_k4_dsparse_s0.txt,5,12,4,sparse,0,exact,0,-1,"complexity_skip (complexity=3.40e+18, threshold=3.60e+05)"
g5_h12_k4_dsparse_s0.txt,5,12,4,sparse,0,approx,0.002608,24,success
g5_h12_k4_dsparse_s1.txt,5,12,4,sparse,1,exact,0,-1,"complexity_skip (complexity=3.40e+18, threshold=3.60e+05)"
g5_h12_k4_dsparse_s1.txt,5,12,4,sparse,1,approx,0.002543,24,success
g5_h12_k4_dsparse_s2.txt,5,12,4,sparse,2,exact,0,-1,"complexity_skip (complexity=3.40e+18, threshold=3.60e+05)"
g5_h12_k4_dsparse_s2.txt,5,12,4,sparse,2,approx,0.002655,23,success
g3_h9_k9_ddense_s0.txt,3,9,9,dense,0,exact,0,-1,"complexity_skip (complexity=6.21e+18, threshold=3.60e+05)"
g3_h9_k9_ddense_s0.txt,3,9,9,dense,0,approx,0.003038,30,success
g3_h9_k9_ddense_s1.txt,3,9,9,dense,1,exact,0,-1,"complexity_skip (complexity=6.21e+18, threshold=3.60e+05)"
g3_h9_k9_ddense_s1.txt,3,9,9,dense,1,approx,0.002686,27,success
g3_h9_k9_ddense_s2.txt,3,9,9,dense,2,exact,0,-1,"complexity_skip (complexity=6.21e+18, threshold=3.60e+05)"
g3_h9_k9_ddense_s2.txt,3,9,9,dense,2,approx,0.002681,35,success
g3_h9_k9_dmedium_s0.txt,3,9,9,medium,0,exact,0,-1,"complexity_skip (complexity=6.21e+18, threshold=3.60e+05)"
g3_h9_k9_dmedium_s0.txt,3,9,9,medium,0,approx,0.002619,0,success
g3_h9_k9_dmedium_s1.txt,3,9,9,medium,1,exact,0,-1,"complexity_skip (complexity=6.21e+18, threshold=3.60e+05)"
g3_h9_k9_dmedium_s1.txt,3,9,9,medium,1,approx,0.002434,40,success
g3_h9_k9_dmedium_s2.txt,3,9,9,medium,2,exact,0,-1,"complexity_skip (complexity=6.21e+18, threshold=3.60e+05)"
g3_h9_k9_dmedium_s2.txt,3,9,9,medium,2,approx,0.002448,23,success
g3_h9_k9_dsparse_s0.txt,3,9,9,sparse,0,exact,0,-1,"complexity_skip (complexity=6.21e+18, threshold=3.60e+05)"
g3_h9_k9_dsparse_s0.txt,3,9,9,sparse,0,approx,0.002802,21,success
g3_h9_k9_dsparse_s1.txt,3,9,9,sparse,1,exact,0,-1,"complexity_skip (complexity=6.21e+18, threshold=3.60e+05)"
g3_h9_k9_dsparse_s1.txt,3,9,9,sparse,1,approx,0.002509,0,success
g3_h9_k9_dsparse_s2.txt,3,9,9,sparse,2,exact,0,-1,"complexity_skip (complexity=6.21e+18, threshold=3.60e+05)"
g3_h9_k9_dsparse_s2.txt,3,9,9,sparse,2,approx,0.002545,12,success
g4_h8_k7_ddense_s0.txt,4,8,7,dense,0,exact,0,-1,"complexity_skip (complexity=7.59e+18, threshold=3.60e+05)"
g4_h8_k7_ddense_s0.txt,4,8,7,dense,0,approx,0.002673,32,success
g4_h8_k7_ddense_s1.txt,4,8,7,dense,1,exact,0,-1,"complexity_skip (complexity=7.59e+18, threshold=3.60e+05)"
g4_h8_k7_ddense_s1.txt,4,8,7,dense,1,approx,0.002625,23,success
g4_h8_k7_ddense_s2.txt,4,8,7,dense,2,exact,0,-1,"complexity_skip (complexity=7.59e+18, threshold=3.60e+05)"
g4_h8_k7_ddense_s2.txt,4,8,7,dense,2,approx,0.002418,39,success
g4_h8_k7_dmedium_s0.txt,4,8,7,medium,0,exact,0,-1,"complexity_skip (complexity=7.59e+18, threshold=3.60e+05)"
g4_h8_k7_dmedium_s0.txt,4,8,7,medium,0,approx,0.002318,32,success
g4_h8_k7_dmedium_s1.txt,4,8,7,medium,1,exact,0,-1,"complexity_skip (complexity=7.59e+18, threshold=3.60e+05)"
g4_h8_k7_dmedium_s1.txt,4,8,7,medium,1,approx,0.002375,41,success
g4_h8_k7_dmedium_s2.txt,4,8,7,medium,2,exact,0,-1,"complexity_skip (complexity=7.59e+18, threshold=3.60e+05)"
g4_h8_k7_dmedium_s2.txt,4,8,7,medium,2,approx,0.002544,23,success
g4_h8_k7_dsparse_s0.txt,4,8,7,sparse,0,exact,0,-1,"complexity_skip (complexity=7.59e+18, threshold=3.60e+05)"
g4_h8_k7_dsparse_s0.txt,4,8,7,sparse,0,approx,0.002367,29,success
g4_h8_k7_dsparse_s1.txt,4,8,7,sparse,1,exact,0,-1,"complexity_skip (complexity=7.59e+18, threshold=3.60e+05)"
g4_h8_k7_dsparse_s1.txt,4,8,7,sparse,1,approx,0.002530,36,success
g4_h8_k7_dsparse_s2.txt,4,8,7,sparse,2,exact,0,-1,"complexity_skip (complexity=7.59e+18, threshold=3.60e+05)"
g4_h8_k7_dsparse_s2.txt,4,8,7,sparse,2,approx,0.002704,21,success
g6_h15_k3_ddense_s0.txt,6,15,3,dense,0,exact,0,-1,"complexity_skip (complexity=7.80e+18, threshold=3.60e+05)"
g6_h15_k3_ddense_s0.txt,6,15,3,dense,0,approx,0.002597,33,success
g6_h15_k3_ddense_s1.txt,6,15,3,dense,1,exact,0,-1,"complexity_skip (complexity=7.80e+18, threshold=3.60e+05)"
g6_h15_k3_ddense_s1.txt,6,15,3,dense,1,approx,0.002445,38,success
g6_h15_k3_ddense_s2.txt,6,15,3,dense,2,exact,0,-1,"complexity_skip (complexity=7.80e+18, threshold=3.60e+05)"
g6_h15_k3_ddense_s2.txt,6,15,3,dense,2,approx,0.002543,43,success
g6_h15_k3_dmedium_s0.txt,6,15,3,medium,0,exact,0,-1,"complexity_skip (complexity=7.80e+18, threshold=3.60e+05)"
g6_h15_k3_dmedium_s0.txt,6,15,3,medium,0,approx,0.002456,60,success
g6_h15_k3_dmedium_s1.txt,6,15,3,medium,1,exact,0,-1,"complexity_skip (complexity=7.80e+18, threshold=3.60e+05)"
g6_h15_k3_dmedium_s1.txt,6,15,3,medium,1,approx,0.002403,67,success
g6_h15_k3_dmedium_s2.txt,6,15,3,medium,2,exact,0,-1,"complexity_skip (complexity=7.80e+18, threshold=3.60e+05)"
g6_h15_k3_dmedium_s2.txt,6,15,3,medium,2,approx,0.002734,51,success
g6_h15_k3_dsparse_s0.txt,6,15,3,sparse,0,exact,0,-1,"complexity_skip (complexity=7.80e+18, threshold=3.60e+05)"
g6_h15_k3_dsparse_s0.txt,6,15,3,sparse,0,approx,0.002922,32,success
g6_h15_k3_dsparse_s1.txt,6,15,3,sparse,1,exact,0,-1,"complexity_skip (complexity=7.80e+18, threshold=3.60e+05)"
g6_h15_k3_dsparse_s1.txt,6,15,3,sparse,1,approx,0.002650,15,success
g6_h15_k3_dsparse_s2.txt,6,15,3,sparse,2,exact,0,-1,"complexity_skip (complexity=7.80e+18, threshold=3.60e+05)"
g6_h15_k3_dsparse_s2.txt,6,15,3,sparse,2,approx,0.002528,25,success
g4_h6_k10_ddense_s0.txt,4,6,10,dense,0,exact,0,-1,"complexity_skip (complexity=1.14e+19, threshold=3.60e+05)"
g4_h6_k10_ddense_s0.txt,4,6,10,dense,0,approx,0.002551,52,success
g4_h6_k10_ddense_s1.txt,4,6,10,dense,1,exact,0,-1,"complexity_skip (complexity=1.14e+19, threshold=3.60e+05)"
g4_h6_k10_ddense_s1.txt,4,6,10,dense,1,approx,0.002440,19,success
g4_h6_k10_ddense_s2.txt,4,6,10,dense,2,exact,0,-1,"complexity_skip (complexity=1.14e+19, threshold=3.60e+05)"
g4_h6_k10_ddense_s2.txt,4,6,10,dense,2,approx,0.002575,29,success
g4_h6_k10_dmedium_s0.txt,4,6,10,medium,0,exact,0,-1,"complexity_skip (complexity=1.14e+19, threshold=3.60e+05)"
g4_h6_k10_dmedium_s0.txt,4,6,10,medium,0,approx,0.002423,74,success
g4_h6_k10_dmedium_s1.txt,4,6,10,medium,1,exact,0,-1,"complexity_skip (complexity=1.14e+19, threshold=3.60e+05)"
g4_h6_k10_dmedium_s1.txt,4,6,10,medium,1,approx,0.002505,32,success
g4_h6_k10_dmedium_s2.txt,4,6,10,medium,2,exact,0,-1,"complexity_skip (complexity=1.14e+19, threshold=3.60e+05)"
g4_h6_k10_dmedium_s2.txt,4,6,10,medium,2,approx,0.002506,39,success
g4_h6_k10_dsparse_s0.txt,4,6,10,sparse,0,exact,0,-1,"complexity_skip (complexity=1.14e+19, threshold=3.60e+05)"
g4_h6_k10_dsparse_s0.txt,4,6,10,sparse,0,approx,0.002492,7,success
g4_h6_k10_dsparse_s1.txt,4,6,10,sparse,1,exact,0,-1,"complexity_skip (complexity=1.14e+19, threshold=3.60e+05)"
g4_h6_k10_dsparse_s1.txt,4,6,10,sparse,1,approx,0.002529,33,success
g4_h6_k10_dsparse_s2.txt,4,6,10,sparse,2,exact,0,-1,"complexity_skip (complexity=1.14e+19, threshold=3.60e+05)"
g4_h6_k10_dsparse_s2.txt,4,6,10,sparse,2,approx,0.002485,0,success
g8_h20_k2_ddense_s0.txt,8,20,2,dense,0,approx,0.002509,38,success
g8_h20_k2_ddense_s1.txt,8,20,2,dense,1,approx,0.002580,39,success
g8_h20_k2_ddense_s2.txt,8,20,2,dense,2,approx,0.002694,53,success
g8_h20_k2_dmedium_s0.txt,8,20,2,medium,0,approx,0.002590,52,success
g8_h20_k2_dmedium_s1.txt,8,20,2,medium,1,approx,0.002715,82,success
g8_h20_k2_dmedium_s2.txt,8,20,2,medium,2,approx,0.002660,53,success
g8_h20_k2_dsparse_s0.txt,8,20,2,sparse,0,approx,0.002545,34,success
g8_h20_k2_dsparse_s1.txt,8,20,2,sparse,1,approx,0.002475,36,success
g8_h20_k2_dsparse_s2.txt,8,20,2,sparse,2,approx,0.002545,37,success
g7_h28_k2_ddense_s0.txt,7,28,2,dense,0,approx,0.002745,28,success
g7_h28_k2_ddense_s1.txt,7,28,2,dense,1,approx,0.002833,44,success
g7_h28_k2_ddense_s2.txt,7,28,2,dense,2,approx,0.002570,35,success
g7_h28_k2_dmedium_s0.txt,7,28,2,medium,0,approx,0.002633,33,success
g7_h28_k2_dmedium_s1.txt,7,28,2,medium,1,approx,0.002646,22,success
g7_h28_k2_dmedium_s2.txt,7,28,2,medium,2,approx,0.002652,32,success
g7_h28_k2_dsparse_s0.txt,7,28,2,sparse,0,approx,0.002643,29,success
g7_h28_k2_dsparse_s1.txt,7,28,2,sparse,1,approx,0.002551,31,success
g7_h28_k2_dsparse_s2.txt,7,28,2,sparse,2,approx,0.002681,5,success
g4_h10_k6_ddense_s0.txt,4,10,6,dense,0,exact,0,-1,"complexity_skip (complexity=2.28e+19, threshold=3.60e+05)"
g4_h10_k6_ddense_s0.txt,4,10,6,dense,0,approx,0.002504,37,success
g4_h10_k6_ddense_s1.txt,4,10,6,dense,1,exact,0,-1,"complexity_skip (complexity=2.28e+19, threshold=3.60e+05)"
g4_h10_k6_ddense_s1.txt,4,10,6,dense,1,approx,0.002366,36,success
g4_h10_k6_ddense_s2.txt,4,10,6,dense,2,exact,0,-1,"complexity_skip (complexity=2.28e+19, threshold=3.60e+05)"
g4_h10_k6_ddense_s2.txt,4,10,6,dense,2,approx,0.002386,36,success
g4_h10_k6_dmedium_s0.txt,4,10,6,medium,0,exact,0,-1,"complexity_skip (complexity=2.28e+19, threshold=3.60e+05)"
g4_h10_k6_dmedium_s0.txt,4,10,6,medium,0,approx,0.002413,30,success
g4_h10_k6_dmedium_s1.txt,4,10,6,medium,1,exact,0,-1,"complexity_skip (complexity=2.28e+19, threshold=3.60e+05)"
g4_h10_k6_dmedium_s1.txt,4,10,6,medium,1,approx,0.002353,32,success
g4_h10_k6_dmedium_s2.txt,4,10,6,medium,2,exact,0,-1,"complexity_skip (complexity=2.28e+19, threshold=3.60e+05)"
g4_h10_k6_dmedium_s2.txt,4,10,6,medium,2,approx,0.002536,33,success
g4_h10_k6_dsparse_s0.txt,4,10,6,sparse,0,exact,0,-1,"complexity_skip (complexity=2.28e+19, threshold=3.60e+05)"
g4_h10_k6_dsparse_s0.txt,4,10,6,sparse,0,approx,0.002372,39,success
g4_h10_k6_dsparse_s1.txt,4,10,6,sparse,1,exact,0,-1,"complexity_skip (complexity=2.28e+19, threshold=3.60e+05)"
g4_h10_k6_dsparse_s1.txt,4,10,6,sparse,1,approx,0.002362,18,success
g4_h10_k6_dsparse_s2.txt,4,10,6,sparse,2,exact,0,-1,"complexity_skip (complexity=2.28e+19, threshold=3.60e+05)"
g4_h10_k6_dsparse_s2.txt,4,10,6,sparse,2,approx,0.002505,35,success
g12_h48_k1_ddense_s0.txt,12,48,1,dense,0,approx,0.003349,81,success
g12_h48_k1_ddense_s1.txt,12,48,1,dense,1,approx,0.003259,90,success
g12_h48_k1_ddense_s2.txt,12,48,1,dense,2,approx,0.003123,93,success
g12_h48_k1_dmedium_s0.txt,12,48,1,medium,0,approx,0.003323,71,success
g12_h48_k1_dmedium_s1.txt,12,48,1,medium,1,approx,0.003491,76,success
g12_h48_k1_dmedium_s2.txt,12,48,1,medium,2,approx,0.003822,86,success
g12_h48_k1_dsparse_s0.txt,12,48,1,sparse,0,approx,0.003262,55,success
g12_h48_k1_dsparse_s1.txt,12,48,1,sparse,1,approx,0.003453,38,success
g12_h48_k1_dsparse_s2.txt,12,48,1,sparse,2,approx,0.003335,40,success
g10_h15_k2_ddense_s0.txt,10,15,2,dense,0,approx,0.002590,100,success
g10_h15_k2_ddense_s1.txt,10,15,2,dense,1,approx,0.002715,80,success
g10_h15_k2_ddense_s2.txt,10,15,2,dense,2,approx,0.002699,94,success
g10_h15_k2_dmedium_s0.txt,10,15,2,medium,0,approx,0.002566,65,success
g10_h15_k2_dmedium_s1.txt,10,15,2,medium,1,approx,0.002475,98,success
g10_h15_k2_dmedium_s2.txt,10,15,2,medium,2,approx,0.002571,146,success
g10_h15_k2_dsparse_s0.txt,10,15,2,sparse,0,approx,0.002688,41,success
g10_h15_k2_dsparse_s1.txt,10,15,2,sparse,1,approx,0.002639,53,success
g10_h15_k2_dsparse_s2.txt,10,15,2,sparse,2,approx,0.003049,49,success
g5_h7_k7_ddense_s0.txt,5,7,7,dense,0,exact,0,-1,"complexity_skip (complexity=1.29e+20, threshold=3.60e+05)"
g5_h7_k7_ddense_s0.txt,5,7,7,dense,0,approx,0.002496,33,success
g5_h7_k7_ddense_s1.txt,5,7,7,dense,1,exact,0,-1,"complexity_skip (complexity=1.29e+20, threshold=3.60e+05)"
g5_h7_k7_ddense_s1.txt,5,7,7,dense,1,approx,0.002710,39,success
g5_h7_k7_ddense_s2.txt,5,7,7,dense,2,exact,0,-1,"complexity_skip (complexity=1.29e+20, threshold=3.60e+05)"
g5_h7_k7_ddense_s2.txt,5,7,7,dense,2,approx,0.003105,35,success
g5_h7_k7_dmedium_s0.txt,5,7,7,medium,0,exact,0,-1,"complexity_skip (complexity=1.29e+20, threshold=3.60e+05)"
g5_h7_k7_dmedium_s0.txt,5,7,7,medium,0,approx,0.002806,60,success
g5_h7_k7_dmedium_s1.txt,5,7,7,medium,1,exact,0,-1,"complexity_skip (complexity=1.29e+20, threshold=3.60e+05)"
g5_h7_k7_dmedium_s1.txt,5,7,7,medium,1,approx,0.003413,48,success
g5_h7_k7_dmedium_s2.txt,5,7,7,medium,2,exact,0,-1,"complexity_skip (complexity=1.29e+20, threshold=3.60e+05)"
g5_h7_k7_dmedium_s2.txt,5,7,7,medium,2,approx,0.003118,56,success
g5_h7_k7_dsparse_s0.txt,5,7,7,sparse,0,exact,0,-1,"complexity_skip (complexity=1.29e+20, threshold=3.60e+05)"
g5_h7_k7_dsparse_s0.txt,5,7,7,sparse,0,approx,0.004202,46,success
g5_h7_k7_dsparse_s1.txt,5,7,7,sparse,1,exact,0,-1,"complexity_skip (complexity=1.29e+20, threshold=3.60e+05)"
g5_h7_k7_dsparse_s1.txt,5,7,7,sparse,1,approx,0.003640,69,success
g5_h7_k7_dsparse_s2.txt,5,7,7,sparse,2,exact,0,-1,"complexity_skip (complexity=1.29e+20, threshold=3.60e+05)"
g5_h7_k7_dsparse_s2.txt,5,7,7,sparse,2,approx,0.004334,45,success
g9_h18_k2_ddense_s0.txt,9,18,2,dense,0,approx,0.003633,62,success
g9_h18_k2_ddense_s1.txt,9,18,2,dense,1,approx,0.003141,51,success
g9_h18_k2_ddense_s2.txt,9,18,2,dense,2,approx,0.002679,65,success
g9_h18_k2_dmedium_s0.txt,9,18,2,medium,0,approx,0.002787,97,success
g9_h18_k2_dmedium_s1.txt,9,18,2,medium,1,approx,0.002709,79,success
g9_h18_k2_dmedium_s2.txt,9,18,2,medium,2,approx,0.002787,68,success
g9_h18_k2_dsparse_s0.txt,9,18,2,sparse,0,approx,0.002686,59,success
g9_h18_k2_dsparse_s1.txt,9,18,2,sparse,1,approx,0.002629,58,success
g9_h18_k2_dsparse_s2.txt,9,18,2,sparse,2,approx,0.002498,57,success
g15_h30_k1_ddense_s0.txt,15,30,1,dense,0,approx,0.002986,118,success
g15_h30_k1_ddense_s1.txt,15,30,1,dense,1,approx,0.002854,142,success
g15_h30_k1_ddense_s2.txt,15,30,1,dense,2,approx,0.002931,134,success
g15_h30_k1_dmedium_s0.txt,15,30,1,medium,0,approx,0.003127,121,success
g15_h30_k1_dmedium_s1.txt,15,30,1,medium,1,approx,0.003031,117,success
g15_h30_k1_dmedium_s2.txt,15,30,1,medium,2,approx,0.002917,118,success
g15_h30_k1_dsparse_s0.txt,15,30,1,sparse,0,approx,0.003156,61,success
g15_h30_k1_dsparse_s1.txt,15,30,1,sparse,1,approx,0.002952,73,success
g15_h30_k1_dsparse_s2.txt,15,30,1,sparse,2,approx,0.003013,73,success
g5_h10_k5_ddense_s0.txt,5,10,5,dense,0,exact,0,-1,"complexity_skip (complexity=2.11e+20, threshold=3.60e+05)"
g5_h10_k5_ddense_s0.txt,5,10,5,dense,0,approx,0.002521,28,success
g5_h10_k5_ddense_s1.txt,5,10,5,dense,1,exact,0,-1,"complexity_skip (complexity=2.11e+20, threshold=3.60e+05)"
g5_h10_k5_ddense_s1.txt,5,10,5,dense,1,approx,0.002527,14,success
g5_h10_k5_ddense_s2.txt,5,10,5,dense,2,exact,0,-1,"complexity_skip (complexity=2.11e+20, threshold=3.60e+05)"
g5_h10_k5_ddense_s2.txt,5,10,5,dense,2,approx,0.002462,21,success
g5_h10_k5_dmedium_s0.txt,5,10,5,medium,0,exact,0,-1,"complexity_skip (complexity=2.11e+20, threshold=3.60e+05)"
g5_h10_k5_dmedium_s0.txt,5,10,5,medium,0,approx,0.002461,43,success
g5_h10_k5_dmedium_s1.txt,5,10,5,medium,1,exact,0,-1,"complexity_skip (complexity=2.11e+20, threshold=3.60e+05)"
g5_h10_k5_dmedium_s1.txt,5,10,5,medium,1,approx,0.002665,34,success
g5_h10_k5_dmedium_s2.txt,5,10,5,medium,2,exact,0,-1,"complexity_skip (complexity=2.11e+20, threshold=3.60e+05)"
g5_h10_k5_dmedium_s2.txt,5,10,5,medium,2,approx,0.002421,35,success
g5_h10_k5_dsparse_s0.txt,5,10,5,sparse,0,exact,0,-1,"complexity_skip (complexity=2.11e+20, threshold=3.60e+05)"
g5_h10_k5_dsparse_s0.txt,5,10,5,sparse,0,approx,0.002552,49,success
g5_h10_k5_dsparse_s1.txt,5,10,5,sparse,1,exact,0,-1,"complexity_skip (complexity=2.11e+20, threshold=3.60e+05)"
g5_h10_k5_dsparse_s1.txt,5,10,5,sparse,1,approx,0.002374,27,success
g5_h10_k5_dsparse_s2.txt,5,10,5,sparse,2,exact,0,-1,"complexity_skip (complexity=2.11e+20, threshold=3.60e+05)"
g5_h10_k5_dsparse_s2.txt,5,10,5,sparse,2,approx,0.002382,27,success
g3_h12_k8_ddense_s0.txt,3,12,8,dense,0,exact,0,-1,"complexity_skip (complexity=2.33e+20, threshold=3.60e+05)"
g3_h12_k8_ddense_s0.txt,3,12,8,dense,0,approx,0.002673,40,success
g3_h12_k8_ddense_s1.txt,3,12,8,dense,1,exact,0,-1,"complexity_skip (complexity=2.33e+20, threshold=3.60e+05)"
g3_h12_k8_ddense_s1.txt,3,12,8,dense,1,approx,0.002793,33,success
g3_h12_k8_ddense_s2.txt,3,12,8,dense,2,exact,0,-1,"complexity_skip (complexity=2.33e+20, threshold=3.60e+05)"
g3_h12_k8_ddense_s2.txt,3,12,8,dense,2,approx,0.005942,29,success
g3_h12_k8_dmedium_s0.txt,3,12,8,medium,0,exact,0,-1,"complexity_skip (complexity=2.33e+20, threshold=3.60e+05)"
g3_h12_k8_dmedium_s0.txt,3,12,8,medium,0,approx,0.003688,19,success
g3_h12_k8_dmedium_s1.txt,3,12,8,medium,1,exact,0,-1,"complexity_skip (complexity=2.33e+20, threshold=3.60e+05)"
g3_h12_k8_dmedium_s1.txt,3,12,8,medium,1,approx,0.003499,20,success
g3_h12_k8_dmedium_s2.txt,3,12,8,medium,2,exact,0,-1,"complexity_skip (complexity=2.33e+20, threshold=3.60e+05)"
g3_h12_k8_dmedium_s2.txt,3,12,8,medium,2,approx,0.003320,30,success
g3_h12_k8_dsparse_s0.txt,3,12,8,sparse,0,exact,0,-1,"complexity_skip (complexity=2.33e+20, threshold=3.60e+05)"
g3_h12_k8_dsparse_s0.txt,3,12,8,sparse,0,approx,0.002705,24,success
g3_h12_k8_dsparse_s1.txt,3,12,8,sparse,1,exact,0,-1,"complexity_skip (complexity=2.33e+20, threshold=3.60e+05)"
g3_h12_k8_dsparse_s1.txt,3,12,8,sparse,1,approx,0.002513,26,success
g3_h12_k8_dsparse_s2.txt,3,12,8,sparse,2,exact,0,-1,"complexity_skip (complexity=2.33e+20, threshold=3.60e+05)"
g3_h12_k8_dsparse_s2.txt,3,12,8,sparse,2,approx,0.002478,4,success
g3_h9_k10_ddense_s0.txt,3,9,10,dense,0,exact,0,-1,"complexity_skip (complexity=3.18e+20, threshold=3.60e+05)"
g3_h9_k10_ddense_s0.txt,3,9,10,dense,0,approx,0.002370,52,success
g3_h9_k10_ddense_s1.txt,3,9,10,dense,1,exact,0,-1,"complexity_skip (complexity=3.18e+20, threshold=3.60e+05)"
g3_h9_k10_ddense_s1.txt,3,9,10,dense,1,approx,0.002527,49,success
g3_h9_k10_ddense_s2.txt,3,9,10,dense,2,exact,0,-1,"complexity_skip (complexity=3.18e+20, threshold=3.60e+05)"
g3_h9_k10_ddense_s2.txt,3,9,10,dense,2,approx,0.003126,34,success
g3_h9_k10_dmedium_s0.txt,3,9,10,medium,0,exact,0,-1,"complexity_skip (complexity=3.18e+20, threshold=3.60e+05)"
g3_h9_k10_dmedium_s0.txt,3,9,10,medium,0,approx,0.003632,39,success
g3_h9_k10_dmedium_s1.txt,3,9,10,medium,1,exact,0,-1,"complexity_skip (complexity=3.18e+20, threshold=3.60e+05)"
g3_h9_k10_dmedium_s1.txt,3,9,10,medium,1,approx,0.002753,64,success
g3_h9_k10_dmedium_s2.txt,3,9,10,medium,2,exact,0,-1,"complexity_skip (complexity=3.18e+20, threshold=3.60e+05)"
g3_h9_k10_dmedium_s2.txt,3,9,10,medium,2,approx,0.002650,38,success
g3_h9_k10_dsparse_s0.txt,3,9,10,sparse,0,exact,0,-1,"complexity_skip (complexity=3.18e+20, threshold=3.60e+05)"
g3_h9_k10_dsparse_s0.txt,3,9,10,sparse,0,approx,0.002542,26,success
g3_h9_k10_dsparse_s1.txt,3,9,10,sparse,1,exact,0,-1,"complexity_skip (complexity=3.18e+20, threshold=3.60e+05)"
g3_h9_k10_dsparse_s1.txt,3,9,10,sparse,1,approx,0.002570,34,success
g3_h9_k10_dsparse_s2.txt,3,9,10,sparse,2,exact,0,-1,"complexity_skip (complexity=3.18e+20, threshold=3.60e+05)"
g3_h9_k10_dsparse_s2.txt,3,9,10,sparse,2,approx,0.002682,0,success
g6_h18_k3_ddense_s0.txt,6,18,3,dense,0,exact,0,-1,"complexity_skip (complexity=3.98e+20, threshold=3.60e+05)"
g6_h18_k3_ddense_s0.txt,6,18,3,dense,0,approx,0.002737,47,success
g6_h18_k3_ddense_s1.txt,6,18,3,dense,1,exact,0,-1,"complexity_skip (complexity=3.98e+20, threshold=3.60e+05)"
g6_h18_k3_ddense_s1.txt,6,18,3,dense,1,approx,0.002583,28,success
g6_h18_k3_ddense_s2.txt,6,18,3,dense,2,exact,0,-1,"complexity_skip (complexity=3.98e+20, threshold=3.60e+05)"
g6_h18_k3_ddense_s2.txt,6,18,3,dense,2,approx,0.002513,15,success
g6_h18_k3_dmedium_s0.txt,6,18,3,medium,0,exact,0,-1,"complexity_skip (complexity=3.98e+20, threshold=3.60e+05)"
g6_h18_k3_dmedium_s0.txt,6,18,3,medium,0,approx,0.002524,44,success
g6_h18_k3_dmedium_s1.txt,6,18,3,medium,1,exact,0,-1,"complexity_skip (complexity=3.98e+20, threshold=3.60e+05)"
g6_h18_k3_dmedium_s1.txt,6,18,3,medium,1,approx,0.002475,40,success
g6_h18_k3_dmedium_s2.txt,6,18,3,medium,2,exact,0,-1,"complexity_skip (complexity=3.98e+20, threshold=3.60e+05)"
g6_h18_k3_dmedium_s2.txt,6,18,3,medium,2,approx,0.002493,51,success
g6_h18_k3_dsparse_s0.txt,6,18,3,sparse,0,exact,0,-1,"complexity_skip (complexity=3.98e+20, threshold=3.60e+05)"
g6_h18_k3_dsparse_s0.txt,6,18,3,sparse,0,approx,0.002505,26,success
g6_h18_k3_dsparse_s1.txt,6,18,3,sparse,1,exact,0,-1,"complexity_skip (complexity=3.98e+20, threshold=3.60e+05)"
g6_h18_k3_dsparse_s1.txt,6,18,3,sparse,1,approx,0.002558,32,success
g6_h18_k3_dsparse_s2.txt,6,18,3,sparse,2,exact,0,-1,"complexity_skip (complexity=3.98e+20, threshold=3.60e+05)"
g6_h18_k3_dsparse_s2.txt,6,18,3,sparse,2,approx,0.002510,25,success
g8_h24_k2_ddense_s0.txt,8,24,2,dense,0,approx,0.002626,42,success
g8_h24_k2_ddense_s1.txt,8,24,2,dense,1,approx,0.002909,45,success
g8_h24_k2_ddense_s2.txt,8,24,2,dense,2,approx,0.003357,53,success
g8_h24_k2_dmedium_s0.txt,8,24,2,medium,0,approx,0.002961,61,success
g8_h24_k2_dmedium_s1.txt,8,24,2,medium,1,approx,0.002655,41,success
g8_h24_k2_dmedium_s2.txt,8,24,2,medium,2,approx,0.002727,70,success
g8_h24_k2_dsparse_s0.txt,8,24,2,sparse,0,approx,0.002668,42,success
g8_h24_k2_dsparse_s1.txt,8,24,2,sparse,1,approx,0.002563,42,success
g8_h24_k2_dsparse_s2.txt,8,24,2,sparse,2,approx,0.002742,22,success
g5_h15_k4_ddense_s0.txt,5,15,4,dense,0,exact,0,-1,"complexity_skip (complexity=7.03e+20, threshold=3.60e+05)"
g5_h15_k4_ddense_s0.txt,5,15,4,dense,0,approx,0.002428,30,success
g5_h15_k4_ddense_s1.txt,5,15,4,dense,1,exact,0,-1,"complexity_skip (complexity=7.03e+20, threshold=3.60e+05)"
g5_h15_k4_ddense_s1.txt,5,15,4,dense,1,approx,0.002425,29,success
g5_h15_k4_ddense_s2.txt,5,15,4,dense,2,exact,0,-1,"complexity_skip (complexity=7.03e+20, threshold=3.60e+05)"
g5_h15_k4_ddense_s2.txt,5,15,4,dense,2,approx,0.002498,30,success
g5_h15_k4_dmedium_s0.txt,5,15,4,medium,0,exact,0,-1,"complexity_skip (complexity=7.03e+20, threshold=3.60e+05)"
g5_h15_k4_dmedium_s0.txt,5,15,4,medium,0,approx,0.002822,31,success
g5_h15_k4_dmedium_s1.txt,5,15,4,medium,1,exact,0,-1,"complexity_skip (complexity=7.03e+20, threshold=3.60e+05)"
g5_h15_k4_dmedium_s1.txt,5,15,4,medium,1,approx,0.002982,38,success
g5_h15_k4_dmedium_s2.txt,5,15,4,medium,2,exact,0,-1,"complexity_skip (complexity=7.03e+20, threshold=3.60e+05)"
g5_h15_k4_dmedium_s2.txt,5,15,4,medium,2,approx,0.002637,25,success
g5_h15_k4_dsparse_s0.txt,5,15,4,sparse,0,exact,0,-1,"complexity_skip (complexity=7.03e+20, threshold=3.60e+05)"
g5_h15_k4_dsparse_s0.txt,5,15,4,sparse,0,approx,0.002474,41,success
g5_h15_k4_dsparse_s1.txt,5,15,4,sparse,1,exact,0,-1,"complexity_skip (complexity=7.03e+20, threshold=3.60e+05)"
g5_h15_k4_dsparse_s1.txt,5,15,4,sparse,1,approx,0.002479,6,success
g5_h15_k4_dsparse_s2.txt,5,15,4,sparse,2,exact,0,-1,"complexity_skip (complexity=7.03e+20, threshold=3.60e+05)"
g5_h15_k4_dsparse_s2.txt,5,15,4,sparse,2,approx,0.002464,20,success
g7_h14_k3_ddense_s0.txt,7,14,3,dense,0,approx,0.002587,46,success
g7_h14_k3_ddense_s1.txt,7,14,3,dense,1,approx,0.002623,67,success
g7_h14_k3_ddense_s2.txt,7,14,3,dense,2,approx,0.002556,37,success
g7_h14_k3_dmedium_s0.txt,7,14,3,medium,0,approx,0.002913,69,success
g7_h14_k3_dmedium_s1.txt,7,14,3,medium,1,approx,0.002466,93,success
g7_h14_k3_dmedium_s2.txt,7,14,3,medium,2,approx,0.002348,38,success
g7_h14_k3_dsparse_s0.txt,7,14,3,sparse,0,approx,0.002502,38,success
g7_h14_k3_dsparse_s1.txt,7,14,3,sparse,1,approx,0.002448,42,success
g7_h14_k3_dsparse_s2.txt,7,14,3,sparse,2,approx,0.002363,42,success
g8_h12_k3_ddense_s0.txt,8,12,3,dense,0,approx,0.002633,60,success
g8_h12_k3_ddense_s1.txt,8,12,3,dense,1,approx,0.002526,44,success
g8_h12_k3_ddense_s2.txt,8,12,3,dense,2,approx,0.002468,59,success
g8_h12_k3_dmedium_s0.txt,8,12,3,medium,0,approx,0.002454,60,success
g8_h12_k3_dmedium_s1.txt,8,12,3,medium,1,approx,0.002446,71,success
g8_h12_k3_dmedium_s2.txt,8,12,3,medium,2,approx,0.003098,45,success
g8_h12_k3_dsparse_s0.txt,8,12,3,sparse,0,approx,0.002472,84,success
g8_h12_k3_dsparse_s1.txt,8,12,3,sparse,1,approx,0.002466,55,success
g8_h12_k3_dsparse_s2.txt,8,12,3,sparse,2,approx,0.002461,41,success
g4_h16_k5_ddense_s0.txt,4,16,5,dense,0,exact,0,-1,"complexity_skip (complexity=1.33e+21, threshold=3.60e+05)"
g4_h16_k5_ddense_s0.txt,4,16,5,dense,0,approx,0.002456,35,success
g4_h16_k5_ddense_s1.txt,4,16,5,dense,1,exact,0,-1,"complexity_skip (complexity=1.33e+21, threshold=3.60e+05)"
g4_h16_k5_ddense_s1.txt,4,16,5,dense,1,approx,0.002439,12,success
g4_h16_k5_ddense_s2.txt,4,16,5,dense,2,exact,0,-1,"complexity_skip (complexity=1.33e+21, threshold=3.60e+05)"
g4_h16_k5_ddense_s2.txt,4,16,5,dense,2,approx,0.002464,22,success
g4_h16_k5_dmedium_s0.txt,4,16,5,medium,0,exact,0,-1,"complexity_skip (complexity=1.33e+21, threshold=3.60e+05)"
g4_h16_k5_dmedium_s0.txt,4,16,5,medium,0,approx,0.002618,33,success
g4_h16_k5_dmedium_s1.txt,4,16,5,medium,1,exact,0,-1,"complexity_skip (complexity=1.33e+21, threshold=3.60e+05)"
g4_h16_k5_dmedium_s1.txt,4,16,5,medium,1,approx,0.002654,21,success
g4_h16_k5_dmedium_s2.txt,4,16,5,medium,2,exact,0,-1,"complexity_skip (complexity=1.33e+21, threshold=3.60e+05)"
g4_h16_k5_dmedium_s2.txt,4,16,5,medium,2,approx,0.002684,24,success
g4_h16_k5_dsparse_s0.txt,4,16,5,sparse,0,exact,0,-1,"complexity_skip (complexity=1.33e+21, threshold=3.60e+05)"
g4_h16_k5_dsparse_s0.txt,4,16,5,sparse,0,approx,0.002693,18,success
g4_h16_k5_dsparse_s1.txt,4,16,5,sparse,1,exact,0,-1,"complexity_skip (complexity=1.33e+21, threshold=3.60e+05)"
g4_h16_k5_dsparse_s1.txt,4,16,5,sparse,1,approx,0.002591,21,success
g4_h16_k5_dsparse_s2.txt,4,16,5,sparse,2,exact,0,-1,"complexity_skip (complexity=1.33e+21, threshold=3.60e+05)"
g4_h16_k5_dsparse_s2.txt,4,16,5,sparse,2,approx,0.002581,20,success
g4_h8_k8_ddense_s0.txt,4,8,8,dense,0,exact,0,-1,"complexity_skip (complexity=1.60e+21, threshold=3.60e+05)"
g4_h8_k8_ddense_s0.txt,4,8,8,dense,0,approx,0.003421,37,success
g4_h8_k8_ddense_s1.txt,4,8,8,dense,1,exact,0,-1,"complexity_skip (complexity=1.60e+21, threshold=3.60e+05)"
g4_h8_k8_ddense_s1.txt,4,8,8,dense,1,approx,0.002663,40,success
g4_h8_k8_ddense_s2.txt,4,8,8,dense,2,exact,0,-1,"complexity_skip (complexity=1.60e+21, threshold=3.60e+05)"
g4_h8_k8_ddense_s2.txt,4,8,8,dense,2,approx,0.002560,22,success
g4_h8_k8_dmedium_s0.txt,4,8,8,medium,0,exact,0,-1,"complexity_skip (complexity=1.60e+21, threshold=3.60e+05)"
g4_h8_k8_dmedium_s0.txt,4,8,8,medium,0,approx,0.002396,43,success
g4_h8_k8_dmedium_s1.txt,4,8,8,medium,1,exact,0,-1,"complexity_skip (complexity=1.60e+21, threshold=3.60e+05)"
g4_h8_k8_dmedium_s1.txt,4,8,8,medium,1,approx,0.002713,30,success
g4_h8_k8_dmedium_s2.txt,4,8,8,medium,2,exact,0,-1,"complexity_skip (complexity=1.60e+21, threshold=3.60e+05)"
g4_h8_k8_dmedium_s2.txt,4,8,8,medium,2,approx,0.002805,55,success
g4_h8_k8_dsparse_s0.txt,4,8,8,sparse,0,exact,0,-1,"complexity_skip (complexity=1.60e+21, threshold=3.60e+05)"
g4_h8_k8_dsparse_s0.txt,4,8,8,sparse,0,approx,0.003862,44,success
g4_h8_k8_dsparse_s1.txt,4,8,8,sparse,1,exact,0,-1,"complexity_skip (complexity=1.60e+21, threshold=3.60e+05)"
g4_h8_k8_dsparse_s1.txt,4,8,8,sparse,1,approx,0.002622,0,success
g4_h8_k8_dsparse_s2.txt,4,8,8,sparse,2,exact,0,-1,"complexity_skip (complexity=1.60e+21, threshold=3.60e+05)"
g4_h8_k8_dsparse_s2.txt,4,8,8,sparse,2,approx,0.002763,19,success
g4_h12_k6_ddense_s0.txt,4,12,6,dense,0,exact,0,-1,"complexity_skip (complexity=3.91e+21, threshold=3.60e+05)"
g4_h12_k6_ddense_s0.txt,4,12,6,dense,0,approx,0.002636,33,success
g4_h12_k6_ddense_s1.txt,4,12,6,dense,1,exact,0,-1,"complexity_skip (complexity=3.91e+21, threshold=3.60e+05)"
g4_h12_k6_ddense_s1.txt,4,12,6,dense,1,approx,0.002889,49,success
g4_h12_k6_ddense_s2.txt,4,12,6,dense,2,exact,0,-1,"complexity_skip (complexity=3.91e+21, threshold=3.60e+05)"
g4_h12_k6_ddense_s2.txt,4,12,6,dense,2,approx,0.031639,43,success
g4_h12_k6_dmedium_s0.txt,4,12,6,medium,0,exact,0,-1,"complexity_skip (complexity=3.91e+21, threshold=3.60e+05)"
g4_h12_k6_dmedium_s0.txt,4,12,6,medium,0,approx,0.004265,38,success
g4_h12_k6_dmedium_s1.txt,4,12,6,medium,1,exact,0,-1,"complexity_skip (complexity=3.91e+21, threshold=3.60e+05)"
g4_h12_k6_dmedium_s1.txt,4,12,6,medium,1,approx,0.007711,33,success
g4_h12_k6_dmedium_s2.txt,4,12,6,medium,2,exact,0,-1,"complexity_skip (complexity=3.91e+21, threshold=3.60e+05)"
g4_h12_k6_dmedium_s2.txt,4,12,6,medium,2,approx,0.003619,33,success
g4_h12_k6_dsparse_s0.txt,4,12,6,sparse,0,exact,0,-1,"complexity_skip (complexity=3.91e+21, threshold=3.60e+05)"
g4_h12_k6_dsparse_s0.txt,4,12,6,sparse,0,approx,0.002820,32,success
g4_h12_k6_dsparse_s1.txt,4,12,6,sparse,1,exact,0,-1,"complexity_skip (complexity=3.91e+21, threshold=3.60e+05)"
g4_h12_k6_dsparse_s1.txt,4,12,6,sparse,1,approx,0.002459,27,success
g4_h12_k6_dsparse_s2.txt,4,12,6,sparse,2,exact,0,-1,"complexity_skip (complexity=3.91e+21, threshold=3.60e+05)"
g4_h12_k6_dsparse_s2.txt,4,12,6,sparse,2,approx,0.002457,6,success
g7_h10_k4_ddense_s0.txt,7,10,4,dense,0,approx,0.002528,62,success
g7_h10_k4_ddense_s1.txt,7,10,4,dense,1,approx,0.002549,44,success
g7_h10_k4_ddense_s2.txt,7,10,4,dense,2,approx,0.002553,53,success
g7_h10_k4_dmedium_s0.txt,7,10,4,medium,0,approx,0.002536,83,success
g7_h10_k4_dmedium_s1.txt,7,10,4,medium,1,approx,0.002549,88,success
g7_h10_k4_dmedium_s2.txt,7,10,4,medium,2,approx,0.002522,95,success
g7_h10_k4_dsparse_s0.txt,7,10,4,sparse,0,approx,0.002491,48,success
g7_h10_k4_dsparse_s1.txt,7,10,4,sparse,1,approx,0.002441,48,success
g7_h10_k4_dsparse_s2.txt,7,10,4,sparse,2,approx,0.002369,47,success
g6_h9_k5_ddense_s0.txt,6,9,5,dense,0,exact,0,-1,"complexity_skip (complexity=6.74e+21, threshold=3.60e+05)"
g6_h9_k5_ddense_s0.txt,6,9,5,dense,0,approx,0.002589,51,success
g6_h9_k5_ddense_s1.txt,6,9,5,dense,1,exact,0,-1,"complexity_skip (complexity=6.74e+21, threshold=3.60e+05)"
g6_h9_k5_ddense_s1.txt,6,9,5,dense,1,approx,0.002496,59,success
g6_h9_k5_ddense_s2.txt,6,9,5,dense,2,exact,0,-1,"complexity_skip (complexity=6.74e+21, threshold=3.60e+05)"
g6_h9_k5_ddense_s2.txt,6,9,5,dense,2,approx,0.002479,34,success
g6_h9_k5_dmedium_s0.txt,6,9,5,medium,0,exact,0,-1,"complexity_skip (complexity=6.74e+21, threshold=3.60e+05)"
g6_h9_k5_dmedium_s0.txt,6,9,5,medium,0,approx,0.002426,50,success
g6_h9_k5_dmedium_s1.txt,6,9,5,medium,1,exact,0,-1,"complexity_skip (complexity=6.74e+21, threshold=3.60e+05)"
g6_h9_k5_dmedium_s1.txt,6,9,5,medium,1,approx,0.002445,49,success
g6_h9_k5_dmedium_s2.txt,6,9,5,medium,2,exact,0,-1,"complexity_skip (complexity=6.74e+21, threshold=3.60e+05)"
g6_h9_k5_dmedium_s2.txt,6,9,5,medium,2,approx,0.003237,55,success
g6_h9_k5_dsparse_s0.txt,6,9,5,sparse,0,exact,0,-1,"complexity_skip (complexity=6.74e+21, threshold=3.60e+05)"
g6_h9_k5_dsparse_s0.txt,6,9,5,sparse,0,approx,0.002926,34,success
g6_h9_k5_dsparse_s1.txt,6,9,5,sparse,1,exact,0,-1,"complexity_skip (complexity=6.74e+21, threshold=3.60e+05)"
g6_h9_k5_dsparse_s1.txt,6,9,5,sparse,1,approx,0.004194,46,success
g6_h9_k5_dsparse_s2.txt,6,9,5,sparse,2,exact,0,-1,"complexity_skip (complexity=6.74e+21, threshold=3.60e+05)"
g6_h9_k5_dsparse_s2.txt,6,9,5,sparse,2,approx,0.004247,24,success
g6_h12_k4_ddense_s0.txt,6,12,4,dense,0,exact,0,-1,"complexity_skip (complexity=8.16e+21, threshold=3.60e+05)"
g6_h12_k4_ddense_s0.txt,6,12,4,dense,0,approx,0.002678,32,success
g6_h12_k4_ddense_s1.txt,6,12,4,dense,1,exact,0,-1,"complexity_skip (complexity=8.16e+21, threshold=3.60e+05)"
g6_h12_k4_ddense_s1.txt,6,12,4,dense,1,approx,0.002828,26,success
g6_h12_k4_ddense_s2.txt,6,12,4,dense,2,exact,0,-1,"complexity_skip (complexity=8.16e+21, threshold=3.60e+05)"
g6_h12_k4_ddense_s2.txt,6,12,4,dense,2,approx,0.002649,46,success
g6_h12_k4_dmedium_s0.txt,6,12,4,medium,0,exact,0,-1,"complexity_skip (complexity=8.16e+21, threshold=3.60e+05)"
g6_h12_k4_dmedium_s0.txt,6,12,4,medium,0,approx,0.002820,45,success
g6_h12_k4_dmedium_s1.txt,6,12,4,medium,1,exact,0,-1,"complexity_skip (complexity=8.16e+21, threshold=3.60e+05)"
g6_h12_k4_dmedium_s1.txt,6,12,4,medium,1,approx,0.002774,49,success
g6_h12_k4_dmedium_s2.txt,6,12,4,medium,2,exact,0,-1,"complexity_skip (complexity=8.16e+21, threshold=3.60e+05)"
g6_h12_k4_dmedium_s2.txt,6,12,4,medium,2,approx,0.004281,42,success
g6_h12_k4_dsparse_s0.txt,6,12,4,sparse,0,exact,0,-1,"complexity_skip (complexity=8.16e+21, threshold=3.60e+05)"
g6_h12_k4_dsparse_s0.txt,6,12,4,sparse,0,approx,0.003730,32,success
g6_h12_k4_dsparse_s1.txt,6,12,4,sparse,1,exact,0,-1,"complexity_skip (complexity=8.16e+21, threshold=3.60e+05)"
g6_h12_k4_dsparse_s1.txt,6,12,4,sparse,1,approx,0.003307,29,success
g6_h12_k4_dsparse_s2.txt,6,12,4,sparse,2,exact,0,-1,"complexity_skip (complexity=8.16e+21, threshold=3.60e+05)"
g6_h12_k4_dsparse_s2.txt,6,12,4,sparse,2,approx,0.003050,28,success
g15_h37_k1_ddense_s0.txt,15,37,1,dense,0,approx,0.003342,104,success
g15_h37_k1_ddense_s1.txt,15,37,1,dense,1,approx,0.003171,151,success
g15_h37_k1_ddense_s2.txt,15,37,1,dense,2,approx,0.003292,126,success
g15_h37_k1_dmedium_s0.txt,15,37,1,medium,0,approx,0.003231,134,success
g15_h37_k1_dmedium_s1.txt,15,37,1,medium,1,approx,0.003238,117,success
g15_h37_k1_dmedium_s2.txt,15,37,1,medium,2,approx,0.003201,129,success
g15_h37_k1_dsparse_s0.txt,15,37,1,sparse,0,approx,0.003087,60,success
g15_h37_k1_dsparse_s1.txt,15,37,1,sparse,1,approx,0.003131,51,success
g15_h37_k1_dsparse_s2.txt,15,37,1,sparse,2,approx,0.003040,79,success
g9_h22_k2_ddense_s0.txt,9,22,2,dense,0,approx,0.002753,86,success
g9_h22_k2_ddense_s1.txt,9,22,2,dense,1,approx,0.002868,66,success
g9_h22_k2_ddense_s2.txt,9,22,2,dense,2,approx,0.002824,64,success
g9_h22_k2_dmedium_s0.txt,9,22,2,medium,0,approx,0.002807,71,success
g9_h22_k2_dmedium_s1.txt,9,22,2,medium,1,approx,0.002738,98,success
g9_h22_k2_dmedium_s2.txt,9,22,2,medium,2,approx,0.002621,83,success
g9_h22_k2_dsparse_s0.txt,9,22,2,sparse,0,approx,0.002718,18,success
g9_h22_k2_dsparse_s1.txt,9,22,2,sparse,1,approx,0.002590,32,success
g9_h22_k2_dsparse_s2.txt,9,22,2,sparse,2,approx,0.002735,53,success
g4_h10_k7_ddense_s0.txt,4,10,7,dense,0,exact,0,-1,"complexity_skip (complexity=1.65e+22, threshold=3.60e+05)"
g4_h10_k7_ddense_s0.txt,4,10,7,dense,0,approx,0.002572,47,success
g4_h10_k7_ddense_s1.txt,4,10,7,dense,1,exact,0,-1,"complexity_skip (complexity=1.65e+22, threshold=3.60e+05)"
g4_h10_k7_ddense_s1.txt,4,10,7,dense,1,approx,0.002599,38,success
g4_h10_k7_ddense_s2.txt,4,10,7,dense,2,exact,0,-1,"complexity_skip (complexity=1.65e+22, threshold=3.60e+05)"
g4_h10_k7_ddense_s2.txt,4,10,7,dense,2,approx,0.002646,52,success
g4_h10_k7_dmedium_s0.txt,4,10,7,medium,0,exact,0,-1,"complexity_skip (complexity=1.65e+22, threshold=3.60e+05)"
g4_h10_k7_dmedium_s0.txt,4,10,7,medium,0,approx,0.002400,41,success
g4_h10_k7_dmedium_s1.txt,4,10,7,medium,1,exact,0,-1,"complexity_skip (complexity=1.65e+22, threshold=3.60e+05)"
g4_h10_k7_dmedium_s1.txt,4,10,7,medium,1,approx,0.002385,53,success
g4_h10_k7_dmedium_s2.txt,4,10,7,medium,2,exact,0,-1,"complexity_skip (complexity=1.65e+22, threshold=3.60e+05)"
g4_h10_k7_dmedium_s2.txt,4,10,7,medium,2,approx,0.002651,33,success
g4_h10_k7_dsparse_s0.txt,4,10,7,sparse,0,exact,0,-1,"complexity_skip (complexity=1.65e+22, threshold=3.60e+05)"
g4_h10_k7_dsparse_s0.txt,4,10,7,sparse,0,approx,0.002521,10,success
g4_h10_k7_dsparse_s1.txt,4,10,7,sparse,1,exact,0,-1,"complexity_skip (complexity=1.65e+22, threshold=3.60e+05)"
g4_h10_k7_dsparse_s1.txt,4,10,7,sparse,1,approx,0.002864,18,success
g4_h10_k7_dsparse_s2.txt,4,10,7,sparse,2,exact,0,-1,"complexity_skip (complexity=1.65e+22, threshold=3.60e+05)"
g4_h10_k7_dsparse_s2.txt,4,10,7,sparse,2,approx,0.002384,21,success
g3_h12_k9_ddense_s0.txt,3,12,9,dense,0,exact,0,-1,"complexity_skip (complexity=3.45e+22, threshold=3.60e+05)"
g3_h12_k9_ddense_s0.txt,3,12,9,dense,0,approx,0.002864,22,success
g3_h12_k9_ddense_s1.txt,3,12,9,dense,1,exact,0,-1,"complexity_skip (complexity=3.45e+22, threshold=3.60e+05)"
g3_h12_k9_ddense_s1.txt,3,12,9,dense,1,approx,0.002588,33,success
g3_h12_k9_ddense_s2.txt,3,12,9,dense,2,exact,0,-1,"complexity_skip (complexity=3.45e+22, threshold=3.60e+05)"
g3_h12_k9_ddense_s2.txt,3,12,9,dense,2,approx,0.002514,14,success
g3_h12_k9_dmedium_s0.txt,3,12,9,medium,0,exact,0,-1,"complexity_skip (complexity=3.45e+22, threshold=3.60e+05)"
g3_h12_k9_dmedium_s0.txt,3,12,9,medium,0,approx,0.002421,29,success
g3_h12_k9_dmedium_s1.txt,3,12,9,medium,1,exact,0,-1,"complexity_skip (complexity=3.45e+22, threshold=3.60e+05)"
g3_h12_k9_dmedium_s1.txt,3,12,9,medium,1,approx,0.002523,33,success
g3_h12_k9_dmedium_s2.txt,3,12,9,medium,2,exact,0,-1,"complexity_skip (complexity=3.45e+22, threshold=3.60e+05)"
g3_h12_k9_dmedium_s2.txt,3,12,9,medium,2,approx,0.002441,50,success
g3_h12_k9_dsparse_s0.txt,3,12,9,sparse,0,exact,0,-1,"complexity_skip (complexity=3.45e+22, threshold=3.60e+05)"
g3_h12_k9_dsparse_s0.txt,3,12,9,sparse,0,approx,0.002418,9,success
g3_h12_k9_dsparse_s1.txt,3,12,9,sparse,1,exact,0,-1,"complexity_skip (complexity=3.45e+22, threshold=3.60e+05)"
g3_h12_k9_dsparse_s1.txt,3,12,9,sparse,1,approx,0.002378,0,success
g3_h12_k9_dsparse_s2.txt,3,12,9,sparse,2,exact,0,-1,"complexity_skip (complexity=3.45e+22, threshold=3.60e+05)"
g3_h12_k9_dsparse_s2.txt,3,12,9,sparse,2,approx,0.002422,0,success
g5_h7_k8_ddense_s0.txt,5,7,8,dense,0,exact,0,-1,"complexity_skip (complexity=4.08e+22, threshold=3.60e+05)"
g5_h7_k8_ddense_s0.txt,5,7,8,dense,0,approx,0.002614,64,success
g5_h7_k8_ddense_s1.txt,5,7,8,dense,1,exact,0,-1,"complexity_skip (complexity=4.08e+22, threshold=3.60e+05)"
g5_h7_k8_ddense_s1.txt,5,7,8,dense,1,approx,0.002866,54,success
g5_h7_k8_ddense_s2.txt,5,7,8,dense,2,exact,0,-1,"complexity_skip (complexity=4.08e+22, threshold=3.60e+05)"
g5_h7_k8_ddense_s2.txt,5,7,8,dense,2,approx,0.002969,58,success
g5_h7_k8_dmedium_s0.txt,5,7,8,medium,0,exact,0,-1,"complexity_skip (complexity=4.08e+22, threshold=3.60e+05)"
g5_h7_k8_dmedium_s0.txt,5,7,8,medium,0,approx,0.002541,59,success
g5_h7_k8_dmedium_s1.txt,5,7,8,medium,1,exact,0,-1,"complexity_skip (complexity=4.08e+22, threshold=3.60e+05)"
g5_h7_k8_dmedium_s1.txt,5,7,8,medium,1,approx,0.002718,61,success
g5_h7_k8_dmedium_s2.txt,5,7,8,medium,2,exact,0,-1,"complexity_skip (complexity=4.08e+22, threshold=3.60e+05)"
g5_h7_k8_dmedium_s2.txt,5,7,8,medium,2,approx,0.002709,47,success
g5_h7_k8_dsparse_s0.txt,5,7,8,sparse,0,exact,0,-1,"complexity_skip (complexity=4.08e+22, threshold=3.60e+05)"
g5_h7_k8_dsparse_s0.txt,5,7,8,sparse,0,approx,0.003038,30,success
g5_h7_k8_dsparse_s1.txt,5,7,8,sparse,1,exact,0,-1,"complexity_skip (complexity=4.08e+22, threshold=3.60e+05)"
g5_h7_k8_dsparse_s1.txt,5,7,8,sparse,1,approx,0.002791,20,success
g5_h7_k8_dsparse_s2.txt,5,7,8,sparse,2,exact,0,-1,"complexity_skip (complexity=4.08e+22, threshold=3.60e+05)"
g5_h7_k8_dsparse_s2.txt,5,7,8,sparse,2,approx,0.002824,33,success
g5_h12_k5_ddense_s0.txt,5,12,5,dense,0,exact,0,-1,"complexity_skip (complexity=6.46e+22, threshold=3.60e+05)"
g5_h12_k5_ddense_s0.txt,5,12,5,dense,0,approx,0.002803,30,success
g5_h12_k5_ddense_s1.txt,5,12,5,dense,1,exact,0,-1,"complexity_skip (complexity=6.46e+22, threshold=3.60e+05)"
g5_h12_k5_ddense_s1.txt,5,12,5,dense,1,approx,0.002588,26,success
g5_h12_k5_ddense_s2.txt,5,12,5,dense,2,exact,0,-1,"complexity_skip (complexity=6.46e+22, threshold=3.60e+05)"
g5_h12_k5_ddense_s2.txt,5,12,5,dense,2,approx,0.002604,25,success
g5_h12_k5_dmedium_s0.txt,5,12,5,medium,0,exact,0,-1,"complexity_skip (complexity=6.46e+22, threshold=3.60e+05)"
g5_h12_k5_dmedium_s0.txt,5,12,5,medium,0,approx,0.002710,36,success
g5_h12_k5_dmedium_s1.txt,5,12,5,medium,1,exact,0,-1,"complexity_skip (complexity=6.46e+22, threshold=3.60e+05)"
g5_h12_k5_dmedium_s1.txt,5,12,5,medium,1,approx,0.002780,34,success
g5_h12_k5_dmedium_s2.txt,5,12,5,medium,2,exact,0,-1,"complexity_skip (complexity=6.46e+22, threshold=3.60e+05)"
g5_h12_k5_dmedium_s2.txt,5,12,5,medium,2,approx,0.002579,66,success
g5_h12_k5_dsparse_s0.txt,5,12,5,sparse,0,exact,0,-1,"complexity_skip (complexity=6.46e+22, threshold=3.60e+05)"
g5_h12_k5_dsparse_s0.txt,5,12,5,sparse,0,approx,0.002626,35,success
g5_h12_k5_dsparse_s1.txt,5,12,5,sparse,1,exact,0,-1,"complexity_skip (complexity=6.46e+22, threshold=3.60e+05)"
g5_h12_k5_dsparse_s1.txt,5,12,5,sparse,1,approx,0.003641,34,success
g5_h12_k5_dsparse_s2.txt,5,12,5,sparse,2,exact,0,-1,"complexity_skip (complexity=6.46e+22, threshold=3.60e+05)"
g5_h12_k5_dsparse_s2.txt,5,12,5,sparse,2,approx,0.002755,28,success
g8_h32_k2_ddense_s0.txt,8,32,2,dense,0,approx,0.005208,52,success
g8_h32_k2_ddense_s1.txt,8,32,2,dense,1,approx,0.006198,62,success
g8_h32_k2_ddense_s2.txt,8,32,2,dense,2,approx,0.004045,32,success
g8_h32_k2_dmedium_s0.txt,8,32,2,medium,0,approx,0.006893,56,success
g8_h32_k2_dmedium_s1.txt,8,32,2,medium,1,approx,0.003882,54,success
g8_h32_k2_dmedium_s2.txt,8,32,2,medium,2,approx,0.003400,44,success
g8_h32_k2_dsparse_s0.txt,8,32,2,sparse,0,approx,0.003540,38,success
g8_h32_k2_dsparse_s1.txt,8,32,2,sparse,1,approx,0.003426,11,success
g8_h32_k2_dsparse_s2.txt,8,32,2,sparse,2,approx,0.003162,33,success
g6_h24_k3_ddense_s0.txt,6,24,3,dense,0,exact,0,-1,"complexity_skip (complexity=1.52e+23, threshold=3.60e+05)"
g6_h24_k3_ddense_s0.txt,6,24,3,dense,0,approx,0.003310,30,success
g6_h24_k3_ddense_s1.txt,6,24,3,dense,1,exact,0,-1,"complexity_skip (complexity=1.52e+23, threshold=3.60e+05)"
g6_h24_k3_ddense_s1.txt,6,24,3,dense,1,approx,0.003565,41,success
g6_h24_k3_ddense_s2.txt,6,24,3,dense,2,exact,0,-1,"complexity_skip (complexity=1.52e+23, threshold=3.60e+05)"
g6_h24_k3_ddense_s2.txt,6,24,3,dense,2,approx,0.003458,27,success
g6_h24_k3_dmedium_s0.txt,6,24,3,medium,0,exact,0,-1,"complexity_skip (complexity=1.52e+23, threshold=3.60e+05)"
g6_h24_k3_dmedium_s0.txt,6,24,3,medium,0,approx,0.003137,30,success
g6_h24_k3_dmedium_s1.txt,6,24,3,medium,1,exact,0,-1,"complexity_skip (complexity=1.52e+23, threshold=3.60e+05)"
g6_h24_k3_dmedium_s1.txt,6,24,3,medium,1,approx,0.002882,42,success
g6_h24_k3_dmedium_s2.txt,6,24,3,medium,2,exact,0,-1,"complexity_skip (complexity=1.52e+23, threshold=3.60e+05)"
g6_h24_k3_dmedium_s2.txt,6,24,3,medium,2,approx,0.002799,47,success
g6_h24_k3_dsparse_s0.txt,6,24,3,sparse,0,exact,0,-1,"complexity_skip (complexity=1.52e+23, threshold=3.60e+05)"
g6_h24_k3_dsparse_s0.txt,6,24,3,sparse,0,approx,0.002699,17,success
g6_h24_k3_dsparse_s1.txt,6,24,3,sparse,1,exact,0,-1,"complexity_skip (complexity=1.52e+23, threshold=3.60e+05)"
g6_h24_k3_dsparse_s1.txt,6,24,3,sparse,1,approx,0.003190,26,success
g6_h24_k3_dsparse_s2.txt,6,24,3,sparse,2,exact,0,-1,"complexity_skip (complexity=1.52e+23, threshold=3.60e+05)"
g6_h24_k3_dsparse_s2.txt,6,24,3,sparse,2,approx,0.002895,31,success
g7_h17_k3_ddense_s0.txt,7,17,3,dense,0,approx,0.002626,41,success
g7_h17_k3_ddense_s1.txt,7,17,3,dense,1,approx,0.002730,37,success
g7_h17_k3_ddense_s2.txt,7,17,3,dense,2,approx,0.002666,32,success
g7_h17_k3_dmedium_s0.txt,7,17,3,medium,0,approx,0.002562,75,success
g7_h17_k3_dmedium_s1.txt,7,17,3,medium,1,approx,0.002596,60,success
g7_h17_k3_dmedium_s2.txt,7,17,3,medium,2,approx,0.002705,47,success
g7_h17_k3_dsparse_s0.txt,7,17,3,sparse,0,approx,0.002745,50,success
g7_h17_k3_dsparse_s1.txt,7,17,3,sparse,1,approx,0.002736,29,success
g7_h17_k3_dsparse_s2.txt,7,17,3,sparse,2,approx,0.002974,30,success
g10_h20_k2_ddense_s0.txt,10,20,2,dense,0,approx,0.003202,71,success
g10_h20_k2_ddense_s1.txt,10,20,2,dense,1,approx,0.003040,67,success
g10_h20_k2_ddense_s2.txt,10,20,2,dense,2,approx,0.003127,83,success
g10_h20_k2_dmedium_s0.txt,10,20,2,medium,0,approx,0.002893,77,success
g10_h20_k2_dmedium_s1.txt,10,20,2,medium,1,approx,0.005974,94,success
g10_h20_k2_dmedium_s2.txt,10,20,2,medium,2,approx,0.007251,83,success
g10_h20_k2_dsparse_s0.txt,10,20,2,sparse,0,approx,0.005581,61,success
g10_h20_k2_dsparse_s1.txt,10,20,2,sparse,1,approx,0.003721,102,success
g10_h20_k2_dsparse_s2.txt,10,20,2,sparse,2,approx,0.003631,63,success
g4_h8_k9_ddense_s0.txt,4,8,9,dense,0,exact,0,-1,"complexity_skip (complexity=3.00e+23, threshold=3.60e+05)"
g4_h8_k9_ddense_s0.txt,4,8,9,dense,0,approx,0.004260,33,success
g4_h8_k9_ddense_s1.txt,4,8,9,dense,1,exact,0,-1,"complexity_skip (complexity=3.00e+23, threshold=3.60e+05)"
g4_h8_k9_ddense_s1.txt,4,8,9,dense,1,approx,0.004360,58,success
g4_h8_k9_ddense_s2.txt,4,8,9,dense,2,exact,0,-1,"complexity_skip (complexity=3.00e+23, threshold=3.60e+05)"
g4_h8_k9_ddense_s2.txt,4,8,9,dense,2,approx,0.003188,62,success
g4_h8_k9_dmedium_s0.txt,4,8,9,medium,0,exact,0,-1,"complexity_skip (complexity=3.00e+23, threshold=3.60e+05)"
g4_h8_k9_dmedium_s0.txt,4,8,9,medium,0,approx,0.003229,50,success
g4_h8_k9_dmedium_s1.txt,4,8,9,medium,1,exact,0,-1,"complexity_skip (complexity=3.00e+23, threshold=3.60e+05)"
g4_h8_k9_dmedium_s1.txt,4,8,9,medium,1,approx,0.002985,34,success
g4_h8_k9_dmedium_s2.txt,4,8,9,medium,2,exact,0,-1,"complexity_skip (complexity=3.00e+23, threshold=3.60e+05)"
g4_h8_k9_dmedium_s2.txt,4,8,9,medium,2,approx,0.002719,51,success
g4_h8_k9_dsparse_s0.txt,4,8,9,sparse,0,exact,0,-1,"complexity_skip (complexity=3.00e+23, threshold=3.60e+05)"
g4_h8_k9_dsparse_s0.txt,4,8,9,sparse,0,approx,0.002623,8,success
g4_h8_k9_dsparse_s1.txt,4,8,9,sparse,1,exact,0,-1,"complexity_skip (complexity=3.00e+23, threshold=3.60e+05)"
g4_h8_k9_dsparse_s1.txt,4,8,9,sparse,1,approx,0.002689,52,success
g4_h8_k9_dsparse_s2.txt,4,8,9,sparse,2,exact,0,-1,"complexity_skip (complexity=3.00e+23, threshold=3.60e+05)"
g4_h8_k9_dsparse_s2.txt,4,8,9,sparse,2,approx,0.002703,29,success
g15_h45_k1_ddense_s0.txt,15,45,1,dense,0,approx,0.003751,142,success
g15_h45_k1_ddense_s1.txt,15,45,1,dense,1,approx,0.003732,147,success
g15_h45_k1_ddense_s2.txt,15,45,1,dense,2,approx,0.003380,130,success
g15_h45_k1_dmedium_s0.txt,15,45,1,medium,0,approx,0.003622,117,success
g15_h45_k1_dmedium_s1.txt,15,45,1,medium,1,approx,0.003298,151,success
g15_h45_k1_dmedium_s2.txt,15,45,1,medium,2,approx,0.003587,121,success
g15_h45_k1_dsparse_s0.txt,15,45,1,sparse,0,approx,0.003209,63,success
g15_h45_k1_dsparse_s1.txt,15,45,1,sparse,1,approx,0.003140,84,success
g15_h45_k1_dsparse_s2.txt,15,45,1,sparse,2,approx,0.003119,70,success
g5_h20_k4_ddense_s0.txt,5,20,4,dense,0,exact,0,-1,"complexity_skip (complexity=4.99e+23, threshold=3.60e+05)"
g5_h20_k4_ddense_s0.txt,5,20,4,dense,0,approx,0.002710,27,success
g5_h20_k4_ddense_s1.txt,5,20,4,dense,1,exact,0,-1,"complexity_skip (complexity=4.99e+23, threshold=3.60e+05)"
g5_h20_k4_ddense_s1.txt,5,20,4,dense,1,approx,0.002598,17,success
g5_h20_k4_ddense_s2.txt,5,20,4,dense,2,exact,0,-1,"complexity_skip (complexity=4.99e+23, threshold=3.60e+05)"
g5_h20_k4_ddense_s2.txt,5,20,4,dense,2,approx,0.002619,25,success
g5_h20_k4_dmedium_s0.txt,5,20,4,medium,0,exact,0,-1,"complexity_skip (complexity=4.99e+23, threshold=3.60e+05)"
g5_h20_k4_dmedium_s0.txt,5,20,4,medium,0,approx,0.002879,30,success
g5_h20_k4_dmedium_s1.txt,5,20,4,medium,1,exact,0,-1,"complexity_skip (complexity=4.99e+23, threshold=3.60e+05)"
g5_h20_k4_dmedium_s1.txt,5,20,4,medium,1,approx,0.002861,34,success
g5_h20_k4_dmedium_s2.txt,5,20,4,medium,2,exact,0,-1,"complexity_skip (complexity=4.99e+23, threshold=3.60e+05)"
g5_h20_k4_dmedium_s2.txt,5,20,4,medium,2,approx,0.002589,30,success
g5_h20_k4_dsparse_s0.txt,5,20,4,sparse,0,exact,0,-1,"complexity_skip (complexity=4.99e+23, threshold=3.60e+05)"
g5_h20_k4_dsparse_s0.txt,5,20,4,sparse,0,approx,0.002785,17,success
g5_h20_k4_dsparse_s1.txt,5,20,4,sparse,1,exact,0,-1,"complexity_skip (complexity=4.99e+23, threshold=3.60e+05)"
g5_h20_k4_dsparse_s1.txt,5,20,4,sparse,1,approx,0.003381,0,success
g5_h20_k4_dsparse_s2.txt,5,20,4,sparse,2,exact,0,-1,"complexity_skip (complexity=4.99e+23, threshold=3.60e+05)"
g5_h20_k4_dsparse_s2.txt,5,20,4,sparse,2,approx,0.004103,36,success
g5_h10_k6_ddense_s0.txt,5,10,6,dense,0,exact,0,-1,"complexity_skip (complexity=1.06e+24, threshold=3.60e+05)"
g5_h10_k6_ddense_s0.txt,5,10,6,dense,0,approx,0.002877,38,success
g5_h10_k6_ddense_s1.txt,5,10,6,dense,1,exact,0,-1,"complexity_skip (complexity=1.06e+24, threshold=3.60e+05)"
g5_h10_k6_ddense_s1.txt,5,10,6,dense,1,approx,0.002640,41,success
g5_h10_k6_ddense_s2.txt,5,10,6,dense,2,exact,0,-1,"complexity_skip (complexity=1.06e+24, threshold=3.60e+05)"
g5_h10_k6_ddense_s2.txt,5,10,6,dense,2,approx,0.002787,36,success
g5_h10_k6_dmedium_s0.txt,5,10,6,medium,0,exact,0,-1,"complexity_skip (complexity=1.06e+24, threshold=3.60e+05)"
g5_h10_k6_dmedium_s0.txt,5,10,6,medium,0,approx,0.002878,39,success
g5_h10_k6_dmedium_s1.txt,5,10,6,medium,1,exact,0,-1,"complexity_skip (complexity=1.06e+24, threshold=3.60e+05)"
g5_h10_k6_dmedium_s1.txt,5,10,6,medium,1,approx,0.003054,28,success
g5_h10_k6_dmedium_s2.txt,5,10,6,medium,2,exact,0,-1,"complexity_skip (complexity=1.06e+24, threshold=3.60e+05)"
g5_h10_k6_dmedium_s2.txt,5,10,6,medium,2,approx,0.003267,44,success
g5_h10_k6_dsparse_s0.txt,5,10,6,sparse,0,exact,0,-1,"complexity_skip (complexity=1.06e+24, threshold=3.60e+05)"
g5_h10_k6_dsparse_s0.txt,5,10,6,sparse,0,approx,0.003159,35,success
g5_h10_k6_dsparse_s1.txt,5,10,6,sparse,1,exact,0,-1,"complexity_skip (complexity=1.06e+24, threshold=3.60e+05)"
g5_h10_k6_dsparse_s1.txt,5,10,6,sparse,1,approx,0.003287,26,success
g5_h10_k6_dsparse_s2.txt,5,10,6,sparse,2,exact,0,-1,"complexity_skip (complexity=1.06e+24, threshold=3.60e+05)"
g5_h10_k6_dsparse_s2.txt,5,10,6,sparse,2,approx,0.002892,16,success
g9_h27_k2_ddense_s0.txt,9,27,2,dense,0,approx,0.003241,68,success
g9_h27_k2_ddense_s1.txt,9,27,2,dense,1,approx,0.003026,66,success
g9_h27_k2_ddense_s2.txt,9,27,2,dense,2,approx,0.003009,73,success
g9_h27_k2_dmedium_s0.txt,9,27,2,medium,0,approx,0.003191,102,success
g9_h27_k2_dmedium_s1.txt,9,27,2,medium,1,approx,0.003867,75,success
g9_h27_k2_dmedium_s2.txt,9,27,2,medium,2,approx,0.003962,78,success
g9_h27_k2_dsparse_s0.txt,9,27,2,sparse,0,approx,0.004804,44,success
g9_h27_k2_dsparse_s1.txt,9,27,2,sparse,1,approx,0.003949,52,success
g9_h27_k2_dsparse_s2.txt,9,27,2,sparse,2,approx,0.005324,45,success
g9_h13_k3_ddense_s0.txt,9,13,3,dense,0,approx,0.003267,104,success
g9_h13_k3_ddense_s1.txt,9,13,3,dense,1,approx,0.003019,80,success
g9_h13_k3_ddense_s2.txt,9,13,3,dense,2,approx,0.002803,101,success
g9_h13_k3_dmedium_s0.txt,9,13,3,medium,0,approx,0.002764,113,success
g9_h13_k3_dmedium_s1.txt,9,13,3,medium,1,approx,0.002563,90,success
g9_h13_k3_dmedium_s2.txt,9,13,3,medium,2,approx,0.002629,123,success
g9_h13_k3_dsparse_s0.txt,9,13,3,sparse,0,approx,0.002542,80,success
g9_h13_k3_dsparse_s1.txt,9,13,3,sparse,1,approx,0.002897,47,success
g9_h13_k3_dsparse_s2.txt,9,13,3,sparse,2,approx,0.002756,67,success
g3_h12_k10_ddense_s0.txt,3,12,10,dense,0,exact,0,-1,"complexity_skip (complexity=4.58e+24, threshold=3.60e+05)"
g3_h12_k10_ddense_s0.txt,3,12,10,dense,0,approx,0.002794,36,success
g3_h12_k10_ddense_s1.txt,3,12,10,dense,1,exact,0,-1,"complexity_skip (complexity=4.58e+24, threshold=3.60e+05)"
g3_h12_k10_ddense_s1.txt,3,12,10,dense,1,approx,0.002578,39,success
g3_h12_k10_ddense_s2.txt,3,12,10,dense,2,exact,0,-1,"complexity_skip (complexity=4.58e+24, threshold=3.60e+05)"
g3_h12_k10_ddense_s2.txt,3,12,10,dense,2,approx,0.002692,29,success
g3_h12_k10_dmedium_s0.txt,3,12,10,medium,0,exact,0,-1,"complexity_skip (complexity=4.58e+24, threshold=3.60e+05)"
g3_h12_k10_dmedium_s0.txt,3,12,10,medium,0,approx,0.002733,24,success
g3_h12_k10_dmedium_s1.txt,3,12,10,medium,1,exact,0,-1,"complexity_skip (complexity=4.58e+24, threshold=3.60e+05)"
g3_h12_k10_dmedium_s1.txt,3,12,10,medium,1,approx,0.003312,35,success
g3_h12_k10_dmedium_s2.txt,3,12,10,medium,2,exact,0,-1,"complexity_skip (complexity=4.58e+24, threshold=3.60e+05)"
g3_h12_k10_dmedium_s2.txt,3,12,10,medium,2,approx,0.004448,50,success
g3_h12_k10_dsparse_s0.txt,3,12,10,sparse,0,exact,0,-1,"complexity_skip (complexity=4.58e+24, threshold=3.60e+05)"
g3_h12_k10_dsparse_s0.txt,3,12,10,sparse,0,approx,0.003036,15,success
g3_h12_k10_dsparse_s1.txt,3,12,10,sparse,1,exact,0,-1,"complexity_skip (complexity=4.58e+24, threshold=3.60e+05)"
g3_h12_k10_dsparse_s1.txt,3,12,10,sparse,1,approx,0.003199,13,success
g3_h12_k10_dsparse_s2.txt,3,12,10,sparse,2,exact,0,-1,"complexity_skip (complexity=4.58e+24, threshold=3.60e+05)"
g3_h12_k10_dsparse_s2.txt,3,12,10,sparse,2,approx,0.003715,17,success
g4_h12_k7_ddense_s0.txt,4,12,7,dense,0,exact,0,-1,"complexity_skip (complexity=6.64e+24, threshold=3.60e+05)"
g4_h12_k7_ddense_s0.txt,4,12,7,dense,0,approx,0.002966,41,success
g4_h12_k7_ddense_s1.txt,4,12,7,dense,1,exact,0,-1,"complexity_skip (complexity=6.64e+24, threshold=3.60e+05)"
g4_h12_k7_ddense_s1.txt,4,12,7,dense,1,approx,0.003677,41,success
g4_h12_k7_ddense_s2.txt,4,12,7,dense,2,exact,0,-1,"complexity_skip (complexity=6.64e+24, threshold=3.60e+05)"
g4_h12_k7_ddense_s2.txt,4,12,7,dense,2,approx,0.003077,33,success
g4_h12_k7_dmedium_s0.txt,4,12,7,medium,0,exact,0,-1,"complexity_skip (complexity=6.64e+24, threshold=3.60e+05)"
g4_h12_k7_dmedium_s0.txt,4,12,7,medium,0,approx,0.002951,25,success
g4_h12_k7_dmedium_s1.txt,4,12,7,medium,1,exact,0,-1,"complexity_skip (complexity=6.64e+24, threshold=3.60e+05)"
g4_h12_k7_dmedium_s1.txt,4,12,7,medium,1,approx,0.002757,25,success
g4_h12_k7_dmedium_s2.txt,4,12,7,medium,2,exact,0,-1,"complexity_skip (complexity=6.64e+24, threshold=3.60e+05)"
g4_h12_k7_dmedium_s2.txt,4,12,7,medium,2,approx,0.002635,30,success
g4_h12_k7_dsparse_s0.txt,4,12,7,sparse,0,exact,0,-1,"complexity_skip (complexity=6.64e+24, threshold=3.60e+05)"
g4_h12_k7_dsparse_s0.txt,4,12,7,sparse,0,approx,0.002642,20,success
g4_h12_k7_dsparse_s1.txt,4,12,7,sparse,1,exact,0,-1,"complexity_skip (complexity=6.64e+24, threshold=3.60e+05)"
g4_h12_k7_dsparse_s1.txt,4,12,7,sparse,1,approx,0.002802,5,success
g4_h12_k7_dsparse_s2.txt,4,12,7,sparse,2,exact,0,-1,"complexity_skip (complexity=6.64e+24, threshold=3.60e+05)"
g4_h12_k7_dsparse_s2.txt,4,12,7,sparse,2,approx,0.002488,0,success
g6_h15_k4_ddense_s0.txt,6,15,4,dense,0,exact,0,-1,"complexity_skip (complexity=7.03e+24, threshold=3.60e+05)"
g6_h15_k4_ddense_s0.txt,6,15,4,dense,0,approx,0.002644,28,success
g6_h15_k4_ddense_s1.txt,6,15,4,dense,1,exact,0,-1,"complexity_skip (complexity=7.03e+24, threshold=3.60e+05)"
g6_h15_k4_ddense_s1.txt,6,15,4,dense,1,approx,0.011416,35,success
g6_h15_k4_ddense_s2.txt,6,15,4,dense,2,exact,0,-1,"complexity_skip (complexity=7.03e+24, threshold=3.60e+05)"
g6_h15_k4_ddense_s2.txt,6,15,4,dense,2,approx,0.026464,28,success
g6_h15_k4_dmedium_s0.txt,6,15,4,medium,0,exact,0,-1,"complexity_skip (complexity=7.03e+24, threshold=3.60e+05)"
g6_h15_k4_dmedium_s0.txt,6,15,4,medium,0,approx,0.003997,36,success
g6_h15_k4_dmedium_s1.txt,6,15,4,medium,1,exact,0,-1,"complexity_skip (complexity=7.03e+24, threshold=3.60e+05)"
g6_h15_k4_dmedium_s1.txt,6,15,4,medium,1,approx,0.009726,49,success
g6_h15_k4_dmedium_s2.txt,6,15,4,medium,2,exact,0,-1,"complexity_skip (complexity=7.03e+24, threshold=3.60e+05)"
g6_h15_k4_dmedium_s2.txt,6,15,4,medium,2,approx,0.003149,60,success
g6_h15_k4_dsparse_s0.txt,6,15,4,sparse,0,exact,0,-1,"complexity_skip (complexity=7.03e+24, threshold=3.60e+05)"
g6_h15_k4_dsparse_s0.txt,6,15,4,sparse,0,approx,0.002824,32,success
g6_h15_k4_dsparse_s1.txt,6,15,4,sparse,1,exact,0,-1,"complexity_skip (complexity=7.03e+24, threshold=3.60e+05)"
g6_h15_k4_dsparse_s1.txt,6,15,4,sparse,1,approx,0.002791,41,success
g6_h15_k4_dsparse_s2.txt,6,15,4,sparse,2,exact,0,-1,"complexity_skip (complexity=7.03e+24, threshold=3.60e+05)"
g6_h15_k4_dsparse_s2.txt,6,15,4,sparse,2,approx,0.002809,31,success
g4_h16_k6_ddense_s0.txt,4,16,6,dense,0,exact,0,-1,"complexity_skip (complexity=9.65e+24, threshold=3.60e+05)"
g4_h16_k6_ddense_s0.txt,4,16,6,dense,0,approx,0.002749,44,success
g4_h16_k6_ddense_s1.txt,4,16,6,dense,1,exact,0,-1,"complexity_skip (complexity=9.65e+24, threshold=3.60e+05)"
g4_h16_k6_ddense_s1.txt,4,16,6,dense,1,approx,0.002593,27,success
g4_h16_k6_ddense_s2.txt,4,16,6,dense,2,exact,0,-1,"complexity_skip (complexity=9.65e+24, threshold=3.60e+05)"
g4_h16_k6_ddense_s2.txt,4,16,6,dense,2,approx,0.002642,37,success
g4_h16_k6_dmedium_s0.txt,4,16,6,medium,0,exact,0,-1,"complexity_skip (complexity=9.65e+24, threshold=3.60e+05)"
g4_h16_k6_dmedium_s0.txt,4,16,6,medium,0,approx,0.002736,39,success
g4_h16_k6_dmedium_s1.txt,4,16,6,medium,1,exact,0,-1,"complexity_skip (complexity=9.65e+24, threshold=3.60e+05)"
g4_h16_k6_dmedium_s1.txt,4,16,6,medium,1,approx,0.002685,25,success
g4_h16_k6_dmedium_s2.txt,4,16,6,medium,2,exact,0,-1,"complexity_skip (complexity=9.65e+24, threshold=3.60e+05)"
g4_h16_k6_dmedium_s2.txt,4,16,6,medium,2,approx,0.002476,37,success
g4_h16_k6_dsparse_s0.txt,4,16,6,sparse,0,exact,0,-1,"complexity_skip (complexity=9.65e+24, threshold=3.60e+05)"
g4_h16_k6_dsparse_s0.txt,4,16,6,sparse,0,approx,0.002559,33,success
g4_h16_k6_dsparse_s1.txt,4,16,6,sparse,1,exact,0,-1,"complexity_skip (complexity=9.65e+24, threshold=3.60e+05)"
g4_h16_k6_dsparse_s1.txt,4,16,6,sparse,1,approx,0.002451,18,success
g4_h16_k6_dsparse_s2.txt,4,16,6,sparse,2,exact,0,-1,"complexity_skip (complexity=9.65e+24, threshold=3.60e+05)"
g4_h16_k6_dsparse_s2.txt,4,16,6,sparse,2,approx,0.002396,37,success
g4_h10_k8_ddense_s0.txt,4,10,8,dense,0,exact,0,-1,"complexity_skip (complexity=1.04e+25, threshold=3.60e+05)"
g4_h10_k8_ddense_s0.txt,4,10,8,dense,0,approx,0.002561,44,success
g4_h10_k8_ddense_s1.txt,4,10,8,dense,1,exact,0,-1,"complexity_skip (complexity=1.04e+25, threshold=3.60e+05)"
g4_h10_k8_ddense_s1.txt,4,10,8,dense,1,approx,0.002442,54,success
g4_h10_k8_ddense_s2.txt,4,10,8,dense,2,exact,0,-1,"complexity_skip (complexity=1.04e+25, threshold=3.60e+05)"
g4_h10_k8_ddense_s2.txt,4,10,8,dense,2,approx,0.002468,42,success
g4_h10_k8_dmedium_s0.txt,4,10,8,medium,0,exact,0,-1,"complexity_skip (complexity=1.04e+25, threshold=3.60e+05)"
g4_h10_k8_dmedium_s0.txt,4,10,8,medium,0,approx,0.002336,31,success
g4_h10_k8_dmedium_s1.txt,4,10,8,medium,1,exact,0,-1,"complexity_skip (complexity=1.04e+25, threshold=3.60e+05)"
g4_h10_k8_dmedium_s1.txt,4,10,8,medium,1,approx,0.002408,48,success
g4_h10_k8_dmedium_s2.txt,4,10,8,medium,2,exact,0,-1,"complexity_skip (complexity=1.04e+25, threshold=3.60e+05)"
g4_h10_k8_dmedium_s2.txt,4,10,8,medium,2,approx,0.002453,24,success
g4_h10_k8_dsparse_s0.txt,4,10,8,sparse,0,exact,0,-1,"complexity_skip (complexity=1.04e+25, threshold=3.60e+05)"
g4_h10_k8_dsparse_s0.txt,4,10,8,sparse,0,approx,0.002531,38,success
g4_h10_k8_dsparse_s1.txt,4,10,8,sparse,1,exact,0,-1,"complexity_skip (complexity=1.04e+25, threshold=3.60e+05)"
g4_h10_k8_dsparse_s1.txt,4,10,8,sparse,1,approx,0.003395,0,success
g4_h10_k8_dsparse_s2.txt,4,10,8,sparse,2,exact,0,-1,"complexity_skip (complexity=1.04e+25, threshold=3.60e+05)"
g4_h10_k8_dsparse_s2.txt,4,10,8,sparse,2,approx,0.003379,17,success
g5_h7_k9_ddense_s0.txt,5,7,9,dense,0,exact,0,-1,"complexity_skip (complexity=1.15e+25, threshold=3.60e+05)"
g5_h7_k9_ddense_s0.txt,5,7,9,dense,0,approx,0.002810,36,success
g5_h7_k9_ddense_s1.txt,5,7,9,dense,1,exact,0,-1,"complexity_skip (complexity=1.15e+25, threshold=3.60e+05)"
g5_h7_k9_ddense_s1.txt,5,7,9,dense,1,approx,0.002460,31,success
g5_h7_k9_ddense_s2.txt,5,7,9,dense,2,exact,0,-1,"complexity_skip (complexity=1.15e+25, threshold=3.60e+05)"
g5_h7_k9_ddense_s2.txt,5,7,9,dense,2,approx,0.002824,60,success
g5_h7_k9_dmedium_s0.txt,5,7,9,medium,0,exact,0,-1,"complexity_skip (complexity=1.15e+25, threshold=3.60e+05)"
g5_h7_k9_dmedium_s0.txt,5,7,9,medium,0,approx,0.006608,46,success
g5_h7_k9_dmedium_s1.txt,5,7,9,medium,1,exact,0,-1,"complexity_skip (complexity=1.15e+25, threshold=3.60e+05)"
g5_h7_k9_dmedium_s1.txt,5,7,9,medium,1,approx,0.004532,53,success
g5_h7_k9_dmedium_s2.txt,5,7,9,medium,2,exact,0,-1,"complexity_skip (complexity=1.15e+25, threshold=3.60e+05)"
g5_h7_k9_dmedium_s2.txt,5,7,9,medium,2,approx,0.003817,32,success
g5_h7_k9_dsparse_s0.txt,5,7,9,sparse,0,exact,0,-1,"complexity_skip (complexity=1.15e+25, threshold=3.60e+05)"
g5_h7_k9_dsparse_s0.txt,5,7,9,sparse,0,approx,0.003717,29,success
g5_h7_k9_dsparse_s1.txt,5,7,9,sparse,1,exact,0,-1,"complexity_skip (complexity=1.15e+25, threshold=3.60e+05)"
g5_h7_k9_dsparse_s1.txt,5,7,9,sparse,1,approx,0.003048,56,success
g5_h7_k9_dsparse_s2.txt,5,7,9,sparse,2,exact,0,-1,"complexity_skip (complexity=1.15e+25, threshold=3.60e+05)"
g5_h7_k9_dsparse_s2.txt,5,7,9,sparse,2,approx,0.002694,0,success
g8_h16_k3_ddense_s0.txt,8,16,3,dense,0,approx,0.002731,60,success
g8_h16_k3_ddense_s1.txt,8,16,3,dense,1,approx,0.002604,57,success
g8_h16_k3_ddense_s2.txt,8,16,3,dense,2,approx,0.002715,44,success
g8_h16_k3_dmedium_s0.txt,8,16,3,medium,0,approx,0.002828,73,success
g8_h16_k3_dmedium_s1.txt,8,16,3,medium,1,approx,0.003138,85,success
g8_h16_k3_dmedium_s2.txt,8,16,3,medium,2,approx,0.002812,80,success
g8_h16_k3_dsparse_s0.txt,8,16,3,sparse,0,approx,0.002790,74,success
g8_h16_k3_dsparse_s1.txt,8,16,3,sparse,1,approx,0.002692,37,success
g8_h16_k3_dsparse_s2.txt,8,16,3,sparse,2,approx,0.002620,55,success
g7_h21_k3_ddense_s0.txt,7,21,3,dense,0,approx,0.002589,48,success
g7_h21_k3_ddense_s1.txt,7,21,3,dense,1,approx,0.002626,48,success
g7_h21_k3_ddense_s2.txt,7,21,3,dense,2,approx,0.002576,39,success
g7_h21_k3_dmedium_s0.txt,7,21,3,medium,0,approx,0.002708,61,success
g7_h21_k3_dmedium_s1.txt,7,21,3,medium,1,approx,0.002550,40,success
g7_h21_k3_dmedium_s2.txt,7,21,3,medium,2,approx,0.002626,55,success
g7_h21_k3_dsparse_s0.txt,7,21,3,sparse,0,approx,0.002538,15,success
g7_h21_k3_dsparse_s1.txt,7,21,3,sparse,1,approx,0.002525,48,success
g7_h21_k3_dsparse_s2.txt,7,21,3,sparse,2,approx,0.002655,23,success
g12_h18_k2_ddense_s0.txt,12,18,2,dense,0,approx,0.002606,92,success
g12_h18_k2_ddense_s1.txt,12,18,2,dense,1,approx,0.002737,132,success
g12_h18_k2_ddense_s2.txt,12,18,2,dense,2,approx,0.002592,135,success
g12_h18_k2_dmedium_s0.txt,12,18,2,medium,0,approx,0.002521,138,success
g12_h18_k2_dmedium_s1.txt,12,18,2,medium,1,approx,0.002559,121,success
g12_h18_k2_dmedium_s2.txt,12,18,2,medium,2,approx,0.002867,151,success
g12_h18_k2_dsparse_s0.txt,12,18,2,sparse,0,approx,0.002544,75,success
g12_h18_k2_dsparse_s1.txt,12,18,2,sparse,1,approx,0.002683,105,success
g12_h18_k2_dsparse_s2.txt,12,18,2,sparse,2,approx,0.003098,75,success
g5_h15_k5_ddense_s0.txt,5,15,5,dense,0,exact,0,-1,"complexity_skip (complexity=5.06e+25, threshold=3.60e+05)"
g5_h15_k5_ddense_s0.txt,5,15,5,dense,0,approx,0.004366,22,success
g5_h15_k5_ddense_s1.txt,5,15,5,dense,1,exact,0,-1,"complexity_skip (complexity=5.06e+25, threshold=3.60e+05)"
g5_h15_k5_ddense_s1.txt,5,15,5,dense,1,approx,0.004367,22,success
g5_h15_k5_ddense_s2.txt,5,15,5,dense,2,exact,0,-1,"complexity_skip (complexity=5.06e+25, threshold=3.60e+05)"
g5_h15_k5_ddense_s2.txt,5,15,5,dense,2,approx,0.002668,22,success
g5_h15_k5_dmedium_s0.txt,5,15,5,medium,0,exact,0,-1,"complexity_skip (complexity=5.06e+25, threshold=3.60e+05)"
g5_h15_k5_dmedium_s0.txt,5,15,5,medium,0,approx,0.002556,31,success
g5_h15_k5_dmedium_s1.txt,5,15,5,medium,1,exact,0,-1,"complexity_skip (complexity=5.06e+25, threshold=3.60e+05)"
g5_h15_k5_dmedium_s1.txt,5,15,5,medium,1,approx,0.002554,29,success
g5_h15_k5_dmedium_s2.txt,5,15,5,medium,2,exact,0,-1,"complexity_skip (complexity=5.06e+25, threshold=3.60e+05)"
g5_h15_k5_dmedium_s2.txt,5,15,5,medium,2,approx,0.002584,53,success
g5_h15_k5_dsparse_s0.txt,5,15,5,sparse,0,exact,0,-1,"complexity_skip (complexity=5.06e+25, threshold=3.60e+05)"
g5_h15_k5_dsparse_s0.txt,5,15,5,sparse,0,approx,0.002830,51,success
g5_h15_k5_dsparse_s1.txt,5,15,5,sparse,1,exact,0,-1,"complexity_skip (complexity=5.06e+25, threshold=3.60e+05)"
g5_h15_k5_dsparse_s1.txt,5,15,5,sparse,1,approx,0.002808,38,success
g5_h15_k5_dsparse_s2.txt,5,15,5,sparse,2,exact,0,-1,"complexity_skip (complexity=5.06e+25, threshold=3.60e+05)"
g5_h15_k5_dsparse_s2.txt,5,15,5,sparse,2,approx,0.003224,34,success
g4_h8_k10_ddense_s0.txt,4,8,10,dense,0,exact,0,-1,"complexity_skip (complexity=5.07e+25, threshold=3.60e+05)"
g4_h8_k10_ddense_s0.txt,4,8,10,dense,0,approx,0.002960,50,success
g4_h8_k10_ddense_s1.txt,4,8,10,dense,1,exact,0,-1,"complexity_skip (complexity=5.07e+25, threshold=3.60e+05)"
g4_h8_k10_ddense_s1.txt,4,8,10,dense,1,approx,0.002936,71,success
g4_h8_k10_ddense_s2.txt,4,8,10,dense,2,exact,0,-1,"complexity_skip (complexity=5.07e+25, threshold=3.60e+05)"
g4_h8_k10_ddense_s2.txt,4,8,10,dense,2,approx,0.003319,44,success
g4_h8_k10_dmedium_s0.txt,4,8,10,medium,0,exact,0,-1,"complexity_skip (complexity=5.07e+25, threshold=3.60e+05)"
g4_h8_k10_dmedium_s0.txt,4,8,10,medium,0,approx,0.002968,44,success
g4_h8_k10_dmedium_s1.txt,4,8,10,medium,1,exact,0,-1,"complexity_skip (complexity=5.07e+25, threshold=3.60e+05)"
g4_h8_k10_dmedium_s1.txt,4,8,10,medium,1,approx,0.002871,27,success
g4_h8_k10_dmedium_s2.txt,4,8,10,medium,2,exact,0,-1,"complexity_skip (complexity=5.07e+25, threshold=3.60e+05)"
g4_h8_k10_dmedium_s2.txt,4,8,10,medium,2,approx,0.002519,42,success
g4_h8_k10_dsparse_s0.txt,4,8,10,sparse,0,exact,0,-1,"complexity_skip (complexity=5.07e+25, threshold=3.60e+05)"
g4_h8_k10_dsparse_s0.txt,4,8,10,sparse,0,approx,0.002755,49,success
g4_h8_k10_dsparse_s1.txt,4,8,10,sparse,1,exact,0,-1,"complexity_skip (complexity=5.07e+25, threshold=3.60e+05)"
g4_h8_k10_dsparse_s1.txt,4,8,10,sparse,1,approx,0.002877,36,success
g4_h8_k10_dsparse_s2.txt,4,8,10,sparse,2,exact,0,-1,"complexity_skip (complexity=5.07e+25, threshold=3.60e+05)"
g4_h8_k10_dsparse_s2.txt,4,8,10,sparse,2,approx,0.002587,31,success
g6_h9_k6_ddense_s0.txt,6,9,6,dense,0,exact,0,-1,"complexity_skip (complexity=6.80e+25, threshold=3.60e+05)"
g6_h9_k6_ddense_s0.txt,6,9,6,dense,0,approx,0.002590,46,success
g6_h9_k6_ddense_s1.txt,6,9,6,dense,1,exact,0,-1,"complexity_skip (complexity=6.80e+25, threshold=3.60e+05)"
g6_h9_k6_ddense_s1.txt,6,9,6,dense,1,approx,0.002417,33,success
g6_h9_k6_ddense_s2.txt,6,9,6,dense,2,exact,0,-1,"complexity_skip (complexity=6.80e+25, threshold=3.60e+05)"
g6_h9_k6_ddense_s2.txt,6,9,6,dense,2,approx,0.002634,26,success
g6_h9_k6_dmedium_s0.txt,6,9,6,medium,0,exact,0,-1,"complexity_skip (complexity=6.80e+25, threshold=3.60e+05)"
g6_h9_k6_dmedium_s0.txt,6,9,6,medium,0,approx,0.002533,46,success
g6_h9_k6_dmedium_s1.txt,6,9,6,medium,1,exact,0,-1,"complexity_skip (complexity=6.80e+25, threshold=3.60e+05)"
g6_h9_k6_dmedium_s1.txt,6,9,6,medium,1,approx,0.002567,61,success
g6_h9_k6_dmedium_s2.txt,6,9,6,medium,2,exact,0,-1,"complexity_skip (complexity=6.80e+25, threshold=3.60e+05)"
g6_h9_k6_dmedium_s2.txt,6,9,6,medium,2,approx,0.002514,54,success
g6_h9_k6_dsparse_s0.txt,6,9,6,sparse,0,exact,0,-1,"complexity_skip (complexity=6.80e+25, threshold=3.60e+05)"
g6_h9_k6_dsparse_s0.txt,6,9,6,sparse,0,approx,0.002442,74,success
g6_h9_k6_dsparse_s1.txt,6,9,6,sparse,1,exact,0,-1,"complexity_skip (complexity=6.80e+25, threshold=3.60e+05)"
g6_h9_k6_dsparse_s1.txt,6,9,6,sparse,1,approx,0.002413,55,success
g6_h9_k6_dsparse_s2.txt,6,9,6,sparse,2,exact,0,-1,"complexity_skip (complexity=6.80e+25, threshold=3.60e+05)"
g6_h9_k6_dsparse_s2.txt,6,9,6,sparse,2,approx,0.002655,47,success
g15_h60_k1_ddense_s0.txt,15,60,1,dense,0,approx,0.003584,95,success
g15_h60_k1_ddense_s1.txt,15,60,1,dense,1,approx,0.003671,123,success
g15_h60_k1_ddense_s2.txt,15,60,1,dense,2,approx,0.003537,120,success
g15_h60_k1_dmedium_s0.txt,15,60,1,medium,0,approx,0.003840,164,success
g15_h60_k1_dmedium_s1.txt,15,60,1,medium,1,approx,0.003819,116,success
g15_h60_k1_dmedium_s2.txt,15,60,1,medium,2,approx,0.003791,119,success
g15_h60_k1_dsparse_s0.txt,15,60,1,sparse,0,approx,0.003519,76,success
g15_h60_k1_dsparse_s1.txt,15,60,1,sparse,1,approx,0.003908,77,success
g15_h60_k1_dsparse_s2.txt,15,60,1,sparse,2,approx,0.003609,67,success
g10_h25_k2_ddense_s0.txt,10,25,2,dense,0,approx,0.002811,87,success
g10_h25_k2_ddense_s1.txt,10,25,2,dense,1,approx,0.002822,83,success
g10_h25_k2_ddense_s2.txt,10,25,2,dense,2,approx,0.002825,78,success
g10_h25_k2_dmedium_s0.txt,10,25,2,medium,0,approx,0.002595,101,success
g10_h25_k2_dmedium_s1.txt,10,25,2,medium,1,approx,0.002738,91,success
g10_h25_k2_dmedium_s2.txt,10,25,2,medium,2,approx,0.002865,96,success
g10_h25_k2_dsparse_s0.txt,10,25,2,sparse,0,approx,0.002834,63,success
g10_h25_k2_dsparse_s1.txt,10,25,2,sparse,1,approx,0.002856,59,success
g10_h25_k2_dsparse_s2.txt,10,25,2,sparse,2,approx,0.002849,65,success
g9_h36_k2_ddense_s0.txt,9,36,2,dense,0,approx,0.002963,43,success
g9_h36_k2_ddense_s1.txt,9,36,2,dense,1,approx,0.002871,74,success
g9_h36_k2_ddense_s2.txt,9,36,2,dense,2,approx,0.003019,59,success
g9_h36_k2_dmedium_s0.txt,9,36,2,medium,0,approx,0.003036,61,success
g9_h36_k2_dmedium_s1.txt,9,36,2,medium,1,approx,0.003029,68,success
g9_h36_k2_dmedium_s2.txt,9,36,2,medium,2,approx,0.002955,77,success
g9_h36_k2_dsparse_s0.txt,9,36,2,sparse,0,approx,0.002836,44,success
g9_h36_k2_dsparse_s1.txt,9,36,2,sparse,1,approx,0.002887,38,success
g9_h36_k2_dsparse_s2.txt,9,36,2,sparse,2,approx,0.002908,38,success
g7_h10_k5_ddense_s0.txt,7,10,5,dense,0,approx,0.002745,81,success
g7_h10_k5_ddense_s1.txt,7,10,5,dense,1,approx,0.002486,68,success
g7_h10_k5_ddense_s2.txt,7,10,5,dense,2,approx,0.002376,85,success
g7_h10_k5_dmedium_s0.txt,7,10,5,medium,0,approx,0.002437,62,success
g7_h10_k5_dmedium_s1.txt,7,10,5,medium,1,approx,0.002622,86,success
g7_h10_k5_dmedium_s2.txt,7,10,5,medium,2,approx,0.003316,86,success
g7_h10_k5_dsparse_s0.txt,7,10,5,sparse,0,approx,0.002686,57,success
g7_h10_k5_dsparse_s1.txt,7,10,5,sparse,1,approx,0.002627,63,success
g7_h10_k5_dsparse_s2.txt,7,10,5,sparse,2,approx,0.002590,51,success
g5_h12_k6_ddense_s0.txt,5,12,6,dense,0,exact,0,-1,"complexity_skip (complexity=1.02e+27, threshold=3.60e+05)"
g5_h12_k6_ddense_s0.txt,5,12,6,dense,0,approx,0.002706,45,success
g5_h12_k6_ddense_s1.txt,5,12,6,dense,1,exact,0,-1,"complexity_skip (complexity=1.02e+27, threshold=3.60e+05)"
g5_h12_k6_ddense_s1.txt,5,12,6,dense,1,approx,0.002618,55,success
g5_h12_k6_ddense_s2.txt,5,12,6,dense,2,exact,0,-1,"complexity_skip (complexity=1.02e+27, threshold=3.60e+05)"
g5_h12_k6_ddense_s2.txt,5,12,6,dense,2,approx,0.002552,50,success
g5_h12_k6_dmedium_s0.txt,5,12,6,medium,0,exact,0,-1,"complexity_skip (complexity=1.02e+27, threshold=3.60e+05)"
g5_h12_k6_dmedium_s0.txt,5,12,6,medium,0,approx,0.002445,49,success
g5_h12_k6_dmedium_s1.txt,5,12,6,medium,1,exact,0,-1,"complexity_skip (complexity=1.02e+27, threshold=3.60e+05)"
g5_h12_k6_dmedium_s1.txt,5,12,6,medium,1,approx,0.002471,51,success
g5_h12_k6_dmedium_s2.txt,5,12,6,medium,2,exact,0,-1,"complexity_skip (complexity=1.02e+27, threshold=3.60e+05)"
g5_h12_k6_dmedium_s2.txt,5,12,6,medium,2,approx,0.002561,55,success
g5_h12_k6_dsparse_s0.txt,5,12,6,sparse,0,exact,0,-1,"complexity_skip (complexity=1.02e+27, threshold=3.60e+05)"
g5_h12_k6_dsparse_s0.txt,5,12,6,sparse,0,approx,0.002445,40,success
g5_h12_k6_dsparse_s1.txt,5,12,6,sparse,1,exact,0,-1,"complexity_skip (complexity=1.02e+27, threshold=3.60e+05)"
g5_h12_k6_dsparse_s1.txt,5,12,6,sparse,1,approx,0.002695,5,success
g5_h12_k6_dsparse_s2.txt,5,12,6,sparse,2,exact,0,-1,"complexity_skip (complexity=1.02e+27, threshold=3.60e+05)"
g5_h12_k6_dsparse_s2.txt,5,12,6,sparse,2,approx,0.002812,23,success
g6_h12_k5_ddense_s0.txt,6,12,5,dense,0,exact,0,-1,"complexity_skip (complexity=1.09e+27, threshold=3.60e+05)"
g6_h12_k5_ddense_s0.txt,6,12,5,dense,0,approx,0.002517,43,success
g6_h12_k5_ddense_s1.txt,6,12,5,dense,1,exact,0,-1,"complexity_skip (complexity=1.09e+27, threshold=3.60e+05)"
g6_h12_k5_ddense_s1.txt,6,12,5,dense,1,approx,0.002725,28,success
g6_h12_k5_ddense_s2.txt,6,12,5,dense,2,exact,0,-1,"complexity_skip (complexity=1.09e+27, threshold=3.60e+05)"
g6_h12_k5_ddense_s2.txt,6,12,5,dense,2,approx,0.002637,30,success
g6_h12_k5_dmedium_s0.txt,6,12,5,medium,0,exact,0,-1,"complexity_skip (complexity=1.09e+27, threshold=3.60e+05)"
g6_h12_k5_dmedium_s0.txt,6,12,5,medium,0,approx,0.003715,36,success
g6_h12_k5_dmedium_s1.txt,6,12,5,medium,1,exact,0,-1,"complexity_skip (complexity=1.09e+27, threshold=3.60e+05)"
g6_h12_k5_dmedium_s1.txt,6,12,5,medium,1,approx,0.003827,49,success
g6_h12_k5_dmedium_s2.txt,6,12,5,medium,2,exact,0,-1,"complexity_skip (complexity=1.09e+27, threshold=3.60e+05)"
g6_h12_k5_dmedium_s2.txt,6,12,5,medium,2,approx,0.003014,45,success
g6_h12_k5_dsparse_s0.txt,6,12,5,sparse,0,exact,0,-1,"complexity_skip (complexity=1.09e+27, threshold=3.60e+05)"
g6_h12_k5_dsparse_s0.txt,6,12,5,sparse,0,approx,0.002638,35,success
g6_h12_k5_dsparse_s1.txt,6,12,5,sparse,1,exact,0,-1,"complexity_skip (complexity=1.09e+27, threshold=3.60e+05)"
g6_h12_k5_dsparse_s1.txt,6,12,5,sparse,1,approx,0.002748,34,success
g6_h12_k5_dsparse_s2.txt,6,12,5,sparse,2,exact,0,-1,"complexity_skip (complexity=1.09e+27, threshold=3.60e+05)"
g6_h12_k5_dsparse_s2.txt,6,12,5,sparse,2,approx,0.002997,32,success
g6_h18_k4_ddense_s0.txt,6,18,4,dense,0,exact,0,-1,"complexity_skip (complexity=1.33e+27, threshold=3.60e+05)"
g6_h18_k4_ddense_s0.txt,6,18,4,dense,0,approx,0.003439,31,success
g6_h18_k4_ddense_s1.txt,6,18,4,dense,1,exact,0,-1,"complexity_skip (complexity=1.33e+27, threshold=3.60e+05)"
g6_h18_k4_ddense_s1.txt,6,18,4,dense,1,approx,0.002816,39,success
g6_h18_k4_ddense_s2.txt,6,18,4,dense,2,exact,0,-1,"complexity_skip (complexity=1.33e+27, threshold=3.60e+05)"
g6_h18_k4_ddense_s2.txt,6,18,4,dense,2,approx,0.002668,28,success
g6_h18_k4_dmedium_s0.txt,6,18,4,medium,0,exact,0,-1,"complexity_skip (complexity=1.33e+27, threshold=3.60e+05)"
g6_h18_k4_dmedium_s0.txt,6,18,4,medium,0,approx,0.002925,38,success
g6_h18_k4_dmedium_s1.txt,6,18,4,medium,1,exact,0,-1,"complexity_skip (complexity=1.33e+27, threshold=3.60e+05)"
g6_h18_k4_dmedium_s1.txt,6,18,4,medium,1,approx,0.002956,50,success
g6_h18_k4_dmedium_s2.txt,6,18,4,medium,2,exact,0,-1,"complexity_skip (complexity=1.33e+27, threshold=3.60e+05)"
g6_h18_k4_dmedium_s2.txt,6,18,4,medium,2,approx,0.003198,45,success
g6_h18_k4_dsparse_s0.txt,6,18,4,sparse,0,exact,0,-1,"complexity_skip (complexity=1.33e+27, threshold=3.60e+05)"
g6_h18_k4_dsparse_s0.txt,6,18,4,sparse,0,approx,0.003015,37,success
g6_h18_k4_dsparse_s1.txt,6,18,4,sparse,1,exact,0,-1,"complexity_skip (complexity=1.33e+27, threshold=3.60e+05)"
g6_h18_k4_dsparse_s1.txt,6,18,4,sparse,1,approx,0.006086,47,success
g6_h18_k4_dsparse_s2.txt,6,18,4,sparse,2,exact,0,-1,"complexity_skip (complexity=1.33e+27, threshold=3.60e+05)"
g6_h18_k4_dsparse_s2.txt,6,18,4,sparse,2,approx,0.003130,28,success
g5_h7_k10_ddense_s0.txt,5,7,10,dense,0,exact,0,-1,"complexity_skip (complexity=2.90e+27, threshold=3.60e+05)"
g5_h7_k10_ddense_s0.txt,5,7,10,dense,0,approx,0.003172,46,success
g5_h7_k10_ddense_s1.txt,5,7,10,dense,1,exact,0,-1,"complexity_skip (complexity=2.90e+27, threshold=3.60e+05)"
g5_h7_k10_ddense_s1.txt,5,7,10,dense,1,approx,0.003274,28,success
g5_h7_k10_ddense_s2.txt,5,7,10,dense,2,exact,0,-1,"complexity_skip (complexity=2.90e+27, threshold=3.60e+05)"
g5_h7_k10_ddense_s2.txt,5,7,10,dense,2,approx,0.003352,40,success
g5_h7_k10_dmedium_s0.txt,5,7,10,medium,0,exact,0,-1,"complexity_skip (complexity=2.90e+27, threshold=3.60e+05)"
g5_h7_k10_dmedium_s0.txt,5,7,10,medium,0,approx,0.002889,27,success
g5_h7_k10_dmedium_s1.txt,5,7,10,medium,1,exact,0,-1,"complexity_skip (complexity=2.90e+27, threshold=3.60e+05)"
g5_h7_k10_dmedium_s1.txt,5,7,10,medium,1,approx,0.002787,65,success
g5_h7_k10_dmedium_s2.txt,5,7,10,medium,2,exact,0,-1,"complexity_skip (complexity=2.90e+27, threshold=3.60e+05)"
g5_h7_k10_dmedium_s2.txt,5,7,10,medium,2,approx,0.002959,52,success
g5_h7_k10_dsparse_s0.txt,5,7,10,sparse,0,exact,0,-1,"complexity_skip (complexity=2.90e+27, threshold=3.60e+05)"
g5_h7_k10_dsparse_s0.txt,5,7,10,sparse,0,approx,0.002761,54,success
g5_h7_k10_dsparse_s1.txt,5,7,10,sparse,1,exact,0,-1,"complexity_skip (complexity=2.90e+27, threshold=3.60e+05)"
g5_h7_k10_dsparse_s1.txt,5,7,10,sparse,1,approx,0.002992,15,success
g5_h7_k10_dsparse_s2.txt,5,7,10,sparse,2,exact,0,-1,"complexity_skip (complexity=2.90e+27, threshold=3.60e+05)"
g5_h7_k10_dsparse_s2.txt,5,7,10,sparse,2,approx,0.002774,50,success
g7_h14_k4_ddense_s0.txt,7,14,4,dense,0,approx,0.003112,53,success
g7_h14_k4_ddense_s1.txt,7,14,4,dense,1,approx,0.002786,54,success
g7_h14_k4_ddense_s2.txt,7,14,4,dense,2,approx,0.003288,39,success
g7_h14_k4_dmedium_s0.txt,7,14,4,medium,0,approx,0.005337,66,success
g7_h14_k4_dmedium_s1.txt,7,14,4,medium,1,approx,0.003237,78,success
g7_h14_k4_dmedium_s2.txt,7,14,4,medium,2,approx,0.003060,51,success
g7_h14_k4_dsparse_s0.txt,7,14,4,sparse,0,approx,0.004636,54,success
g7_h14_k4_dsparse_s1.txt,7,14,4,sparse,1,approx,0.003133,46,success
g7_h14_k4_dsparse_s2.txt,7,14,4,sparse,2,approx,0.003260,45,success
g5_h10_k7_ddense_s0.txt,5,10,7,dense,0,exact,0,-1,"complexity_skip (complexity=4.59e+27, threshold=3.60e+05)"
g5_h10_k7_ddense_s0.txt,5,10,7,dense,0,approx,0.003435,60,success
g5_h10_k7_ddense_s1.txt,5,10,7,dense,1,exact,0,-1,"complexity_skip (complexity=4.59e+27, threshold=3.60e+05)"
g5_h10_k7_ddense_s1.txt,5,10,7,dense,1,approx,0.003896,57,success
g5_h10_k7_ddense_s2.txt,5,10,7,dense,2,exact,0,-1,"complexity_skip (complexity=4.59e+27, threshold=3.60e+05)"
g5_h10_k7_ddense_s2.txt,5,10,7,dense,2,approx,0.004413,59,success
g5_h10_k7_dmedium_s0.txt,5,10,7,medium,0,exact,0,-1,"complexity_skip (complexity=4.59e+27, threshold=3.60e+05)"
g5_h10_k7_dmedium_s0.txt,5,10,7,medium,0,approx,0.003108,51,success
g5_h10_k7_dmedium_s1.txt,5,10,7,medium,1,exact,0,-1,"complexity_skip (complexity=4.59e+27, threshold=3.60e+05)"
g5_h10_k7_dmedium_s1.txt,5,10,7,medium,1,approx,0.002985,31,success
g5_h10_k7_dmedium_s2.txt,5,10,7,medium,2,exact,0,-1,"complexity_skip (complexity=4.59e+27, threshold=3.60e+05)"
g5_h10_k7_dmedium_s2.txt,5,10,7,medium,2,approx,0.002585,49,success
g5_h10_k7_dsparse_s0.txt,5,10,7,sparse,0,exact,0,-1,"complexity_skip (complexity=4.59e+27, threshold=3.60e+05)"
g5_h10_k7_dsparse_s0.txt,5,10,7,sparse,0,approx,0.002898,23,success
g5_h10_k7_dsparse_s1.txt,5,10,7,sparse,1,exact,0,-1,"complexity_skip (complexity=4.59e+27, threshold=3.60e+05)"
g5_h10_k7_dsparse_s1.txt,5,10,7,sparse,1,approx,0.002853,60,success
g5_h10_k7_dsparse_s2.txt,5,10,7,sparse,2,exact,0,-1,"complexity_skip (complexity=4.59e+27, threshold=3.60e+05)"
g5_h10_k7_dsparse_s2.txt,5,10,7,sparse,2,approx,0.002887,53,success
g4_h10_k9_ddense_s0.txt,4,10,9,dense,0,exact,0,-1,"complexity_skip (complexity=5.82e+27, threshold=3.60e+05)"
g4_h10_k9_ddense_s0.txt,4,10,9,dense,0,approx,0.002581,53,success
g4_h10_k9_ddense_s1.txt,4,10,9,dense,1,exact,0,-1,"complexity_skip (complexity=5.82e+27, threshold=3.60e+05)"
g4_h10_k9_ddense_s1.txt,4,10,9,dense,1,approx,0.002684,58,success
g4_h10_k9_ddense_s2.txt,4,10,9,dense,2,exact,0,-1,"complexity_skip (complexity=5.82e+27, threshold=3.60e+05)"
g4_h10_k9_ddense_s2.txt,4,10,9,dense,2,approx,0.002768,66,success
g4_h10_k9_dmedium_s0.txt,4,10,9,medium,0,exact,0,-1,"complexity_skip (complexity=5.82e+27, threshold=3.60e+05)"
g4_h10_k9_dmedium_s0.txt,4,10,9,medium,0,approx,0.003524,38,success
g4_h10_k9_dmedium_s1.txt,4,10,9,medium,1,exact,0,-1,"complexity_skip (complexity=5.82e+27, threshold=3.60e+05)"
g4_h10_k9_dmedium_s1.txt,4,10,9,medium,1,approx,0.002955,25,success
g4_h10_k9_dmedium_s2.txt,4,10,9,medium,2,exact,0,-1,"complexity_skip (complexity=5.82e+27, threshold=3.60e+05)"
g4_h10_k9_dmedium_s2.txt,4,10,9,medium,2,approx,0.002852,68,success
g4_h10_k9_dsparse_s0.txt,4,10,9,sparse,0,exact,0,-1,"complexity_skip (complexity=5.82e+27, threshold=3.60e+05)"
g4_h10_k9_dsparse_s0.txt,4,10,9,sparse,0,approx,0.002649,0,success
g4_h10_k9_dsparse_s1.txt,4,10,9,sparse,1,exact,0,-1,"complexity_skip (complexity=5.82e+27, threshold=3.60e+05)"
g4_h10_k9_dsparse_s1.txt,4,10,9,sparse,1,approx,0.002753,6,success
g4_h10_k9_dsparse_s2.txt,4,10,9,sparse,2,exact,0,-1,"complexity_skip (complexity=5.82e+27, threshold=3.60e+05)"
g4_h10_k9_dsparse_s2.txt,4,10,9,sparse,2,approx,0.002563,25,success
g10_h30_k2_ddense_s0.txt,10,30,2,dense,0,approx,0.003071,74,success
g10_h30_k2_ddense_s1.txt,10,30,2,dense,1,approx,0.003101,66,success
g10_h30_k2_ddense_s2.txt,10,30,2,dense,2,approx,0.002974,76,success
g10_h30_k2_dmedium_s0.txt,10,30,2,medium,0,approx,0.003064,61,success
g10_h30_k2_dmedium_s1.txt,10,30,2,medium,1,approx,0.002914,108,success
g10_h30_k2_dmedium_s2.txt,10,30,2,medium,2,approx,0.003227,98,success
g10_h30_k2_dsparse_s0.txt,10,30,2,sparse,0,approx,0.003309,62,success
g10_h30_k2_dsparse_s1.txt,10,30,2,sparse,1,approx,0.003264,58,success
g10_h30_k2_dsparse_s2.txt,10,30,2,sparse,2,approx,0.003155,48,success
g8_h12_k4_ddense_s0.txt,8,12,4,dense,0,approx,0.002886,75,success
g8_h12_k4_ddense_s1.txt,8,12,4,dense,1,approx,0.003010,64,success
g8_h12_k4_ddense_s2.txt,8,12,4,dense,2,approx,0.002738,75,success
g8_h12_k4_dmedium_s0.txt,8,12,4,medium,0,approx,0.003949,83,success
g8_h12_k4_dmedium_s1.txt,8,12,4,medium,1,approx,0.003882,96,success
g8_h12_k4_dmedium_s2.txt,8,12,4,medium,2,approx,0.003405,106,success
g8_h12_k4_dsparse_s0.txt,8,12,4,sparse,0,approx,0.003064,63,success
g8_h12_k4_dsparse_s1.txt,8,12,4,sparse,1,approx,0.004355,52,success
g8_h12_k4_dsparse_s2.txt,8,12,4,sparse,2,approx,0.003885,49,success
g4_h12_k8_ddense_s0.txt,4,12,8,dense,0,exact,0,-1,"complexity_skip (complexity=9.86e+27, threshold=3.60e+05)"
g4_h12_k8_ddense_s0.txt,4,12,8,dense,0,approx,0.003220,39,success
g4_h12_k8_ddense_s1.txt,4,12,8,dense,1,exact,0,-1,"complexity_skip (complexity=9.86e+27, threshold=3.60e+05)"
g4_h12_k8_ddense_s1.txt,4,12,8,dense,1,approx,0.005061,24,success
g4_h12_k8_ddense_s2.txt,4,12,8,dense,2,exact,0,-1,"complexity_skip (complexity=9.86e+27, threshold=3.60e+05)"
g4_h12_k8_ddense_s2.txt,4,12,8,dense,2,approx,0.005522,52,success
g4_h12_k8_dmedium_s0.txt,4,12,8,medium,0,exact,0,-1,"complexity_skip (complexity=9.86e+27, threshold=3.60e+05)"
g4_h12_k8_dmedium_s0.txt,4,12,8,medium,0,approx,0.003225,28,success
g4_h12_k8_dmedium_s1.txt,4,12,8,medium,1,exact,0,-1,"complexity_skip (complexity=9.86e+27, threshold=3.60e+05)"
g4_h12_k8_dmedium_s1.txt,4,12,8,medium,1,approx,0.003132,44,success
g4_h12_k8_dmedium_s2.txt,4,12,8,medium,2,exact,0,-1,"complexity_skip (complexity=9.86e+27, threshold=3.60e+05)"
g4_h12_k8_dmedium_s2.txt,4,12,8,medium,2,approx,0.002789,31,success
g4_h12_k8_dsparse_s0.txt,4,12,8,sparse,0,exact,0,-1,"complexity_skip (complexity=9.86e+27, threshold=3.60e+05)"
g4_h12_k8_dsparse_s0.txt,4,12,8,sparse,0,approx,0.008626,20,success
g4_h12_k8_dsparse_s1.txt,4,12,8,sparse,1,exact,0,-1,"complexity_skip (complexity=9.86e+27, threshold=3.60e+05)"
g4_h12_k8_dsparse_s1.txt,4,12,8,sparse,1,approx,0.004559,31,success
g4_h12_k8_dsparse_s2.txt,4,12,8,sparse,2,exact,0,-1,"complexity_skip (complexity=9.86e+27, threshold=3.60e+05)"
g4_h12_k8_dsparse_s2.txt,4,12,8,sparse,2,approx,0.004224,12,success
g8_h20_k3_ddense_s0.txt,8,20,3,dense,0,approx,0.003382,48,success
g8_h20_k3_ddense_s1.txt,8,20,3,dense,1,approx,0.003076,57,success
g8_h20_k3_ddense_s2.txt,8,20,3,dense,2,approx,0.003130,62,success
g8_h20_k3_dmedium_s0.txt,8,20,3,medium,0,approx,0.003149,93,success
g8_h20_k3_dmedium_s1.txt,8,20,3,medium,1,approx,0.003715,61,success
g8_h20_k3_dmedium_s2.txt,8,20,3,medium,2,approx,0.003014,62,success
g8_h20_k3_dsparse_s0.txt,8,20,3,sparse,0,approx,0.003356,31,success
g8_h20_k3_dsparse_s1.txt,8,20,3,sparse,1,approx,0.004282,32,success
g8_h20_k3_dsparse_s2.txt,8,20,3,sparse,2,approx,0.003604,44,success
g7_h28_k3_ddense_s0.txt,7,28,3,dense,0,approx,0.003096,41,success
g7_h28_k3_ddense_s1.txt,7,28,3,dense,1,approx,0.003371,41,success
g7_h28_k3_ddense_s2.txt,7,28,3,dense,2,approx,0.003211,41,success
g7_h28_k3_dmedium_s0.txt,7,28,3,medium,0,approx,0.003023,46,success
g7_h28_k3_dmedium_s1.txt,7,28,3,medium,1,approx,0.002765,48,success
g7_h28_k3_dmedium_s2.txt,7,28,3,medium,2,approx,0.002908,37,success
g7_h28_k3_dsparse_s0.txt,7,28,3,sparse,0,approx,0.003003,40,success
g7_h28_k3_dsparse_s1.txt,7,28,3,sparse,1,approx,0.002892,45,success
g7_h28_k3_dsparse_s2.txt,7,28,3,sparse,2,approx,0.002860,34,success
g4_h16_k7_ddense_s0.txt,4,16,7,dense,0,exact,0,-1,"complexity_skip (complexity=6.02e+28, threshold=3.60e+05)"
g4_h16_k7_ddense_s0.txt,4,16,7,dense,0,approx,0.002661,53,success
g4_h16_k7_ddense_s1.txt,4,16,7,dense,1,exact,0,-1,"complexity_skip (complexity=6.02e+28, threshold=3.60e+05)"
g4_h16_k7_ddense_s1.txt,4,16,7,dense,1,approx,0.002871,22,success
g4_h16_k7_ddense_s2.txt,4,16,7,dense,2,exact,0,-1,"complexity_skip (complexity=6.02e+28, threshold=3.60e+05)"
g4_h16_k7_ddense_s2.txt,4,16,7,dense,2,approx,0.003069,35,success
g4_h16_k7_dmedium_s0.txt,4,16,7,medium,0,exact,0,-1,"complexity_skip (complexity=6.02e+28, threshold=3.60e+05)"
g4_h16_k7_dmedium_s0.txt,4,16,7,medium,0,approx,0.002984,55,success
g4_h16_k7_dmedium_s1.txt,4,16,7,medium,1,exact,0,-1,"complexity_skip (complexity=6.02e+28, threshold=3.60e+05)"
g4_h16_k7_dmedium_s1.txt,4,16,7,medium,1,approx,0.002912,32,success
g4_h16_k7_dmedium_s2.txt,4,16,7,medium,2,exact,0,-1,"complexity_skip (complexity=6.02e+28, threshold=3.60e+05)"
g4_h16_k7_dmedium_s2.txt,4,16,7,medium,2,approx,0.002932,49,success
g4_h16_k7_dsparse_s0.txt,4,16,7,sparse,0,exact,0,-1,"complexity_skip (complexity=6.02e+28, threshold=3.60e+05)"
g4_h16_k7_dsparse_s0.txt,4,16,7,sparse,0,approx,0.002822,22,success
g4_h16_k7_dsparse_s1.txt,4,16,7,sparse,1,exact,0,-1,"complexity_skip (complexity=6.02e+28, threshold=3.60e+05)"
g4_h16_k7_dsparse_s1.txt,4,16,7,sparse,1,approx,0.003040,3,success
g4_h16_k7_dsparse_s2.txt,4,16,7,sparse,2,exact,0,-1,"complexity_skip (complexity=6.02e+28, threshold=3.60e+05)"
g4_h16_k7_dsparse_s2.txt,4,16,7,sparse,2,approx,0.002795,28,success
g5_h20_k5_ddense_s0.txt,5,20,5,dense,0,exact,0,-1,"complexity_skip (complexity=1.86e+29, threshold=3.60e+05)"
g5_h20_k5_ddense_s0.txt,5,20,5,dense,0,approx,0.002685,23,success
g5_h20_k5_ddense_s1.txt,5,20,5,dense,1,exact,0,-1,"complexity_skip (complexity=1.86e+29, threshold=3.60e+05)"
g5_h20_k5_ddense_s1.txt,5,20,5,dense,1,approx,0.002935,27,success
g5_h20_k5_ddense_s2.txt,5,20,5,dense,2,exact,0,-1,"complexity_skip (complexity=1.86e+29, threshold=3.60e+05)"
g5_h20_k5_ddense_s2.txt,5,20,5,dense,2,approx,0.002595,21,success
g5_h20_k5_dmedium_s0.txt,5,20,5,medium,0,exact,0,-1,"complexity_skip (complexity=1.86e+29, threshold=3.60e+05)"
g5_h20_k5_dmedium_s0.txt,5,20,5,medium,0,approx,0.003115,32,success
g5_h20_k5_dmedium_s1.txt,5,20,5,medium,1,exact,0,-1,"complexity_skip (complexity=1.86e+29, threshold=3.60e+05)"
g5_h20_k5_dmedium_s1.txt,5,20,5,medium,1,approx,0.002929,38,success
g5_h20_k5_dmedium_s2.txt,5,20,5,medium,2,exact,0,-1,"complexity_skip (complexity=1.86e+29, threshold=3.60e+05)"
g5_h20_k5_dmedium_s2.txt,5,20,5,medium,2,approx,0.002731,39,success
g5_h20_k5_dsparse_s0.txt,5,20,5,sparse,0,exact,0,-1,"complexity_skip (complexity=1.86e+29, threshold=3.60e+05)"
g5_h20_k5_dsparse_s0.txt,5,20,5,sparse,0,approx,0.002755,13,success
g5_h20_k5_dsparse_s1.txt,5,20,5,sparse,1,exact,0,-1,"complexity_skip (complexity=1.86e+29, threshold=3.60e+05)"
g5_h20_k5_dsparse_s1.txt,5,20,5,sparse,1,approx,0.002733,19,success
g5_h20_k5_dsparse_s2.txt,5,20,5,sparse,2,exact,0,-1,"complexity_skip (complexity=1.86e+29, threshold=3.60e+05)"
g5_h20_k5_dsparse_s2.txt,5,20,5,sparse,2,approx,0.002986,21,success
g10_h15_k3_ddense_s0.txt,10,15,3,dense,0,approx,0.002938,101,success
g10_h15_k3_ddense_s1.txt,10,15,3,dense,1,approx,0.002928,112,success
g10_h15_k3_ddense_s2.txt,10,15,3,dense,2,approx,0.002710,101,success
g10_h15_k3_dmedium_s0.txt,10,15,3,medium,0,approx,0.002858,135,success
g10_h15_k3_dmedium_s1.txt,10,15,3,medium,1,approx,0.003179,160,success
g10_h15_k3_dmedium_s2.txt,10,15,3,medium,2,approx,0.002944,116,success
g10_h15_k3_dsparse_s0.txt,10,15,3,sparse,0,approx,0.002854,85,success
g10_h15_k3_dsparse_s1.txt,10,15,3,sparse,1,approx,0.002751,99,success
g10_h15_k3_dsparse_s2.txt,10,15,3,sparse,2,approx,0.002639,119,success
g6_h9_k7_ddense_s0.txt,6,9,7,dense,0,exact,0,-1,"complexity_skip (complexity=5.87e+29, threshold=3.60e+05)"
g6_h9_k7_ddense_s0.txt,6,9,7,dense,0,approx,0.002856,53,success
g6_h9_k7_ddense_s1.txt,6,9,7,dense,1,exact,0,-1,"complexity_skip (complexity=5.87e+29, threshold=3.60e+05)"
g6_h9_k7_ddense_s1.txt,6,9,7,dense,1,approx,0.002751,47,success
g6_h9_k7_ddense_s2.txt,6,9,7,dense,2,exact,0,-1,"complexity_skip (complexity=5.87e+29, threshold=3.60e+05)"
g6_h9_k7_ddense_s2.txt,6,9,7,dense,2,approx,0.002695,74,success
g6_h9_k7_dmedium_s0.txt,6,9,7,medium,0,exact,0,-1,"complexity_skip (complexity=5.87e+29, threshold=3.60e+05)"
g6_h9_k7_dmedium_s0.txt,6,9,7,medium,0,approx,0.002566,65,success
g6_h9_k7_dmedium_s1.txt,6,9,7,medium,1,exact,0,-1,"complexity_skip (complexity=5.87e+29, threshold=3.60e+05)"
g6_h9_k7_dmedium_s1.txt,6,9,7,medium,1,approx,0.002415,80,success
g6_h9_k7_dmedium_s2.txt,6,9,7,medium,2,exact,0,-1,"complexity_skip (complexity=5.87e+29, threshold=3.60e+05)"
g6_h9_k7_dmedium_s2.txt,6,9,7,medium,2,approx,0.002788,79,success
g6_h9_k7_dsparse_s0.txt,6,9,7,sparse,0,exact,0,-1,"complexity_skip (complexity=5.87e+29, threshold=3.60e+05)"
g6_h9_k7_dsparse_s0.txt,6,9,7,sparse,0,approx,0.002934,67,success
g6_h9_k7_dsparse_s1.txt,6,9,7,sparse,1,exact,0,-1,"complexity_skip (complexity=5.87e+29, threshold=3.60e+05)"
g6_h9_k7_dsparse_s1.txt,6,9,7,sparse,1,approx,0.002664,80,success
g6_h9_k7_dsparse_s2.txt,6,9,7,sparse,2,exact,0,-1,"complexity_skip (complexity=5.87e+29, threshold=3.60e+05)"
g6_h9_k7_dsparse_s2.txt,6,9,7,sparse,2,approx,0.002467,60,success
g12_h24_k2_ddense_s0.txt,12,24,2,dense,0,approx,0.002956,125,success
g12_h24_k2_ddense_s1.txt,12,24,2,dense,1,approx,0.003403,135,success
g12_h24_k2_ddense_s2.txt,12,24,2,dense,2,approx,0.003406,117,success
g12_h24_k2_dmedium_s0.txt,12,24,2,medium,0,approx,0.002989,183,success
g12_h24_k2_dmedium_s1.txt,12,24,2,medium,1,approx,0.002992,161,success
g12_h24_k2_dmedium_s2.txt,12,24,2,medium,2,approx,0.002756,127,success
g12_h24_k2_dsparse_s0.txt,12,24,2,sparse,0,approx,0.002893,98,success
g12_h24_k2_dsparse_s1.txt,12,24,2,sparse,1,approx,0.003085,46,success
g12_h24_k2_dsparse_s2.txt,12,24,2,sparse,2,approx,0.002997,88,success
g9_h18_k3_ddense_s0.txt,9,18,3,dense,0,approx,0.002681,67,success
g9_h18_k3_ddense_s1.txt,9,18,3,dense,1,approx,0.002659,71,success
g9_h18_k3_ddense_s2.txt,9,18,3,dense,2,approx,0.002794,73,success
g9_h18_k3_dmedium_s0.txt,9,18,3,medium,0,approx,0.002759,135,success
g9_h18_k3_dmedium_s1.txt,9,18,3,medium,1,approx,0.002818,128,success
g9_h18_k3_dmedium_s2.txt,9,18,3,medium,2,approx,0.002993,83,success
g9_h18_k3_dsparse_s0.txt,9,18,3,sparse,0,approx,0.002800,27,success
g9_h18_k3_dsparse_s1.txt,9,18,3,sparse,1,approx,0.002906,59,success
g9_h18_k3_dsparse_s2.txt,9,18,3,sparse,2,approx,0.003118,83,success
g4_h10_k10_ddense_s0.txt,4,10,10,dense,0,exact,0,-1,"complexity_skip (complexity=2.94e+30, threshold=3.60e+05)"
g4_h10_k10_ddense_s0.txt,4,10,10,dense,0,approx,0.002967,60,success
g4_h10_k10_ddense_s1.txt,4,10,10,dense,1,exact,0,-1,"complexity_skip (complexity=2.94e+30, threshold=3.60e+05)"
g4_h10_k10_ddense_s1.txt,4,10,10,dense,1,approx,0.002881,70,success
g4_h10_k10_ddense_s2.txt,4,10,10,dense,2,exact,0,-1,"complexity_skip (complexity=2.94e+30, threshold=3.60e+05)"
g4_h10_k10_ddense_s2.txt,4,10,10,dense,2,approx,0.002738,72,success
g4_h10_k10_dmedium_s0.txt,4,10,10,medium,0,exact,0,-1,"complexity_skip (complexity=2.94e+30, threshold=3.60e+05)"
g4_h10_k10_dmedium_s0.txt,4,10,10,medium,0,approx,0.003205,58,success
g4_h10_k10_dmedium_s1.txt,4,10,10,medium,1,exact,0,-1,"complexity_skip (complexity=2.94e+30, threshold=3.60e+05)"
g4_h10_k10_dmedium_s1.txt,4,10,10,medium,1,approx,0.002856,38,success
g4_h10_k10_dmedium_s2.txt,4,10,10,medium,2,exact,0,-1,"complexity_skip (complexity=2.94e+30, threshold=3.60e+05)"
g4_h10_k10_dmedium_s2.txt,4,10,10,medium,2,approx,0.002899,60,success
g4_h10_k10_dsparse_s0.txt,4,10,10,sparse,0,exact,0,-1,"complexity_skip (complexity=2.94e+30, threshold=3.60e+05)"
g4_h10_k10_dsparse_s0.txt,4,10,10,sparse,0,approx,0.002574,18,success
g4_h10_k10_dsparse_s1.txt,4,10,10,sparse,1,exact,0,-1,"complexity_skip (complexity=2.94e+30, threshold=3.60e+05)"
g4_h10_k10_dsparse_s1.txt,4,10,10,sparse,1,approx,0.002991,29,success
g4_h10_k10_dsparse_s2.txt,4,10,10,sparse,2,exact,0,-1,"complexity_skip (complexity=2.94e+30, threshold=3.60e+05)"
g4_h10_k10_dsparse_s2.txt,4,10,10,sparse,2,approx,0.003000,20,success
g5_h15_k6_ddense_s0.txt,5,15,6,dense,0,exact,0,-1,"complexity_skip (complexity=3.04e+30, threshold=3.60e+05)"
g5_h15_k6_ddense_s0.txt,5,15,6,dense,0,approx,0.003117,53,success
g5_h15_k6_ddense_s1.txt,5,15,6,dense,1,exact,0,-1,"complexity_skip (complexity=3.04e+30, threshold=3.60e+05)"
g5_h15_k6_ddense_s1.txt,5,15,6,dense,1,approx,0.002759,34,success
g5_h15_k6_ddense_s2.txt,5,15,6,dense,2,exact,0,-1,"complexity_skip (complexity=3.04e+30, threshold=3.60e+05)"
g5_h15_k6_ddense_s2.txt,5,15,6,dense,2,approx,0.002804,61,success
g5_h15_k6_dmedium_s0.txt,5,15,6,medium,0,exact,0,-1,"complexity_skip (complexity=3.04e+30, threshold=3.60e+05)"
g5_h15_k6_dmedium_s0.txt,5,15,6,medium,0,approx,0.002922,40,success
g5_h15_k6_dmedium_s1.txt,5,15,6,medium,1,exact,0,-1,"complexity_skip (complexity=3.04e+30, threshold=3.60e+05)"
g5_h15_k6_dmedium_s1.txt,5,15,6,medium,1,approx,0.003847,50,success
g5_h15_k6_dmedium_s2.txt,5,15,6,medium,2,exact,0,-1,"complexity_skip (complexity=3.04e+30, threshold=3.60e+05)"
g5_h15_k6_dmedium_s2.txt,5,15,6,medium,2,approx,0.003162,70,success
g5_h15_k6_dsparse_s0.txt,5,15,6,sparse,0,exact,0,-1,"complexity_skip (complexity=3.04e+30, threshold=3.60e+05)"
g5_h15_k6_dsparse_s0.txt,5,15,6,sparse,0,approx,0.002793,45,success
g5_h15_k6_dsparse_s1.txt,5,15,6,sparse,1,exact,0,-1,"complexity_skip (complexity=3.04e+30, threshold=3.60e+05)"
g5_h15_k6_dsparse_s1.txt,5,15,6,sparse,1,approx,0.002724,20,success
g5_h15_k6_dsparse_s2.txt,5,15,6,sparse,2,exact,0,-1,"complexity_skip (complexity=3.04e+30, threshold=3.60e+05)"
g5_h15_k6_dsparse_s2.txt,5,15,6,sparse,2,approx,0.003069,49,success
g6_h24_k4_ddense_s0.txt,6,24,4,dense,0,exact,0,-1,"complexity_skip (complexity=3.67e+30, threshold=3.60e+05)"
g6_h24_k4_ddense_s0.txt,6,24,4,dense,0,approx,0.003020,31,success
g6_h24_k4_ddense_s1.txt,6,24,4,dense,1,exact,0,-1,"complexity_skip (complexity=3.67e+30, threshold=3.60e+05)"
g6_h24_k4_ddense_s1.txt,6,24,4,dense,1,approx,0.003422,29,success
g6_h24_k4_ddense_s2.txt,6,24,4,dense,2,exact,0,-1,"complexity_skip (complexity=3.67e+30, threshold=3.60e+05)"
g6_h24_k4_ddense_s2.txt,6,24,4,dense,2,approx,0.003092,32,success
g6_h24_k4_dmedium_s0.txt,6,24,4,medium,0,exact,0,-1,"complexity_skip (complexity=3.67e+30, threshold=3.60e+05)"
g6_h24_k4_dmedium_s0.txt,6,24,4,medium,0,approx,0.004687,46,success
g6_h24_k4_dmedium_s1.txt,6,24,4,medium,1,exact,0,-1,"complexity_skip (complexity=3.67e+30, threshold=3.60e+05)"
g6_h24_k4_dmedium_s1.txt,6,24,4,medium,1,approx,0.004348,62,success
g6_h24_k4_dmedium_s2.txt,6,24,4,medium,2,exact,0,-1,"complexity_skip (complexity=3.67e+30, threshold=3.60e+05)"
g6_h24_k4_dmedium_s2.txt,6,24,4,medium,2,approx,0.005991,47,success
g6_h24_k4_dsparse_s0.txt,6,24,4,sparse,0,exact,0,-1,"complexity_skip (complexity=3.67e+30, threshold=3.60e+05)"
g6_h24_k4_dsparse_s0.txt,6,24,4,sparse,0,approx,0.004995,38,success
g6_h24_k4_dsparse_s1.txt,6,24,4,sparse,1,exact,0,-1,"complexity_skip (complexity=3.67e+30, threshold=3.60e+05)"
g6_h24_k4_dsparse_s1.txt,6,24,4,sparse,1,approx,0.003406,20,success
g6_h24_k4_dsparse_s2.txt,6,24,4,sparse,2,exact,0,-1,"complexity_skip (complexity=3.67e+30, threshold=3.60e+05)"
g6_h24_k4_dsparse_s2.txt,6,24,4,sparse,2,approx,0.002967,26,success
g7_h17_k4_ddense_s0.txt,7,17,4,dense,0,approx,0.002926,40,success
g7_h17_k4_ddense_s1.txt,7,17,4,dense,1,approx,0.002976,45,success
g7_h17_k4_ddense_s2.txt,7,17,4,dense,2,approx,0.003234,59,success
g7_h17_k4_dmedium_s0.txt,7,17,4,medium,0,approx,0.003161,43,success
g7_h17_k4_dmedium_s1.txt,7,17,4,medium,1,approx,0.002574,76,success
g7_h17_k4_dmedium_s2.txt,7,17,4,medium,2,approx,0.002580,53,success
g7_h17_k4_dsparse_s0.txt,7,17,4,sparse,0,approx,0.002564,54,success
g7_h17_k4_dsparse_s1.txt,7,17,4,sparse,1,approx,0.002893,37,success
g7_h17_k4_dsparse_s2.txt,7,17,4,sparse,2,approx,0.002861,21,success
g8_h24_k3_ddense_s0.txt,8,24,3,dense,0,approx,0.002842,64,success
g8_h24_k3_ddense_s1.txt,8,24,3,dense,1,approx,0.002904,60,success
g8_h24_k3_ddense_s2.txt,8,24,3,dense,2,approx,0.002772,57,success
g8_h24_k3_dmedium_s0.txt,8,24,3,medium,0,approx,0.002925,80,success
g8_h24_k3_dmedium_s1.txt,8,24,3,medium,1,approx,0.003078,82,success
g8_h24_k3_dmedium_s2.txt,8,24,3,medium,2,approx,0.002741,80,success
g8_h24_k3_dsparse_s0.txt,8,24,3,sparse,0,approx,0.002782,52,success
g8_h24_k3_dsparse_s1.txt,8,24,3,sparse,1,approx,0.002799,32,success
g8_h24_k3_dsparse_s2.txt,8,24,3,sparse,2,approx,0.003065,36,success
g10_h40_k2_ddense_s0.txt,10,40,2,dense,0,approx,0.003481,70,success
g10_h40_k2_ddense_s1.txt,10,40,2,dense,1,approx,0.003068,82,success
g10_h40_k2_ddense_s2.txt,10,40,2,dense,2,approx,0.003273,79,success
g10_h40_k2_dmedium_s0.txt,10,40,2,medium,0,approx,0.003505,96,success
g10_h40_k2_dmedium_s1.txt,10,40,2,medium,1,approx,0.003692,93,success
g10_h40_k2_dmedium_s2.txt,10,40,2,medium,2,approx,0.003461,100,success
g10_h40_k2_dsparse_s0.txt,10,40,2,sparse,0,approx,0.007916,66,success
g10_h40_k2_dsparse_s1.txt,10,40,2,sparse,1,approx,0.009786,71,success
g10_h40_k2_dsparse_s2.txt,10,40,2,sparse,2,approx,0.012548,55,success
g6_h15_k5_ddense_s0.txt,6,15,5,dense,0,exact,0,-1,"complexity_skip (complexity=5.06e+30, threshold=3.60e+05)"
g6_h15_k5_ddense_s0.txt,6,15,5,dense,0,approx,0.005340,51,success
g6_h15_k5_ddense_s1.txt,6,15,5,dense,1,exact,0,-1,"complexity_skip (complexity=5.06e+30, threshold=3.60e+05)"
g6_h15_k5_ddense_s1.txt,6,15,5,dense,1,approx,0.003844,33,success
g6_h15_k5_ddense_s2.txt,6,15,5,dense,2,exact,0,-1,"complexity_skip (complexity=5.06e+30, threshold=3.60e+05)"
g6_h15_k5_ddense_s2.txt,6,15,5,dense,2,approx,0.003081,31,success
g6_h15_k5_dmedium_s0.txt,6,15,5,medium,0,exact,0,-1,"complexity_skip (complexity=5.06e+30, threshold=3.60e+05)"
g6_h15_k5_dmedium_s0.txt,6,15,5,medium,0,approx,0.002801,44,success
g6_h15_k5_dmedium_s1.txt,6,15,5,medium,1,exact,0,-1,"complexity_skip (complexity=5.06e+30, threshold=3.60e+05)"
g6_h15_k5_dmedium_s1.txt,6,15,5,medium,1,approx,0.002909,67,success
g6_h15_k5_dmedium_s2.txt,6,15,5,medium,2,exact,0,-1,"complexity_skip (complexity=5.06e+30, threshold=3.60e+05)"
g6_h15_k5_dmedium_s2.txt,6,15,5,medium,2,approx,0.002856,78,success
g6_h15_k5_dsparse_s0.txt,6,15,5,sparse,0,exact,0,-1,"complexity_skip (complexity=5.06e+30, threshold=3.60e+05)"
g6_h15_k5_dsparse_s0.txt,6,15,5,sparse,0,approx,0.002622,22,success
g6_h15_k5_dsparse_s1.txt,6,15,5,sparse,1,exact,0,-1,"complexity_skip (complexity=5.06e+30, threshold=3.60e+05)"
g6_h15_k5_dsparse_s1.txt,6,15,5,sparse,1,approx,0.002514,52,success
g6_h15_k5_dsparse_s2.txt,6,15,5,sparse,2,exact,0,-1,"complexity_skip (complexity=5.06e+30, threshold=3.60e+05)"
g6_h15_k5_dsparse_s2.txt,6,15,5,sparse,2,approx,0.002463,39,success
g4_h12_k9_ddense_s0.txt,4,12,9,dense,0,exact,0,-1,"complexity_skip (complexity=1.30e+31, threshold=3.60e+05)"
g4_h12_k9_ddense_s0.txt,4,12,9,dense,0,approx,0.002421,53,success
g4_h12_k9_ddense_s1.txt,4,12,9,dense,1,exact,0,-1,"complexity_skip (complexity=1.30e+31, threshold=3.60e+05)"
g4_h12_k9_ddense_s1.txt,4,12,9,dense,1,approx,0.002586,57,success
g4_h12_k9_ddense_s2.txt,4,12,9,dense,2,exact,0,-1,"complexity_skip (complexity=1.30e+31, threshold=3.60e+05)"
g4_h12_k9_ddense_s2.txt,4,12,9,dense,2,approx,0.002398,75,success
g4_h12_k9_dmedium_s0.txt,4,12,9,medium,0,exact,0,-1,"complexity_skip (complexity=1.30e+31, threshold=3.60e+05)"
g4_h12_k9_dmedium_s0.txt,4,12,9,medium,0,approx,0.002499,60,success
g4_h12_k9_dmedium_s1.txt,4,12,9,medium,1,exact,0,-1,"complexity_skip (complexity=1.30e+31, threshold=3.60e+05)"
g4_h12_k9_dmedium_s1.txt,4,12,9,medium,1,approx,0.002439,56,success
g4_h12_k9_dmedium_s2.txt,4,12,9,medium,2,exact,0,-1,"complexity_skip (complexity=1.30e+31, threshold=3.60e+05)"
g4_h12_k9_dmedium_s2.txt,4,12,9,medium,2,approx,0.002435,61,success
g4_h12_k9_dsparse_s0.txt,4,12,9,sparse,0,exact,0,-1,"complexity_skip (complexity=1.30e+31, threshold=3.60e+05)"
g4_h12_k9_dsparse_s0.txt,4,12,9,sparse,0,approx,0.002499,0,success
g4_h12_k9_dsparse_s1.txt,4,12,9,sparse,1,exact,0,-1,"complexity_skip (complexity=1.30e+31, threshold=3.60e+05)"
g4_h12_k9_dsparse_s1.txt,4,12,9,sparse,1,approx,0.002566,12,success
g4_h12_k9_dsparse_s2.txt,4,12,9,sparse,2,exact,0,-1,"complexity_skip (complexity=1.30e+31, threshold=3.60e+05)"
g4_h12_k9_dsparse_s2.txt,4,12,9,sparse,2,approx,0.002393,0,success
g5_h12_k7_ddense_s0.txt,5,12,7,dense,0,exact,0,-1,"complexity_skip (complexity=1.39e+31, threshold=3.60e+05)"
g5_h12_k7_ddense_s0.txt,5,12,7,dense,0,approx,0.002487,68,success
g5_h12_k7_ddense_s1.txt,5,12,7,dense,1,exact,0,-1,"complexity_skip (complexity=1.39e+31, threshold=3.60e+05)"
g5_h12_k7_ddense_s1.txt,5,12,7,dense,1,approx,0.002931,48,success
g5_h12_k7_ddense_s2.txt,5,12,7,dense,2,exact,0,-1,"complexity_skip (complexity=1.39e+31, threshold=3.60e+05)"
g5_h12_k7_ddense_s2.txt,5,12,7,dense,2,approx,0.002543,61,success
g5_h12_k7_dmedium_s0.txt,5,12,7,medium,0,exact,0,-1,"complexity_skip (complexity=1.39e+31, threshold=3.60e+05)"
g5_h12_k7_dmedium_s0.txt,5,12,7,medium,0,approx,0.002594,59,success
g5_h12_k7_dmedium_s1.txt,5,12,7,medium,1,exact,0,-1,"complexity_skip (complexity=1.39e+31, threshold=3.60e+05)"
g5_h12_k7_dmedium_s1.txt,5,12,7,medium,1,approx,0.002654,41,success
g5_h12_k7_dmedium_s2.txt,5,12,7,medium,2,exact,0,-1,"complexity_skip (complexity=1.39e+31, threshold=3.60e+05)"
g5_h12_k7_dmedium_s2.txt,5,12,7,medium,2,approx,0.002470,50,success
g5_h12_k7_dsparse_s0.txt,5,12,7,sparse,0,exact,0,-1,"complexity_skip (complexity=1.39e+31, threshold=3.60e+05)"
g5_h12_k7_dsparse_s0.txt,5,12,7,sparse,0,approx,0.002670,38,success
g5_h12_k7_dsparse_s1.txt,5,12,7,sparse,1,exact,0,-1,"complexity_skip (complexity=1.39e+31, threshold=3.60e+05)"
g5_h12_k7_dsparse_s1.txt,5,12,7,sparse,1,approx,0.002430,24,success
g5_h12_k7_dsparse_s2.txt,5,12,7,sparse,2,exact,0,-1,"complexity_skip (complexity=1.39e+31, threshold=3.60e+05)"
g5_h12_k7_dsparse_s2.txt,5,12,7,sparse,2,approx,0.002483,28,success
g5_h10_k8_ddense_s0.txt,5,10,8,dense,0,exact,0,-1,"complexity_skip (complexity=1.74e+31, threshold=3.60e+05)"
g5_h10_k8_ddense_s0.txt,5,10,8,dense,0,approx,0.002546,40,success
g5_h10_k8_ddense_s1.txt,5,10,8,dense,1,exact,0,-1,"complexity_skip (complexity=1.74e+31, threshold=3.60e+05)"
g5_h10_k8_ddense_s1.txt,5,10,8,dense,1,approx,0.002473,74,success
g5_h10_k8_ddense_s2.txt,5,10,8,dense,2,exact,0,-1,"complexity_skip (complexity=1.74e+31, threshold=3.60e+05)"
g5_h10_k8_ddense_s2.txt,5,10,8,dense,2,approx,0.002373,71,success
g5_h10_k8_dmedium_s0.txt,5,10,8,medium,0,exact,0,-1,"complexity_skip (complexity=1.74e+31, threshold=3.60e+05)"
g5_h10_k8_dmedium_s0.txt,5,10,8,medium,0,approx,0.002602,62,success
g5_h10_k8_dmedium_s1.txt,5,10,8,medium,1,exact,0,-1,"complexity_skip (complexity=1.74e+31, threshold=3.60e+05)"
g5_h10_k8_dmedium_s1.txt,5,10,8,medium,1,approx,0.002608,58,success
g5_h10_k8_dmedium_s2.txt,5,10,8,medium,2,exact,0,-1,"complexity_skip (complexity=1.74e+31, threshold=3.60e+05)"
g5_h10_k8_dmedium_s2.txt,5,10,8,medium,2,approx,0.002460,71,success
g5_h10_k8_dsparse_s0.txt,5,10,8,sparse,0,exact,0,-1,"complexity_skip (complexity=1.74e+31, threshold=3.60e+05)"
g5_h10_k8_dsparse_s0.txt,5,10,8,sparse,0,approx,0.002547,44,success
g5_h10_k8_dsparse_s1.txt,5,10,8,sparse,1,exact,0,-1,"complexity_skip (complexity=1.74e+31, threshold=3.60e+05)"
g5_h10_k8_dsparse_s1.txt,5,10,8,sparse,1,approx,0.002512,9,success
g5_h10_k8_dsparse_s2.txt,5,10,8,sparse,2,exact,0,-1,"complexity_skip (complexity=1.74e+31, threshold=3.60e+05)"
g5_h10_k8_dsparse_s2.txt,5,10,8,sparse,2,approx,0.002578,25,success
g7_h10_k6_ddense_s0.txt,7,10,6,dense,0,approx,0.002575,66,success
g7_h10_k6_ddense_s1.txt,7,10,6,dense,1,approx,0.002538,59,success
g7_h10_k6_ddense_s2.txt,7,10,6,dense,2,approx,0.002513,62,success
g7_h10_k6_dmedium_s0.txt,7,10,6,medium,0,approx,0.002839,61,success
g7_h10_k6_dmedium_s1.txt,7,10,6,medium,1,approx,0.002809,104,success
g7_h10_k6_dmedium_s2.txt,7,10,6,medium,2,approx,0.002920,105,success
g7_h10_k6_dsparse_s0.txt,7,10,6,sparse,0,approx,0.002699,95,success
g7_h10_k6_dsparse_s1.txt,7,10,6,sparse,1,approx,0.002419,71,success
g7_h10_k6_dsparse_s2.txt,7,10,6,sparse,2,approx,0.002461,76,success
g6_h12_k6_ddense_s0.txt,6,12,6,dense,0,exact,0,-1,"complexity_skip (complexity=1.20e+32, threshold=3.60e+05)"
g6_h12_k6_ddense_s0.txt,6,12,6,dense,0,approx,0.002436,35,success
g6_h12_k6_ddense_s1.txt,6,12,6,dense,1,exact,0,-1,"complexity_skip (complexity=1.20e+32, threshold=3.60e+05)"
g6_h12_k6_ddense_s1.txt,6,12,6,dense,1,approx,0.002483,37,success
g6_h12_k6_ddense_s2.txt,6,12,6,dense,2,exact,0,-1,"complexity_skip (complexity=1.20e+32, threshold=3.60e+05)"
g6_h12_k6_ddense_s2.txt,6,12,6,dense,2,approx,0.002700,36,success
g6_h12_k6_dmedium_s0.txt,6,12,6,medium,0,exact,0,-1,"complexity_skip (complexity=1.20e+32, threshold=3.60e+05)"
g6_h12_k6_dmedium_s0.txt,6,12,6,medium,0,approx,0.002501,108,success
g6_h12_k6_dmedium_s1.txt,6,12,6,medium,1,exact,0,-1,"complexity_skip (complexity=1.20e+32, threshold=3.60e+05)"
g6_h12_k6_dmedium_s1.txt,6,12,6,medium,1,approx,0.002833,40,success
g6_h12_k6_dmedium_s2.txt,6,12,6,medium,2,exact,0,-1,"complexity_skip (complexity=1.20e+32, threshold=3.60e+05)"
g6_h12_k6_dmedium_s2.txt,6,12,6,medium,2,approx,0.002727,104,success
g6_h12_k6_dsparse_s0.txt,6,12,6,sparse,0,exact,0,-1,"complexity_skip (complexity=1.20e+32, threshold=3.60e+05)"
g6_h12_k6_dsparse_s0.txt,6,12,6,sparse,0,approx,0.002486,56,success
g6_h12_k6_dsparse_s1.txt,6,12,6,sparse,1,exact,0,-1,"complexity_skip (complexity=1.20e+32, threshold=3.60e+05)"
g6_h12_k6_dsparse_s1.txt,6,12,6,sparse,1,approx,0.002577,78,success
g6_h12_k6_dsparse_s2.txt,6,12,6,sparse,2,exact,0,-1,"complexity_skip (complexity=1.20e+32, threshold=3.60e+05)"
g6_h12_k6_dsparse_s2.txt,6,12,6,sparse,2,approx,0.002383,28,success
g9_h13_k4_ddense_s0.txt,9,13,4,dense,0,approx,0.002640,92,success
g9_h13_k4_ddense_s1.txt,9,13,4,dense,1,approx,0.002795,77,success
g9_h13_k4_ddense_s2.txt,9,13,4,dense,2,approx,0.002672,125,success
g9_h13_k4_dmedium_s0.txt,9,13,4,medium,0,approx,0.002538,116,success
g9_h13_k4_dmedium_s1.txt,9,13,4,medium,1,approx,0.002854,138,success
g9_h13_k4_dmedium_s2.txt,9,13,4,medium,2,approx,0.002644,138,success
g9_h13_k4_dsparse_s0.txt,9,13,4,sparse,0,approx,0.002971,79,success
g9_h13_k4_dsparse_s1.txt,9,13,4,sparse,1,approx,0.002854,68,success
g9_h13_k4_dsparse_s2.txt,9,13,4,sparse,2,approx,0.002943,132,success
g4_h16_k8_ddense_s0.txt,4,16,8,dense,0,exact,0,-1,"complexity_skip (complexity=3.29e+32, threshold=3.60e+05)"
g4_h16_k8_ddense_s0.txt,4,16,8,dense,0,approx,0.004696,56,success
g4_h16_k8_ddense_s1.txt,4,16,8,dense,1,exact,0,-1,"complexity_skip (complexity=3.29e+32, threshold=3.60e+05)"
g4_h16_k8_ddense_s1.txt,4,16,8,dense,1,approx,0.003531,34,success
g4_h16_k8_ddense_s2.txt,4,16,8,dense,2,exact,0,-1,"complexity_skip (complexity=3.29e+32, threshold=3.60e+05)"
g4_h16_k8_ddense_s2.txt,4,16,8,dense,2,approx,0.003540,50,success
g4_h16_k8_dmedium_s0.txt,4,16,8,medium,0,exact,0,-1,"complexity_skip (complexity=3.29e+32, threshold=3.60e+05)"
g4_h16_k8_dmedium_s0.txt,4,16,8,medium,0,approx,0.003016,55,success
g4_h16_k8_dmedium_s1.txt,4,16,8,medium,1,exact,0,-1,"complexity_skip (complexity=3.29e+32, threshold=3.60e+05)"
g4_h16_k8_dmedium_s1.txt,4,16,8,medium,1,approx,0.002710,31,success
g4_h16_k8_dmedium_s2.txt,4,16,8,medium,2,exact,0,-1,"complexity_skip (complexity=3.29e+32, threshold=3.60e+05)"
g4_h16_k8_dmedium_s2.txt,4,16,8,medium,2,approx,0.002842,59,success
g4_h16_k8_dsparse_s0.txt,4,16,8,sparse,0,exact,0,-1,"complexity_skip (complexity=3.29e+32, threshold=3.60e+05)"
g4_h16_k8_dsparse_s0.txt,4,16,8,sparse,0,approx,0.002604,19,success
g4_h16_k8_dsparse_s1.txt,4,16,8,sparse,1,exact,0,-1,"complexity_skip (complexity=3.29e+32, threshold=3.60e+05)"
g4_h16_k8_dsparse_s1.txt,4,16,8,sparse,1,approx,0.003009,22,success
g4_h16_k8_dsparse_s2.txt,4,16,8,sparse,2,exact,0,-1,"complexity_skip (complexity=3.29e+32, threshold=3.60e+05)"
g4_h16_k8_dsparse_s2.txt,4,16,8,sparse,2,approx,0.003005,0,success
g12_h30_k2_ddense_s0.txt,12,30,2,dense,0,approx,0.003181,121,success
g12_h30_k2_ddense_s1.txt,12,30,2,dense,1,approx,0.003072,99,success
g12_h30_k2_ddense_s2.txt,12,30,2,dense,2,approx,0.003004,125,success
g12_h30_k2_dmedium_s0.txt,12,30,2,medium,0,approx,0.003331,93,success
g12_h30_k2_dmedium_s1.txt,12,30,2,medium,1,approx,0.003046,124,success
g12_h30_k2_dmedium_s2.txt,12,30,2,medium,2,approx,0.003159,159,success
g12_h30_k2_dsparse_s0.txt,12,30,2,sparse,0,approx,0.002993,51,success
g12_h30_k2_dsparse_s1.txt,12,30,2,sparse,1,approx,0.003003,109,success
g12_h30_k2_dsparse_s2.txt,12,30,2,sparse,2,approx,0.002928,93,success
g9_h22_k3_ddense_s0.txt,9,22,3,dense,0,approx,0.002660,87,success
g9_h22_k3_ddense_s1.txt,9,22,3,dense,1,approx,0.003048,92,success
g9_h22_k3_ddense_s2.txt,9,22,3,dense,2,approx,0.002658,71,success
g9_h22_k3_dmedium_s0.txt,9,22,3,medium,0,approx,0.002836,98,success
g9_h22_k3_dmedium_s1.txt,9,22,3,medium,1,approx,0.002925,118,success
g9_h22_k3_dmedium_s2.txt,9,22,3,medium,2,approx,0.002815,66,success
g9_h22_k3_dsparse_s0.txt,9,22,3,sparse,0,approx,0.002671,41,success
g9_h22_k3_dsparse_s1.txt,9,22,3,sparse,1,approx,0.002560,67,success
g9_h22_k3_dsparse_s2.txt,9,22,3,sparse,2,approx,0.002739,48,success
g8_h16_k4_ddense_s0.txt,8,16,4,dense,0,approx,0.002623,72,success
g8_h16_k4_ddense_s1.txt,8,16,4,dense,1,approx,0.002573,53,success
g8_h16_k4_ddense_s2.txt,8,16,4,dense,2,approx,0.002668,63,success
g8_h16_k4_dmedium_s0.txt,8,16,4,medium,0,approx,0.002695,87,success
g8_h16_k4_dmedium_s1.txt,8,16,4,medium,1,approx,0.002903,98,success
g8_h16_k4_dmedium_s2.txt,8,16,4,medium,2,approx,0.002658,79,success
g8_h16_k4_dsparse_s0.txt,8,16,4,sparse,0,approx,0.002468,74,success
g8_h16_k4_dsparse_s1.txt,8,16,4,sparse,1,approx,0.002503,85,success
g8_h16_k4_dsparse_s2.txt,8,16,4,sparse,2,approx,0.002467,57,success
g6_h18_k5_ddense_s0.txt,6,18,5,dense,0,exact,0,-1,"complexity_skip (complexity=3.55e+33, threshold=3.60e+05)"
g6_h18_k5_ddense_s0.txt,6,18,5,dense,0,approx,0.002574,41,success
g6_h18_k5_ddense_s1.txt,6,18,5,dense,1,exact,0,-1,"complexity_skip (complexity=3.55e+33, threshold=3.60e+05)"
g6_h18_k5_ddense_s1.txt,6,18,5,dense,1,approx,0.002589,21,success
g6_h18_k5_ddense_s2.txt,6,18,5,dense,2,exact,0,-1,"complexity_skip (complexity=3.55e+33, threshold=3.60e+05)"
g6_h18_k5_ddense_s2.txt,6,18,5,dense,2,approx,0.002526,39,success
g6_h18_k5_dmedium_s0.txt,6,18,5,medium,0,exact,0,-1,"complexity_skip (complexity=3.55e+33, threshold=3.60e+05)"
g6_h18_k5_dmedium_s0.txt,6,18,5,medium,0,approx,0.002489,41,success
g6_h18_k5_dmedium_s1.txt,6,18,5,medium,1,exact,0,-1,"complexity_skip (complexity=3.55e+33, threshold=3.60e+05)"
g6_h18_k5_dmedium_s1.txt,6,18,5,medium,1,approx,0.002681,38,success
g6_h18_k5_dmedium_s2.txt,6,18,5,medium,2,exact,0,-1,"complexity_skip (complexity=3.55e+33, threshold=3.60e+05)"
g6_h18_k5_dmedium_s2.txt,6,18,5,medium,2,approx,0.002585,52,success
g6_h18_k5_dsparse_s0.txt,6,18,5,sparse,0,exact,0,-1,"complexity_skip (complexity=3.55e+33, threshold=3.60e+05)"
g6_h18_k5_dsparse_s0.txt,6,18,5,sparse,0,approx,0.002628,86,success
g6_h18_k5_dsparse_s1.txt,6,18,5,sparse,1,exact,0,-1,"complexity_skip (complexity=3.55e+33, threshold=3.60e+05)"
g6_h18_k5_dsparse_s1.txt,6,18,5,sparse,1,approx,0.002733,26,success
g6_h18_k5_dsparse_s2.txt,6,18,5,sparse,2,exact,0,-1,"complexity_skip (complexity=3.55e+33, threshold=3.60e+05)"
g6_h18_k5_dsparse_s2.txt,6,18,5,sparse,2,approx,0.002716,41,success
g6_h9_k8_ddense_s0.txt,6,9,8,dense,0,exact,0,-1,"complexity_skip (complexity=4.44e+33, threshold=3.60e+05)"
g6_h9_k8_ddense_s0.txt,6,9,8,dense,0,approx,0.002690,35,success
g6_h9_k8_ddense_s1.txt,6,9,8,dense,1,exact,0,-1,"complexity_skip (complexity=4.44e+33, threshold=3.60e+05)"
g6_h9_k8_ddense_s1.txt,6,9,8,dense,1,approx,0.002617,41,success
g6_h9_k8_ddense_s2.txt,6,9,8,dense,2,exact,0,-1,"complexity_skip (complexity=4.44e+33, threshold=3.60e+05)"
g6_h9_k8_ddense_s2.txt,6,9,8,dense,2,approx,0.002602,52,success
g6_h9_k8_dmedium_s0.txt,6,9,8,medium,0,exact,0,-1,"complexity_skip (complexity=4.44e+33, threshold=3.60e+05)"
g6_h9_k8_dmedium_s0.txt,6,9,8,medium,0,approx,0.002997,68,success
g6_h9_k8_dmedium_s1.txt,6,9,8,medium,1,exact,0,-1,"complexity_skip (complexity=4.44e+33, threshold=3.60e+05)"
g6_h9_k8_dmedium_s1.txt,6,9,8,medium,1,approx,0.002719,51,success
g6_h9_k8_dmedium_s2.txt,6,9,8,medium,2,exact,0,-1,"complexity_skip (complexity=4.44e+33, threshold=3.60e+05)"
g6_h9_k8_dmedium_s2.txt,6,9,8,medium,2,approx,0.004134,66,success
g6_h9_k8_dsparse_s0.txt,6,9,8,sparse,0,exact,0,-1,"complexity_skip (complexity=4.44e+33, threshold=3.60e+05)"
g6_h9_k8_dsparse_s0.txt,6,9,8,sparse,0,approx,0.003156,59,success
g6_h9_k8_dsparse_s1.txt,6,9,8,sparse,1,exact,0,-1,"complexity_skip (complexity=4.44e+33, threshold=3.60e+05)"
g6_h9_k8_dsparse_s1.txt,6,9,8,sparse,1,approx,0.003060,49,success
g6_h9_k8_dsparse_s2.txt,6,9,8,sparse,2,exact,0,-1,"complexity_skip (complexity=4.44e+33, threshold=3.60e+05)"
g6_h9_k8_dsparse_s2.txt,6,9,8,sparse,2,approx,0.002753,44,success
g7_h21_k4_ddense_s0.txt,7,21,4,dense,0,approx,0.002774,56,success
g7_h21_k4_ddense_s1.txt,7,21,4,dense,1,approx,0.004206,57,success
g7_h21_k4_ddense_s2.txt,7,21,4,dense,2,approx,0.002747,43,success
g7_h21_k4_dmedium_s0.txt,7,21,4,medium,0,approx,0.003372,53,success
g7_h21_k4_dmedium_s1.txt,7,21,4,medium,1,approx,0.003028,77,success
g7_h21_k4_dmedium_s2.txt,7,21,4,medium,2,approx,0.002978,50,success
g7_h21_k4_dsparse_s0.txt,7,21,4,sparse,0,approx,0.002846,27,success
g7_h21_k4_dsparse_s1.txt,7,21,4,sparse,1,approx,0.002837,83,success
g7_h21_k4_dsparse_s2.txt,7,21,4,sparse,2,approx,0.002884,33,success
g8_h32_k3_ddense_s0.txt,8,32,3,dense,0,approx,0.003343,39,success
g8_h32_k3_ddense_s1.txt,8,32,3,dense,1,approx,0.003349,64,success
g8_h32_k3_ddense_s2.txt,8,32,3,dense,2,approx,0.003022,53,success
g8_h32_k3_dmedium_s0.txt,8,32,3,medium,0,approx,0.002986,81,success
g8_h32_k3_dmedium_s1.txt,8,32,3,medium,1,approx,0.003296,75,success
g8_h32_k3_dmedium_s2.txt,8,32,3,medium,2,approx,0.003166,77,success
g8_h32_k3_dsparse_s0.txt,8,32,3,sparse,0,approx,0.002915,38,success
g8_h32_k3_dsparse_s1.txt,8,32,3,sparse,1,approx,0.002920,38,success
g8_h32_k3_dsparse_s2.txt,8,32,3,sparse,2,approx,0.002942,58,success
g7_h14_k5_ddense_s0.txt,7,14,5,dense,0,approx,0.002703,50,success
g7_h14_k5_ddense_s1.txt,7,14,5,dense,1,approx,0.002553,52,success
g7_h14_k5_ddense_s2.txt,7,14,5,dense,2,approx,0.002576,56,success
g7_h14_k5_dmedium_s0.txt,7,14,5,medium,0,approx,0.002655,87,success
g7_h14_k5_dmedium_s1.txt,7,14,5,medium,1,approx,0.002489,113,success
g7_h14_k5_dmedium_s2.txt,7,14,5,medium,2,approx,0.002541,108,success
g7_h14_k5_dsparse_s0.txt,7,14,5,sparse,0,approx,0.002486,37,success
g7_h14_k5_dsparse_s1.txt,7,14,5,sparse,1,approx,0.002427,67,success
g7_h14_k5_dsparse_s2.txt,7,14,5,sparse,2,approx,0.002527,56,success
g4_h12_k10_ddense_s0.txt,4,12,10,dense,0,exact,0,-1,"complexity_skip (complexity=1.55e+34, threshold=3.60e+05)"
g4_h12_k10_ddense_s0.txt,4,12,10,dense,0,approx,0.002476,49,success
g4_h12_k10_ddense_s1.txt,4,12,10,dense,1,exact,0,-1,"complexity_skip (complexity=1.55e+34, threshold=3.60e+05)"
g4_h12_k10_ddense_s1.txt,4,12,10,dense,1,approx,0.002527,40,success
g4_h12_k10_ddense_s2.txt,4,12,10,dense,2,exact,0,-1,"complexity_skip (complexity=1.55e+34, threshold=3.60e+05)"
g4_h12_k10_ddense_s2.txt,4,12,10,dense,2,approx,0.002536,38,success
g4_h12_k10_dmedium_s0.txt,4,12,10,medium,0,exact,0,-1,"complexity_skip (complexity=1.55e+34, threshold=3.60e+05)"
g4_h12_k10_dmedium_s0.txt,4,12,10,medium,0,approx,0.002404,52,success
g4_h12_k10_dmedium_s1.txt,4,12,10,medium,1,exact,0,-1,"complexity_skip (complexity=1.55e+34, threshold=3.60e+05)"
g4_h12_k10_dmedium_s1.txt,4,12,10,medium,1,approx,0.002504,57,success
g4_h12_k10_dmedium_s2.txt,4,12,10,medium,2,exact,0,-1,"complexity_skip (complexity=1.55e+34, threshold=3.60e+05)"
g4_h12_k10_dmedium_s2.txt,4,12,10,medium,2,approx,0.002505,46,success
g4_h12_k10_dsparse_s0.txt,4,12,10,sparse,0,exact,0,-1,"complexity_skip (complexity=1.55e+34, threshold=3.60e+05)"
g4_h12_k10_dsparse_s0.txt,4,12,10,sparse,0,approx,0.002409,35,success
g4_h12_k10_dsparse_s1.txt,4,12,10,sparse,1,exact,0,-1,"complexity_skip (complexity=1.55e+34, threshold=3.60e+05)"
g4_h12_k10_dsparse_s1.txt,4,12,10,sparse,1,approx,0.002537,41,success
g4_h12_k10_dsparse_s2.txt,4,12,10,sparse,2,exact,0,-1,"complexity_skip (complexity=1.55e+34, threshold=3.60e+05)"
g4_h12_k10_dsparse_s2.txt,4,12,10,sparse,2,approx,0.002438,25,success
g15_h22_k2_ddense_s0.txt,15,22,2,dense,0,approx,0.002689,188,success
g15_h22_k2_ddense_s1.txt,15,22,2,dense,1,approx,0.002709,187,success
g15_h22_k2_ddense_s2.txt,15,22,2,dense,2,approx,0.002800,186,success
g15_h22_k2_dmedium_s0.txt,15,22,2,medium,0,approx,0.002692,268,success
g15_h22_k2_dmedium_s1.txt,15,22,2,medium,1,approx,0.002771,266,success
g15_h22_k2_dmedium_s2.txt,15,22,2,medium,2,approx,0.002698,255,success
g15_h22_k2_dsparse_s0.txt,15,22,2,sparse,0,approx,0.002688,126,success
g15_h22_k2_dsparse_s1.txt,15,22,2,sparse,1,approx,0.002688,126,success
g15_h22_k2_dsparse_s2.txt,15,22,2,sparse,2,approx,0.002667,107,success
g8_h12_k5_ddense_s0.txt,8,12,5,dense,0,approx,0.002546,82,success
g8_h12_k5_ddense_s1.txt,8,12,5,dense,1,approx,0.002502,73,success
g8_h12_k5_ddense_s2.txt,8,12,5,dense,2,approx,0.002405,104,success
g8_h12_k5_dmedium_s0.txt,8,12,5,medium,0,approx,0.002469,101,success
g8_h12_k5_dmedium_s1.txt,8,12,5,medium,1,approx,0.002432,86,success
g8_h12_k5_dmedium_s2.txt,8,12,5,medium,2,approx,0.002549,117,success
g8_h12_k5_dsparse_s0.txt,8,12,5,sparse,0,approx,0.002734,67,success
g8_h12_k5_dsparse_s1.txt,8,12,5,sparse,1,approx,0.002562,101,success
g8_h12_k5_dsparse_s2.txt,8,12,5,sparse,2,approx,0.002421,79,success
g10_h20_k3_ddense_s0.txt,10,20,3,dense,0,approx,0.002723,90,success
g10_h20_k3_ddense_s1.txt,10,20,3,dense,1,approx,0.002650,96,success
g10_h20_k3_ddense_s2.txt,10,20,3,dense,2,approx,0.002561,120,success
g10_h20_k3_dmedium_s0.txt,10,20,3,medium,0,approx,0.002694,140,success
g10_h20_k3_dmedium_s1.txt,10,20,3,medium,1,approx,0.002617,100,success
g10_h20_k3_dmedium_s2.txt,10,20,3,medium,2,approx,0.002844,117,success
g10_h20_k3_dsparse_s0.txt,10,20,3,sparse,0,approx,0.002545,113,success
g10_h20_k3_dsparse_s1.txt,10,20,3,sparse,1,approx,0.002551,117,success
g10_h20_k3_dsparse_s2.txt,10,20,3,sparse,2,approx,0.002648,39,success
g5_h20_k6_ddense_s0.txt,5,20,6,dense,0,exact,0,-1,"complexity_skip (complexity=5.76e+34, threshold=3.60e+05)"
g5_h20_k6_ddense_s0.txt,5,20,6,dense,0,approx,0.002616,60,success
g5_h20_k6_ddense_s1.txt,5,20,6,dense,1,exact,0,-1,"complexity_skip (complexity=5.76e+34, threshold=3.60e+05)"
g5_h20_k6_ddense_s1.txt,5,20,6,dense,1,approx,0.002620,55,success
g5_h20_k6_ddense_s2.txt,5,20,6,dense,2,exact,0,-1,"complexity_skip (complexity=5.76e+34, threshold=3.60e+05)"
g5_h20_k6_ddense_s2.txt,5,20,6,dense,2,approx,0.002558,45,success
g5_h20_k6_dmedium_s0.txt,5,20,6,medium,0,exact,0,-1,"complexity_skip (complexity=5.76e+34, threshold=3.60e+05)"
g5_h20_k6_dmedium_s0.txt,5,20,6,medium,0,approx,0.002631,37,success
g5_h20_k6_dmedium_s1.txt,5,20,6,medium,1,exact,0,-1,"complexity_skip (complexity=5.76e+34, threshold=3.60e+05)"
g5_h20_k6_dmedium_s1.txt,5,20,6,medium,1,approx,0.002528,43,success
g5_h20_k6_dmedium_s2.txt,5,20,6,medium,2,exact,0,-1,"complexity_skip (complexity=5.76e+34, threshold=3.60e+05)"
g5_h20_k6_dmedium_s2.txt,5,20,6,medium,2,approx,0.002505,27,success
g5_h20_k6_dsparse_s0.txt,5,20,6,sparse,0,exact,0,-1,"complexity_skip (complexity=5.76e+34, threshold=3.60e+05)"
g5_h20_k6_dsparse_s0.txt,5,20,6,sparse,0,approx,0.002582,15,success
g5_h20_k6_dsparse_s1.txt,5,20,6,sparse,1,exact,0,-1,"complexity_skip (complexity=5.76e+34, threshold=3.60e+05)"
g5_h20_k6_dsparse_s1.txt,5,20,6,sparse,1,approx,0.002608,32,success
g5_h20_k6_dsparse_s2.txt,5,20,6,sparse,2,exact,0,-1,"complexity_skip (complexity=5.76e+34, threshold=3.60e+05)"
g5_h20_k6_dsparse_s2.txt,5,20,6,sparse,2,approx,0.002507,18,success
g5_h10_k9_ddense_s0.txt,5,10,9,dense,0,exact,0,-1,"complexity_skip (complexity=5.83e+34, threshold=3.60e+05)"
g5_h10_k9_ddense_s0.txt,5,10,9,dense,0,approx,0.002400,53,success
g5_h10_k9_ddense_s1.txt,5,10,9,dense,1,exact,0,-1,"complexity_skip (complexity=5.83e+34, threshold=3.60e+05)"
g5_h10_k9_ddense_s1.txt,5,10,9,dense,1,approx,0.002485,87,success
g5_h10_k9_ddense_s2.txt,5,10,9,dense,2,exact,0,-1,"complexity_skip (complexity=5.83e+34, threshold=3.60e+05)"
g5_h10_k9_ddense_s2.txt,5,10,9,dense,2,approx,0.002777,28,success
g5_h10_k9_dmedium_s0.txt,5,10,9,medium,0,exact,0,-1,"complexity_skip (complexity=5.83e+34, threshold=3.60e+05)"
g5_h10_k9_dmedium_s0.txt,5,10,9,medium,0,approx,0.002485,40,success
g5_h10_k9_dmedium_s1.txt,5,10,9,medium,1,exact,0,-1,"complexity_skip (complexity=5.83e+34, threshold=3.60e+05)"
g5_h10_k9_dmedium_s1.txt,5,10,9,medium,1,approx,0.002414,42,success
g5_h10_k9_dmedium_s2.txt,5,10,9,medium,2,exact,0,-1,"complexity_skip (complexity=5.83e+34, threshold=3.60e+05)"
g5_h10_k9_dmedium_s2.txt,5,10,9,medium,2,approx,0.002446,70,success
g5_h10_k9_dsparse_s0.txt,5,10,9,sparse,0,exact,0,-1,"complexity_skip (complexity=5.83e+34, threshold=3.60e+05)"
g5_h10_k9_dsparse_s0.txt,5,10,9,sparse,0,approx,0.002609,46,success
g5_h10_k9_dsparse_s1.txt,5,10,9,sparse,1,exact,0,-1,"complexity_skip (complexity=5.83e+34, threshold=3.60e+05)"
g5_h10_k9_dsparse_s1.txt,5,10,9,sparse,1,approx,0.002556,61,success
g5_h10_k9_dsparse_s2.txt,5,10,9,sparse,2,exact,0,-1,"complexity_skip (complexity=5.83e+34, threshold=3.60e+05)"
g5_h10_k9_dsparse_s2.txt,5,10,9,sparse,2,approx,0.002641,39,success
g5_h15_k7_ddense_s0.txt,5,15,7,dense,0,exact,0,-1,"complexity_skip (complexity=1.57e+35, threshold=3.60e+05)"
g5_h15_k7_ddense_s0.txt,5,15,7,dense,0,approx,0.002651,46,success
g5_h15_k7_ddense_s1.txt,5,15,7,dense,1,exact,0,-1,"complexity_skip (complexity=1.57e+35, threshold=3.60e+05)"
g5_h15_k7_ddense_s1.txt,5,15,7,dense,1,approx,0.002556,57,success
g5_h15_k7_ddense_s2.txt,5,15,7,dense,2,exact,0,-1,"complexity_skip (complexity=1.57e+35, threshold=3.60e+05)"
g5_h15_k7_ddense_s2.txt,5,15,7,dense,2,approx,0.002648,67,success
g5_h15_k7_dmedium_s0.txt,5,15,7,medium,0,exact,0,-1,"complexity_skip (complexity=1.57e+35, threshold=3.60e+05)"
g5_h15_k7_dmedium_s0.txt,5,15,7,medium,0,approx,0.002586,52,success
g5_h15_k7_dmedium_s1.txt,5,15,7,medium,1,exact,0,-1,"complexity_skip (complexity=1.57e+35, threshold=3.60e+05)"
g5_h15_k7_dmedium_s1.txt,5,15,7,medium,1,approx,0.002616,74,success
g5_h15_k7_dmedium_s2.txt,5,15,7,medium,2,exact,0,-1,"complexity_skip (complexity=1.57e+35, threshold=3.60e+05)"
g5_h15_k7_dmedium_s2.txt,5,15,7,medium,2,approx,0.002521,55,success
g5_h15_k7_dsparse_s0.txt,5,15,7,sparse,0,exact,0,-1,"complexity_skip (complexity=1.57e+35, threshold=3.60e+05)"
g5_h15_k7_dsparse_s0.txt,5,15,7,sparse,0,approx,0.002480,18,success
g5_h15_k7_dsparse_s1.txt,5,15,7,sparse,1,exact,0,-1,"complexity_skip (complexity=1.57e+35, threshold=3.60e+05)"
g5_h15_k7_dsparse_s1.txt,5,15,7,sparse,1,approx,0.002483,63,success
g5_h15_k7_dsparse_s2.txt,5,15,7,sparse,2,exact,0,-1,"complexity_skip (complexity=1.57e+35, threshold=3.60e+05)"
g5_h15_k7_dsparse_s2.txt,5,15,7,sparse,2,approx,0.002461,32,success
g5_h12_k8_ddense_s0.txt,5,12,8,dense,0,exact,0,-1,"complexity_skip (complexity=1.65e+35, threshold=3.60e+05)"
g5_h12_k8_ddense_s0.txt,5,12,8,dense,0,approx,0.002434,68,success
g5_h12_k8_ddense_s1.txt,5,12,8,dense,1,exact,0,-1,"complexity_skip (complexity=1.65e+35, threshold=3.60e+05)"
g5_h12_k8_ddense_s1.txt,5,12,8,dense,1,approx,0.002492,69,success
g5_h12_k8_ddense_s2.txt,5,12,8,dense,2,exact,0,-1,"complexity_skip (complexity=1.65e+35, threshold=3.60e+05)"
g5_h12_k8_ddense_s2.txt,5,12,8,dense,2,approx,0.002428,69,success
g5_h12_k8_dmedium_s0.txt,5,12,8,medium,0,exact,0,-1,"complexity_skip (complexity=1.65e+35, threshold=3.60e+05)"
g5_h12_k8_dmedium_s0.txt,5,12,8,medium,0,approx,0.002611,46,success
g5_h12_k8_dmedium_s1.txt,5,12,8,medium,1,exact,0,-1,"complexity_skip (complexity=1.65e+35, threshold=3.60e+05)"
g5_h12_k8_dmedium_s1.txt,5,12,8,medium,1,approx,0.002636,57,success
g5_h12_k8_dmedium_s2.txt,5,12,8,medium,2,exact,0,-1,"complexity_skip (complexity=1.65e+35, threshold=3.60e+05)"
g5_h12_k8_dmedium_s2.txt,5,12,8,medium,2,approx,0.002518,43,success
g5_h12_k8_dsparse_s0.txt,5,12,8,sparse,0,exact,0,-1,"complexity_skip (complexity=1.65e+35, threshold=3.60e+05)"
g5_h12_k8_dsparse_s0.txt,5,12,8,sparse,0,approx,0.002433,54,success
g5_h12_k8_dsparse_s1.txt,5,12,8,sparse,1,exact,0,-1,"complexity_skip (complexity=1.65e+35, threshold=3.60e+05)"
g5_h12_k8_dsparse_s1.txt,5,12,8,sparse,1,approx,0.002479,28,success
g5_h12_k8_dsparse_s2.txt,5,12,8,sparse,2,exact,0,-1,"complexity_skip (complexity=1.65e+35, threshold=3.60e+05)"
g5_h12_k8_dsparse_s2.txt,5,12,8,sparse,2,approx,0.002461,57,success
g12_h36_k2_ddense_s0.txt,12,36,2,dense,0,approx,0.003038,101,success
g12_h36_k2_ddense_s1.txt,12,36,2,dense,1,approx,0.002944,111,success
g12_h36_k2_ddense_s2.txt,12,36,2,dense,2,approx,0.003097,117,success
g12_h36_k2_dmedium_s0.txt,12,36,2,medium,0,approx,0.003064,108,success
g12_h36_k2_dmedium_s1.txt,12,36,2,medium,1,approx,0.003057,118,success
g12_h36_k2_dmedium_s2.txt,12,36,2,medium,2,approx,0.003073,128,success
g12_h36_k2_dsparse_s0.txt,12,36,2,sparse,0,approx,0.003025,79,success
g12_h36_k2_dsparse_s1.txt,12,36,2,sparse,1,approx,0.003020,51,success
g12_h36_k2_dsparse_s2.txt,12,36,2,sparse,2,approx,0.002918,82,success
g9_h27_k3_ddense_s0.txt,9,27,3,dense,0,approx,0.002748,79,success
g9_h27_k3_ddense_s1.txt,9,27,3,dense,1,approx,0.002712,79,success
g9_h27_k3_ddense_s2.txt,9,27,3,dense,2,approx,0.002742,76,success
g9_h27_k3_dmedium_s0.txt,9,27,3,medium,0,approx,0.002679,101,success
g9_h27_k3_dmedium_s1.txt,9,27,3,medium,1,approx,0.002853,74,success
g9_h27_k3_dmedium_s2.txt,9,27,3,medium,2,approx,0.002841,67,success
g9_h27_k3_dsparse_s0.txt,9,27,3,sparse,0,approx,0.002717,86,success
g9_h27_k3_dsparse_s1.txt,9,27,3,sparse,1,approx,0.002688,75,success
g9_h27_k3_dsparse_s2.txt,9,27,3,sparse,2,approx,0.002754,65,success
g4_h16_k9_ddense_s0.txt,4,16,9,dense,0,exact,0,-1,"complexity_skip (complexity=1.60e+36, threshold=3.60e+05)"
g4_h16_k9_ddense_s0.txt,4,16,9,dense,0,approx,0.002510,34,success
g4_h16_k9_ddense_s1.txt,4,16,9,dense,1,exact,0,-1,"complexity_skip (complexity=1.60e+36, threshold=3.60e+05)"
g4_h16_k9_ddense_s1.txt,4,16,9,dense,1,approx,0.002557,69,success
g4_h16_k9_ddense_s2.txt,4,16,9,dense,2,exact,0,-1,"complexity_skip (complexity=1.60e+36, threshold=3.60e+05)"
g4_h16_k9_ddense_s2.txt,4,16,9,dense,2,approx,0.002516,72,success
g4_h16_k9_dmedium_s0.txt,4,16,9,medium,0,exact,0,-1,"complexity_skip (complexity=1.60e+36, threshold=3.60e+05)"
g4_h16_k9_dmedium_s0.txt,4,16,9,medium,0,approx,0.002535,44,success
g4_h16_k9_dmedium_s1.txt,4,16,9,medium,1,exact,0,-1,"complexity_skip (complexity=1.60e+36, threshold=3.60e+05)"
g4_h16_k9_dmedium_s1.txt,4,16,9,medium,1,approx,0.002466,55,success
g4_h16_k9_dmedium_s2.txt,4,16,9,medium,2,exact,0,-1,"complexity_skip (complexity=1.60e+36, threshold=3.60e+05)"
g4_h16_k9_dmedium_s2.txt,4,16,9,medium,2,approx,0.002503,38,success
g4_h16_k9_dsparse_s0.txt,4,16,9,sparse,0,exact,0,-1,"complexity_skip (complexity=1.60e+36, threshold=3.60e+05)"
g4_h16_k9_dsparse_s0.txt,4,16,9,sparse,0,approx,0.002495,40,success
g4_h16_k9_dsparse_s1.txt,4,16,9,sparse,1,exact,0,-1,"complexity_skip (complexity=1.60e+36, threshold=3.60e+05)"
g4_h16_k9_dsparse_s1.txt,4,16,9,sparse,1,approx,0.002484,36,success
g4_h16_k9_dsparse_s2.txt,4,16,9,sparse,2,exact,0,-1,"complexity_skip (complexity=1.60e+36, threshold=3.60e+05)"
g4_h16_k9_dsparse_s2.txt,4,16,9,sparse,2,approx,0.002468,27,success
g6_h15_k6_ddense_s0.txt,6,15,6,dense,0,exact,0,-1,"complexity_skip (complexity=3.04e+36, threshold=3.60e+05)"
g6_h15_k6_ddense_s0.txt,6,15,6,dense,0,approx,0.002433,34,success
g6_h15_k6_ddense_s1.txt,6,15,6,dense,1,exact,0,-1,"complexity_skip (complexity=3.04e+36, threshold=3.60e+05)"
g6_h15_k6_ddense_s1.txt,6,15,6,dense,1,approx,0.002538,41,success
g6_h15_k6_ddense_s2.txt,6,15,6,dense,2,exact,0,-1,"complexity_skip (complexity=3.04e+36, threshold=3.60e+05)"
g6_h15_k6_ddense_s2.txt,6,15,6,dense,2,approx,0.002427,42,success
g6_h15_k6_dmedium_s0.txt,6,15,6,medium,0,exact,0,-1,"complexity_skip (complexity=3.04e+36, threshold=3.60e+05)"
g6_h15_k6_dmedium_s0.txt,6,15,6,medium,0,approx,0.002563,35,success
g6_h15_k6_dmedium_s1.txt,6,15,6,medium,1,exact,0,-1,"complexity_skip (complexity=3.04e+36, threshold=3.60e+05)"
g6_h15_k6_dmedium_s1.txt,6,15,6,medium,1,approx,0.002603,52,success
g6_h15_k6_dmedium_s2.txt,6,15,6,medium,2,exact,0,-1,"complexity_skip (complexity=3.04e+36, threshold=3.60e+05)"
g6_h15_k6_dmedium_s2.txt,6,15,6,medium,2,approx,0.002509,54,success
g6_h15_k6_dsparse_s0.txt,6,15,6,sparse,0,exact,0,-1,"complexity_skip (complexity=3.04e+36, threshold=3.60e+05)"
g6_h15_k6_dsparse_s0.txt,6,15,6,sparse,0,approx,0.002427,39,success
g6_h15_k6_dsparse_s1.txt,6,15,6,sparse,1,exact,0,-1,"complexity_skip (complexity=3.04e+36, threshold=3.60e+05)"
g6_h15_k6_dsparse_s1.txt,6,15,6,sparse,1,approx,0.002730,47,success
g6_h15_k6_dsparse_s2.txt,6,15,6,sparse,2,exact,0,-1,"complexity_skip (complexity=3.04e+36, threshold=3.60e+05)"
g6_h15_k6_dsparse_s2.txt,6,15,6,sparse,2,approx,0.002535,60,success
g7_h10_k7_ddense_s0.txt,7,10,7,dense,0,approx,0.002457,56,success
g7_h10_k7_ddense_s1.txt,7,10,7,dense,1,approx,0.002499,67,success
g7_h10_k7_ddense_s2.txt,7,10,7,dense,2,approx,0.002507,63,success
g7_h10_k7_dmedium_s0.txt,7,10,7,medium,0,approx,0.002603,92,success
g7_h10_k7_dmedium_s1.txt,7,10,7,medium,1,approx,0.002676,119,success
g7_h10_k7_dmedium_s2.txt,7,10,7,medium,2,approx,0.002468,96,success
g7_h10_k7_dsparse_s0.txt,7,10,7,sparse,0,approx,0.002490,94,success
g7_h10_k7_dsparse_s1.txt,7,10,7,sparse,1,approx,0.002655,60,success
g7_h10_k7_dsparse_s2.txt,7,10,7,sparse,2,approx,0.002399,61,success
g6_h12_k7_ddense_s0.txt,6,12,7,dense,0,exact,0,-1,"complexity_skip (complexity=1.14e+37, threshold=3.60e+05)"
g6_h12_k7_ddense_s0.txt,6,12,7,dense,0,approx,0.002532,54,success
g6_h12_k7_ddense_s1.txt,6,12,7,dense,1,exact,0,-1,"complexity_skip (complexity=1.14e+37, threshold=3.60e+05)"
g6_h12_k7_ddense_s1.txt,6,12,7,dense,1,approx,0.002420,72,success
g6_h12_k7_ddense_s2.txt,6,12,7,dense,2,exact,0,-1,"complexity_skip (complexity=1.14e+37, threshold=3.60e+05)"
g6_h12_k7_ddense_s2.txt,6,12,7,dense,2,approx,0.002503,49,success
g6_h12_k7_dmedium_s0.txt,6,12,7,medium,0,exact,0,-1,"complexity_skip (complexity=1.14e+37, threshold=3.60e+05)"
g6_h12_k7_dmedium_s0.txt,6,12,7,medium,0,approx,0.002653,79,success
g6_h12_k7_dmedium_s1.txt,6,12,7,medium,1,exact,0,-1,"complexity_skip (complexity=1.14e+37, threshold=3.60e+05)"
g6_h12_k7_dmedium_s1.txt,6,12,7,medium,1,approx,0.002600,85,success
g6_h12_k7_dmedium_s2.txt,6,12,7,medium,2,exact,0,-1,"complexity_skip (complexity=1.14e+37, threshold=3.60e+05)"
g6_h12_k7_dmedium_s2.txt,6,12,7,medium,2,approx,0.002565,67,success
g6_h12_k7_dsparse_s0.txt,6,12,7,sparse,0,exact,0,-1,"complexity_skip (complexity=1.14e+37, threshold=3.60e+05)"
g6_h12_k7_dsparse_s0.txt,6,12,7,sparse,0,approx,0.002459,106,success
g6_h12_k7_dsparse_s1.txt,6,12,7,sparse,1,exact,0,-1,"complexity_skip (complexity=1.14e+37, threshold=3.60e+05)"
g6_h12_k7_dsparse_s1.txt,6,12,7,sparse,1,approx,0.002496,77,success
g6_h12_k7_dsparse_s2.txt,6,12,7,sparse,2,exact,0,-1,"complexity_skip (complexity=1.14e+37, threshold=3.60e+05)"
g6_h12_k7_dsparse_s2.txt,6,12,7,sparse,2,approx,0.002453,14,success
g8_h20_k4_ddense_s0.txt,8,20,4,dense,0,approx,0.002694,80,success
g8_h20_k4_ddense_s1.txt,8,20,4,dense,1,approx,0.002559,57,success
g8_h20_k4_ddense_s2.txt,8,20,4,dense,2,approx,0.002611,58,success
g8_h20_k4_dmedium_s0.txt,8,20,4,medium,0,approx,0.002514,93,success
g8_h20_k4_dmedium_s1.txt,8,20,4,medium,1,approx,0.002844,75,success
g8_h20_k4_dmedium_s2.txt,8,20,4,medium,2,approx,0.002621,92,success
g8_h20_k4_dsparse_s0.txt,8,20,4,sparse,0,approx,0.002479,61,success
g8_h20_k4_dsparse_s1.txt,8,20,4,sparse,1,approx,0.002891,49,success
g8_h20_k4_dsparse_s2.txt,8,20,4,sparse,2,approx,0.002795,89,success
g6_h9_k9_ddense_s0.txt,6,9,9,dense,0,exact,0,-1,"complexity_skip (complexity=2.99e+37, threshold=3.60e+05)"
g6_h9_k9_ddense_s0.txt,6,9,9,dense,0,approx,0.002735,36,success
g6_h9_k9_ddense_s1.txt,6,9,9,dense,1,exact,0,-1,"complexity_skip (complexity=2.99e+37, threshold=3.60e+05)"
g6_h9_k9_ddense_s1.txt,6,9,9,dense,1,approx,0.002555,68,success
g6_h9_k9_ddense_s2.txt,6,9,9,dense,2,exact,0,-1,"complexity_skip (complexity=2.99e+37, threshold=3.60e+05)"
g6_h9_k9_ddense_s2.txt,6,9,9,dense,2,approx,0.002506,78,success
g6_h9_k9_dmedium_s0.txt,6,9,9,medium,0,exact,0,-1,"complexity_skip (complexity=2.99e+37, threshold=3.60e+05)"
g6_h9_k9_dmedium_s0.txt,6,9,9,medium,0,approx,0.002454,54,success
g6_h9_k9_dmedium_s1.txt,6,9,9,medium,1,exact,0,-1,"complexity_skip (complexity=2.99e+37, threshold=3.60e+05)"
g6_h9_k9_dmedium_s1.txt,6,9,9,medium,1,approx,0.002487,43,success
g6_h9_k9_dmedium_s2.txt,6,9,9,medium,2,exact,0,-1,"complexity_skip (complexity=2.99e+37, threshold=3.60e+05)"
g6_h9_k9_dmedium_s2.txt,6,9,9,medium,2,approx,0.002436,62,success
g6_h9_k9_dsparse_s0.txt,6,9,9,sparse,0,exact,0,-1,"complexity_skip (complexity=2.99e+37, threshold=3.60e+05)"
g6_h9_k9_dsparse_s0.txt,6,9,9,sparse,0,approx,0.002380,69,success
g6_h9_k9_dsparse_s1.txt,6,9,9,sparse,1,exact,0,-1,"complexity_skip (complexity=2.99e+37, threshold=3.60e+05)"
g6_h9_k9_dsparse_s1.txt,6,9,9,sparse,1,approx,0.002462,66,success
g6_h9_k9_dsparse_s2.txt,6,9,9,sparse,2,exact,0,-1,"complexity_skip (complexity=2.99e+37, threshold=3.60e+05)"
g6_h9_k9_dsparse_s2.txt,6,9,9,sparse,2,approx,0.002519,55,success
g7_h28_k4_ddense_s0.txt,7,28,4,dense,0,approx,0.002819,35,success
g7_h28_k4_ddense_s1.txt,7,28,4,dense,1,approx,0.002758,49,success
g7_h28_k4_ddense_s2.txt,7,28,4,dense,2,approx,0.002687,51,success
g7_h28_k4_dmedium_s0.txt,7,28,4,medium,0,approx,0.002612,48,success
g7_h28_k4_dmedium_s1.txt,7,28,4,medium,1,approx,0.002747,63,success
g7_h28_k4_dmedium_s2.txt,7,28,4,medium,2,approx,0.002674,76,success
g7_h28_k4_dsparse_s0.txt,7,28,4,sparse,0,approx,0.002740,45,success
g7_h28_k4_dsparse_s1.txt,7,28,4,sparse,1,approx,0.002757,88,success
g7_h28_k4_dsparse_s2.txt,7,28,4,sparse,2,approx,0.002864,75,success
g6_h24_k5_ddense_s0.txt,6,24,5,dense,0,exact,0,-1,"complexity_skip (complexity=7.12e+37, threshold=3.60e+05)"
g6_h24_k5_ddense_s0.txt,6,24,5,dense,0,approx,0.002773,38,success
g6_h24_k5_ddense_s1.txt,6,24,5,dense,1,exact,0,-1,"complexity_skip (complexity=7.12e+37, threshold=3.60e+05)"
g6_h24_k5_ddense_s1.txt,6,24,5,dense,1,approx,0.002701,38,success
g6_h24_k5_ddense_s2.txt,6,24,5,dense,2,exact,0,-1,"complexity_skip (complexity=7.12e+37, threshold=3.60e+05)"
g6_h24_k5_ddense_s2.txt,6,24,5,dense,2,approx,0.002545,36,success
g6_h24_k5_dmedium_s0.txt,6,24,5,medium,0,exact,0,-1,"complexity_skip (complexity=7.12e+37, threshold=3.60e+05)"
g6_h24_k5_dmedium_s0.txt,6,24,5,medium,0,approx,0.002560,46,success
g6_h24_k5_dmedium_s1.txt,6,24,5,medium,1,exact,0,-1,"complexity_skip (complexity=7.12e+37, threshold=3.60e+05)"
g6_h24_k5_dmedium_s1.txt,6,24,5,medium,1,approx,0.002609,33,success
g6_h24_k5_dmedium_s2.txt,6,24,5,medium,2,exact,0,-1,"complexity_skip (complexity=7.12e+37, threshold=3.60e+05)"
g6_h24_k5_dmedium_s2.txt,6,24,5,medium,2,approx,0.002558,60,success
g6_h24_k5_dsparse_s0.txt,6,24,5,sparse,0,exact,0,-1,"complexity_skip (complexity=7.12e+37, threshold=3.60e+05)"
g6_h24_k5_dsparse_s0.txt,6,24,5,sparse,0,approx,0.002709,20,success
g6_h24_k5_dsparse_s1.txt,6,24,5,sparse,1,exact,0,-1,"complexity_skip (complexity=7.12e+37, threshold=3.60e+05)"
g6_h24_k5_dsparse_s1.txt,6,24,5,sparse,1,approx,0.002661,30,success
g6_h24_k5_dsparse_s2.txt,6,24,5,sparse,2,exact,0,-1,"complexity_skip (complexity=7.12e+37, threshold=3.60e+05)"
g6_h24_k5_dsparse_s2.txt,6,24,5,sparse,2,approx,0.002630,51,success
g7_h17_k5_ddense_s0.txt,7,17,5,dense,0,approx,0.002696,47,success
g7_h17_k5_ddense_s1.txt,7,17,5,dense,1,approx,0.002471,54,success
g7_h17_k5_ddense_s2.txt,7,17,5,dense,2,approx,0.002615,46,success
g7_h17_k5_dmedium_s0.txt,7,17,5,medium,0,approx,0.002492,46,success
g7_h17_k5_dmedium_s1.txt,7,17,5,medium,1,approx,0.002549,83,success
g7_h17_k5_dmedium_s2.txt,7,17,5,medium,2,approx,0.002552,79,success
g7_h17_k5_dsparse_s0.txt,7,17,5,sparse,0,approx,0.002641,51,success
g7_h17_k5_dsparse_s1.txt,7,17,5,sparse,1,approx,0.002511,27,success
g7_h17_k5_dsparse_s2.txt,7,17,5,sparse,2,approx,0.003231,30,success
g12_h18_k3_ddense_s0.txt,12,18,3,dense,0,approx,0.002815,171,success
g12_h18_k3_ddense_s1.txt,12,18,3,dense,1,approx,0.002606,184,success
g12_h18_k3_ddense_s2.txt,12,18,3,dense,2,approx,0.002625,133,success
g12_h18_k3_dmedium_s0.txt,12,18,3,medium,0,approx,0.002674,176,success
g12_h18_k3_dmedium_s1.txt,12,18,3,medium,1,approx,0.002705,215,success
g12_h18_k3_dmedium_s2.txt,12,18,3,medium,2,approx,0.002648,221,success
g12_h18_k3_dsparse_s0.txt,12,18,3,sparse,0,approx,0.002718,65,success
g12_h18_k3_dsparse_s1.txt,12,18,3,sparse,1,approx,0.002615,142,success
g12_h18_k3_dsparse_s2.txt,12,18,3,sparse,2,approx,0.002919,111,success
g5_h10_k10_ddense_s0.txt,5,10,10,dense,0,exact,0,-1,"complexity_skip (complexity=1.76e+38, threshold=3.60e+05)"
g5_h10_k10_ddense_s0.txt,5,10,10,dense,0,approx,0.002669,67,success
g5_h10_k10_ddense_s1.txt,5,10,10,dense,1,exact,0,-1,"complexity_skip (complexity=1.76e+38, threshold=3.60e+05)"
g5_h10_k10_ddense_s1.txt,5,10,10,dense,1,approx,0.002557,78,success
g5_h10_k10_ddense_s2.txt,5,10,10,dense,2,exact,0,-1,"complexity_skip (complexity=1.76e+38, threshold=3.60e+05)"
g5_h10_k10_ddense_s2.txt,5,10,10,dense,2,approx,0.002556,79,success
g5_h10_k10_dmedium_s0.txt,5,10,10,medium,0,exact,0,-1,"complexity_skip (complexity=1.76e+38, threshold=3.60e+05)"
g5_h10_k10_dmedium_s0.txt,5,10,10,medium,0,approx,0.002549,76,success
g5_h10_k10_dmedium_s1.txt,5,10,10,medium,1,exact,0,-1,"complexity_skip (complexity=1.76e+38, threshold=3.60e+05)"
g5_h10_k10_dmedium_s1.txt,5,10,10,medium,1,approx,0.002524,57,success
g5_h10_k10_dmedium_s2.txt,5,10,10,medium,2,exact,0,-1,"complexity_skip (complexity=1.76e+38, threshold=3.60e+05)"
g5_h10_k10_dmedium_s2.txt,5,10,10,medium,2,approx,0.002650,43,success
g5_h10_k10_dsparse_s0.txt,5,10,10,sparse,0,exact,0,-1,"complexity_skip (complexity=1.76e+38, threshold=3.60e+05)"
g5_h10_k10_dsparse_s0.txt,5,10,10,sparse,0,approx,0.002548,41,success
g5_h10_k10_dsparse_s1.txt,5,10,10,sparse,1,exact,0,-1,"complexity_skip (complexity=1.76e+38, threshold=3.60e+05)"
g5_h10_k10_dsparse_s1.txt,5,10,10,sparse,1,approx,0.002465,66,success
g5_h10_k10_dsparse_s2.txt,5,10,10,sparse,2,exact,0,-1,"complexity_skip (complexity=1.76e+38, threshold=3.60e+05)"
g5_h10_k10_dsparse_s2.txt,5,10,10,sparse,2,approx,0.002537,35,success
g10_h25_k3_ddense_s0.txt,10,25,3,dense,0,approx,0.002678,94,success
g10_h25_k3_ddense_s1.txt,10,25,3,dense,1,approx,0.002774,82,success
g10_h25_k3_ddense_s2.txt,10,25,3,dense,2,approx,0.002695,89,success
g10_h25_k3_dmedium_s0.txt,10,25,3,medium,0,approx,0.002656,121,success
g10_h25_k3_dmedium_s1.txt,10,25,3,medium,1,approx,0.002592,127,success
g10_h25_k3_dmedium_s2.txt,10,25,3,medium,2,approx,0.002723,114,success
g10_h25_k3_dsparse_s0.txt,10,25,3,sparse,0,approx,0.002672,84,success
g10_h25_k3_dsparse_s1.txt,10,25,3,sparse,1,approx,0.002759,89,success
g10_h25_k3_dsparse_s2.txt,10,25,3,sparse,2,approx,0.002693,101,success
g12_h48_k2_ddense_s0.txt,12,48,2,dense,0,approx,0.003307,112,success
g12_h48_k2_ddense_s1.txt,12,48,2,dense,1,approx,0.003467,100,success
g12_h48_k2_ddense_s2.txt,12,48,2,dense,2,approx,0.003396,131,success
g12_h48_k2_dmedium_s0.txt,12,48,2,medium,0,approx,0.003672,158,success
g12_h48_k2_dmedium_s1.txt,12,48,2,medium,1,approx,0.003510,149,success
g12_h48_k2_dmedium_s2.txt,12,48,2,medium,2,approx,0.003535,104,success
g12_h48_k2_dsparse_s0.txt,12,48,2,sparse,0,approx,0.003209,64,success
g12_h48_k2_dsparse_s1.txt,12,48,2,sparse,1,approx,0.003442,69,success
g12_h48_k2_dsparse_s2.txt,12,48,2,sparse,2,approx,0.003351,61,success
g10_h15_k4_ddense_s0.txt,10,15,4,dense,0,approx,0.002752,138,success
g10_h15_k4_ddense_s1.txt,10,15,4,dense,1,approx,0.002643,134,success
g10_h15_k4_ddense_s2.txt,10,15,4,dense,2,approx,0.002727,121,success
g10_h15_k4_dmedium_s0.txt,10,15,4,medium,0,approx,0.002640,181,success
g10_h15_k4_dmedium_s1.txt,10,15,4,medium,1,approx,0.002624,144,success
g10_h15_k4_dmedium_s2.txt,10,15,4,medium,2,approx,0.002597,157,success
g10_h15_k4_dsparse_s0.txt,10,15,4,sparse,0,approx,0.002525,117,success
g10_h15_k4_dsparse_s1.txt,10,15,4,sparse,1,approx,0.002588,85,success
g10_h15_k4_dsparse_s2.txt,10,15,4,sparse,2,approx,0.002555,120,success
g5_h12_k9_ddense_s0.txt,5,12,9,dense,0,exact,0,-1,"complexity_skip (complexity=1.74e+39, threshold=3.60e+05)"
g5_h12_k9_ddense_s0.txt,5,12,9,dense,0,approx,0.002656,75,success
g5_h12_k9_ddense_s1.txt,5,12,9,dense,1,exact,0,-1,"complexity_skip (complexity=1.74e+39, threshold=3.60e+05)"
g5_h12_k9_ddense_s1.txt,5,12,9,dense,1,approx,0.002694,76,success
g5_h12_k9_ddense_s2.txt,5,12,9,dense,2,exact,0,-1,"complexity_skip (complexity=1.74e+39, threshold=3.60e+05)"
g5_h12_k9_ddense_s2.txt,5,12,9,dense,2,approx,0.002767,85,success
g5_h12_k9_dmedium_s0.txt,5,12,9,medium,0,exact,0,-1,"complexity_skip (complexity=1.74e+39, threshold=3.60e+05)"
g5_h12_k9_dmedium_s0.txt,5,12,9,medium,0,approx,0.002574,43,success
g5_h12_k9_dmedium_s1.txt,5,12,9,medium,1,exact,0,-1,"complexity_skip (complexity=1.74e+39, threshold=3.60e+05)"
g5_h12_k9_dmedium_s1.txt,5,12,9,medium,1,approx,0.002523,43,success
g5_h12_k9_dmedium_s2.txt,5,12,9,medium,2,exact,0,-1,"complexity_skip (complexity=1.74e+39, threshold=3.60e+05)"
g5_h12_k9_dmedium_s2.txt,5,12,9,medium,2,approx,0.002476,36,success
g5_h12_k9_dsparse_s0.txt,5,12,9,sparse,0,exact,0,-1,"complexity_skip (complexity=1.74e+39, threshold=3.60e+05)"
g5_h12_k9_dsparse_s0.txt,5,12,9,sparse,0,approx,0.002427,39,success
g5_h12_k9_dsparse_s1.txt,5,12,9,sparse,1,exact,0,-1,"complexity_skip (complexity=1.74e+39, threshold=3.60e+05)"
g5_h12_k9_dsparse_s1.txt,5,12,9,sparse,1,approx,0.002459,35,success
g5_h12_k9_dsparse_s2.txt,5,12,9,sparse,2,exact,0,-1,"complexity_skip (complexity=1.74e+39, threshold=3.60e+05)"
g5_h12_k9_dsparse_s2.txt,5,12,9,sparse,2,approx,0.002409,39,success
g9_h18_k4_ddense_s0.txt,9,18,4,dense,0,approx,0.002607,81,success
g9_h18_k4_ddense_s1.txt,9,18,4,dense,1,approx,0.002673,91,success
g9_h18_k4_ddense_s2.txt,9,18,4,dense,2,approx,0.002592,69,success
g9_h18_k4_dmedium_s0.txt,9,18,4,medium,0,approx,0.002678,110,success
g9_h18_k4_dmedium_s1.txt,9,18,4,medium,1,approx,0.002535,121,success
g9_h18_k4_dmedium_s2.txt,9,18,4,medium,2,approx,0.002695,100,success
g9_h18_k4_dsparse_s0.txt,9,18,4,sparse,0,approx,0.002603,45,success
g9_h18_k4_dsparse_s1.txt,9,18,4,sparse,1,approx,0.002522,124,success
g9_h18_k4_dsparse_s2.txt,9,18,4,sparse,2,approx,0.002592,78,success
g9_h36_k3_ddense_s0.txt,9,36,3,dense,0,approx,0.003009,82,success
g9_h36_k3_ddense_s1.txt,9,36,3,dense,1,approx,0.002983,69,success
g9_h36_k3_ddense_s2.txt,9,36,3,dense,2,approx,0.002949,94,success
g9_h36_k3_dmedium_s0.txt,9,36,3,medium,0,approx,0.002914,78,success
g9_h36_k3_dmedium_s1.txt,9,36,3,medium,1,approx,0.003018,95,success
g9_h36_k3_dmedium_s2.txt,9,36,3,medium,2,approx,0.003074,86,success
g9_h36_k3_dsparse_s0.txt,9,36,3,sparse,0,approx,0.003136,50,success
g9_h36_k3_dsparse_s1.txt,9,36,3,sparse,1,approx,0.003179,45,success
g9_h36_k3_dsparse_s2.txt,9,36,3,sparse,2,approx,0.003185,70,success
g4_h16_k10_ddense_s0.txt,4,16,10,dense,0,exact,0,-1,"complexity_skip (complexity=6.97e+39, threshold=3.60e+05)"
g4_h16_k10_ddense_s0.txt,4,16,10,dense,0,approx,0.002621,52,success
g4_h16_k10_ddense_s1.txt,4,16,10,dense,1,exact,0,-1,"complexity_skip (complexity=6.97e+39, threshold=3.60e+05)"
g4_h16_k10_ddense_s1.txt,4,16,10,dense,1,approx,0.002568,68,success
g4_h16_k10_ddense_s2.txt,4,16,10,dense,2,exact,0,-1,"complexity_skip (complexity=6.97e+39, threshold=3.60e+05)"
g4_h16_k10_ddense_s2.txt,4,16,10,dense,2,approx,0.002506,74,success
g4_h16_k10_dmedium_s0.txt,4,16,10,medium,0,exact,0,-1,"complexity_skip (complexity=6.97e+39, threshold=3.60e+05)"
g4_h16_k10_dmedium_s0.txt,4,16,10,medium,0,approx,0.002520,50,success
g4_h16_k10_dmedium_s1.txt,4,16,10,medium,1,exact,0,-1,"complexity_skip (complexity=6.97e+39, threshold=3.60e+05)"
g4_h16_k10_dmedium_s1.txt,4,16,10,medium,1,approx,0.002470,60,success
g4_h16_k10_dmedium_s2.txt,4,16,10,medium,2,exact,0,-1,"complexity_skip (complexity=6.97e+39, threshold=3.60e+05)"
g4_h16_k10_dmedium_s2.txt,4,16,10,medium,2,approx,0.002519,63,success
g4_h16_k10_dsparse_s0.txt,4,16,10,sparse,0,exact,0,-1,"complexity_skip (complexity=6.97e+39, threshold=3.60e+05)"
g4_h16_k10_dsparse_s0.txt,4,16,10,sparse,0,approx,0.002493,33,success
g4_h16_k10_dsparse_s1.txt,4,16,10,sparse,1,exact,0,-1,"complexity_skip (complexity=6.97e+39, threshold=3.60e+05)"
g4_h16_k10_dsparse_s1.txt,4,16,10,sparse,1,approx,0.002377,20,success
g4_h16_k10_dsparse_s2.txt,4,16,10,sparse,2,exact,0,-1,"complexity_skip (complexity=6.97e+39, threshold=3.60e+05)"
g4_h16_k10_dsparse_s2.txt,4,16,10,sparse,2,approx,0.002455,11,success
g5_h15_k8_ddense_s0.txt,5,15,8,dense,0,exact,0,-1,"complexity_skip (complexity=7.05e+39, threshold=3.60e+05)"
g5_h15_k8_ddense_s0.txt,5,15,8,dense,0,approx,0.002536,76,success
g5_h15_k8_ddense_s1.txt,5,15,8,dense,1,exact,0,-1,"complexity_skip (complexity=7.05e+39, threshold=3.60e+05)"
g5_h15_k8_ddense_s1.txt,5,15,8,dense,1,approx,0.002554,60,success
g5_h15_k8_ddense_s2.txt,5,15,8,dense,2,exact,0,-1,"complexity_skip (complexity=7.05e+39, threshold=3.60e+05)"
g5_h15_k8_ddense_s2.txt,5,15,8,dense,2,approx,0.002531,74,success
g5_h15_k8_dmedium_s0.txt,5,15,8,medium,0,exact,0,-1,"complexity_skip (complexity=7.05e+39, threshold=3.60e+05)"
g5_h15_k8_dmedium_s0.txt,5,15,8,medium,0,approx,0.002574,59,success
g5_h15_k8_dmedium_s1.txt,5,15,8,medium,1,exact,0,-1,"complexity_skip (complexity=7.05e+39, threshold=3.60e+05)"
g5_h15_k8_dmedium_s1.txt,5,15,8,medium,1,approx,0.002586,31,success
g5_h15_k8_dmedium_s2.txt,5,15,8,medium,2,exact,0,-1,"complexity_skip (complexity=7.05e+39, threshold=3.60e+05)"
g5_h15_k8_dmedium_s2.txt,5,15,8,medium,2,approx,0.002704,50,success
g5_h15_k8_dsparse_s0.txt,5,15,8,sparse,0,exact,0,-1,"complexity_skip (complexity=7.05e+39, threshold=3.60e+05)"
g5_h15_k8_dsparse_s0.txt,5,15,8,sparse,0,approx,0.002547,59,success
g5_h15_k8_dsparse_s1.txt,5,15,8,sparse,1,exact,0,-1,"complexity_skip (complexity=7.05e+39, threshold=3.60e+05)"
g5_h15_k8_dsparse_s1.txt,5,15,8,sparse,1,approx,0.002637,0,success
g5_h15_k8_dsparse_s2.txt,5,15,8,sparse,2,exact,0,-1,"complexity_skip (complexity=7.05e+39, threshold=3.60e+05)"
g5_h15_k8_dsparse_s2.txt,5,15,8,sparse,2,approx,0.002615,53,success
g6_h18_k6_ddense_s0.txt,6,18,6,dense,0,exact,0,-1,"complexity_skip (complexity=7.92e+39, threshold=3.60e+05)"
g6_h18_k6_ddense_s0.txt,6,18,6,dense,0,approx,0.002637,45,success
g6_h18_k6_ddense_s1.txt,6,18,6,dense,1,exact,0,-1,"complexity_skip (complexity=7.92e+39, threshold=3.60e+05)"
g6_h18_k6_ddense_s1.txt,6,18,6,dense,1,approx,0.002481,41,success
g6_h18_k6_ddense_s2.txt,6,18,6,dense,2,exact,0,-1,"complexity_skip (complexity=7.92e+39, threshold=3.60e+05)"
g6_h18_k6_ddense_s2.txt,6,18,6,dense,2,approx,0.002842,42,success
g6_h18_k6_dmedium_s0.txt,6,18,6,medium,0,exact,0,-1,"complexity_skip (complexity=7.92e+39, threshold=3.60e+05)"
g6_h18_k6_dmedium_s0.txt,6,18,6,medium,0,approx,0.003469,68,success
g6_h18_k6_dmedium_s1.txt,6,18,6,medium,1,exact,0,-1,"complexity_skip (complexity=7.92e+39, threshold=3.60e+05)"
g6_h18_k6_dmedium_s1.txt,6,18,6,medium,1,approx,0.003989,45,success
g6_h18_k6_dmedium_s2.txt,6,18,6,medium,2,exact,0,-1,"complexity_skip (complexity=7.92e+39, threshold=3.60e+05)"
g6_h18_k6_dmedium_s2.txt,6,18,6,medium,2,approx,0.002681,73,success
g6_h18_k6_dsparse_s0.txt,6,18,6,sparse,0,exact,0,-1,"complexity_skip (complexity=7.92e+39, threshold=3.60e+05)"
g6_h18_k6_dsparse_s0.txt,6,18,6,sparse,0,approx,0.002553,64,success
g6_h18_k6_dsparse_s1.txt,6,18,6,sparse,1,exact,0,-1,"complexity_skip (complexity=7.92e+39, threshold=3.60e+05)"
g6_h18_k6_dsparse_s1.txt,6,18,6,sparse,1,approx,0.002531,32,success
g6_h18_k6_dsparse_s2.txt,6,18,6,sparse,2,exact,0,-1,"complexity_skip (complexity=7.92e+39, threshold=3.60e+05)"
g6_h18_k6_dsparse_s2.txt,6,18,6,sparse,2,approx,0.002597,35,success
g9_h13_k5_ddense_s0.txt,9,13,5,dense,0,approx,0.002703,85,success
g9_h13_k5_ddense_s1.txt,9,13,5,dense,1,approx,0.002972,90,success
g9_h13_k5_ddense_s2.txt,9,13,5,dense,2,approx,0.002548,69,success
g9_h13_k5_dmedium_s0.txt,9,13,5,medium,0,approx,0.002665,133,success
g9_h13_k5_dmedium_s1.txt,9,13,5,medium,1,approx,0.002632,129,success
g9_h13_k5_dmedium_s2.txt,9,13,5,medium,2,approx,0.002526,126,success
g9_h13_k5_dsparse_s0.txt,9,13,5,sparse,0,approx,0.002468,105,success
g9_h13_k5_dsparse_s1.txt,9,13,5,sparse,1,approx,0.002532,102,success
g9_h13_k5_dsparse_s2.txt,9,13,5,sparse,2,approx,0.002558,96,success
g5_h20_k7_ddense_s0.txt,5,20,7,dense,0,exact,0,-1,"complexity_skip (complexity=1.53e+40, threshold=3.60e+05)"
g5_h20_k7_ddense_s0.txt,5,20,7,dense,0,approx,0.002543,52,success
g5_h20_k7_ddense_s1.txt,5,20,7,dense,1,exact,0,-1,"complexity_skip (complexity=1.53e+40, threshold=3.60e+05)"
g5_h20_k7_ddense_s1.txt,5,20,7,dense,1,approx,0.002616,78,success
g5_h20_k7_ddense_s2.txt,5,20,7,dense,2,exact,0,-1,"complexity_skip (complexity=1.53e+40, threshold=3.60e+05)"
g5_h20_k7_ddense_s2.txt,5,20,7,dense,2,approx,0.002686,76,success
g5_h20_k7_dmedium_s0.txt,5,20,7,medium,0,exact,0,-1,"complexity_skip (complexity=1.53e+40, threshold=3.60e+05)"
g5_h20_k7_dmedium_s0.txt,5,20,7,medium,0,approx,0.002553,62,success
g5_h20_k7_dmedium_s1.txt,5,20,7,medium,1,exact,0,-1,"complexity_skip (complexity=1.53e+40, threshold=3.60e+05)"
g5_h20_k7_dmedium_s1.txt,5,20,7,medium,1,approx,0.002602,64,success
g5_h20_k7_dmedium_s2.txt,5,20,7,medium,2,exact,0,-1,"complexity_skip (complexity=1.53e+40, threshold=3.60e+05)"
g5_h20_k7_dmedium_s2.txt,5,20,7,medium,2,approx,0.002626,60,success
g5_h20_k7_dsparse_s0.txt,5,20,7,sparse,0,exact,0,-1,"complexity_skip (complexity=1.53e+40, threshold=3.60e+05)"
g5_h20_k7_dsparse_s0.txt,5,20,7,sparse,0,approx,0.002535,45,success
g5_h20_k7_dsparse_s1.txt,5,20,7,sparse,1,exact,0,-1,"complexity_skip (complexity=1.53e+40, threshold=3.60e+05)"
g5_h20_k7_dsparse_s1.txt,5,20,7,sparse,1,approx,0.002444,14,success
g5_h20_k7_dsparse_s2.txt,5,20,7,sparse,2,exact,0,-1,"complexity_skip (complexity=1.53e+40, threshold=3.60e+05)"
g5_h20_k7_dsparse_s2.txt,5,20,7,sparse,2,approx,0.002564,69,success
g15_h30_k2_ddense_s0.txt,15,30,2,dense,0,approx,0.003072,212,success
g15_h30_k2_ddense_s1.txt,15,30,2,dense,1,approx,0.003169,211,success
g15_h30_k2_ddense_s2.txt,15,30,2,dense,2,approx,0.002951,190,success
g15_h30_k2_dmedium_s0.txt,15,30,2,medium,0,approx,0.002893,197,success
g15_h30_k2_dmedium_s1.txt,15,30,2,medium,1,approx,0.003121,198,success
g15_h30_k2_dmedium_s2.txt,15,30,2,medium,2,approx,0.002842,217,success
g15_h30_k2_dsparse_s0.txt,15,30,2,sparse,0,approx,0.002971,121,success
g15_h30_k2_dsparse_s1.txt,15,30,2,sparse,1,approx,0.004377,160,success
g15_h30_k2_dsparse_s2.txt,15,30,2,sparse,2,approx,0.003281,131,success
g8_h24_k4_ddense_s0.txt,8,24,4,dense,0,approx,0.004639,75,success
g8_h24_k4_ddense_s1.txt,8,24,4,dense,1,approx,0.003534,70,success
g8_h24_k4_ddense_s2.txt,8,24,4,dense,2,approx,0.003469,77,success
g8_h24_k4_dmedium_s0.txt,8,24,4,medium,0,approx,0.006290,84,success
g8_h24_k4_dmedium_s1.txt,8,24,4,medium,1,approx,0.004897,46,success
g8_h24_k4_dmedium_s2.txt,8,24,4,medium,2,approx,0.005738,80,success
g8_h24_k4_dsparse_s0.txt,8,24,4,sparse,0,approx,0.003906,49,success
g8_h24_k4_dsparse_s1.txt,8,24,4,sparse,1,approx,0.004631,27,success
g8_h24_k4_dsparse_s2.txt,8,24,4,sparse,2,approx,0.005678,46,success
g7_h14_k6_ddense_s0.txt,7,14,6,dense,0,approx,0.003961,51,success
g7_h14_k6_ddense_s1.txt,7,14,6,dense,1,approx,0.004399,57,success
g7_h14_k6_ddense_s2.txt,7,14,6,dense,2,approx,0.003757,42,success
g7_h14_k6_dmedium_s0.txt,7,14,6,medium,0,approx,0.004274,75,success
g7_h14_k6_dmedium_s1.txt,7,14,6,medium,1,approx,0.003530,63,success
g7_h14_k6_dmedium_s2.txt,7,14,6,medium,2,approx,0.003100,89,success
g7_h14_k6_dsparse_s0.txt,7,14,6,sparse,0,approx,0.005723,61,success
g7_h14_k6_dsparse_s1.txt,7,14,6,sparse,1,approx,0.004283,34,success
g7_h14_k6_dsparse_s2.txt,7,14,6,sparse,2,approx,0.007327,53,success
g8_h12_k6_ddense_s0.txt,8,12,6,dense,0,approx,0.003118,71,success
g8_h12_k6_ddense_s1.txt,8,12,6,dense,1,approx,0.002944,71,success
g8_h12_k6_ddense_s2.txt,8,12,6,dense,2,approx,0.002774,76,success
g8_h12_k6_dmedium_s0.txt,8,12,6,medium,0,approx,0.002818,103,success
g8_h12_k6_dmedium_s1.txt,8,12,6,medium,1,approx,0.002774,139,success
g8_h12_k6_dmedium_s2.txt,8,12,6,medium,2,approx,0.002746,90,success
g8_h12_k6_dsparse_s0.txt,8,12,6,sparse,0,approx,0.002898,62,success
g8_h12_k6_dsparse_s1.txt,8,12,6,sparse,1,approx,0.003241,82,success
g8_h12_k6_dsparse_s2.txt,8,12,6,sparse,2,approx,0.003100,106,success
g6_h9_k10_ddense_s0.txt,6,9,10,dense,0,exact,0,-1,"complexity_skip (complexity=1.81e+41, threshold=3.60e+05)"
g6_h9_k10_ddense_s0.txt,6,9,10,dense,0,approx,0.003107,73,success
g6_h9_k10_ddense_s1.txt,6,9,10,dense,1,exact,0,-1,"complexity_skip (complexity=1.81e+41, threshold=3.60e+05)"
g6_h9_k10_ddense_s1.txt,6,9,10,dense,1,approx,0.002729,90,success
g6_h9_k10_ddense_s2.txt,6,9,10,dense,2,exact,0,-1,"complexity_skip (complexity=1.81e+41, threshold=3.60e+05)"
g6_h9_k10_ddense_s2.txt,6,9,10,dense,2,approx,0.002830,108,success
g6_h9_k10_dmedium_s0.txt,6,9,10,medium,0,exact,0,-1,"complexity_skip (complexity=1.81e+41, threshold=3.60e+05)"
g6_h9_k10_dmedium_s0.txt,6,9,10,medium,0,approx,0.002946,88,success
g6_h9_k10_dmedium_s1.txt,6,9,10,medium,1,exact,0,-1,"complexity_skip (complexity=1.81e+41, threshold=3.60e+05)"
g6_h9_k10_dmedium_s1.txt,6,9,10,medium,1,approx,0.002701,75,success
g6_h9_k10_dmedium_s2.txt,6,9,10,medium,2,exact,0,-1,"complexity_skip (complexity=1.81e+41, threshold=3.60e+05)"
g6_h9_k10_dmedium_s2.txt,6,9,10,medium,2,approx,0.002743,99,success
g6_h9_k10_dsparse_s0.txt,6,9,10,sparse,0,exact,0,-1,"complexity_skip (complexity=1.81e+41, threshold=3.60e+05)"
g6_h9_k10_dsparse_s0.txt,6,9,10,sparse,0,approx,0.002829,43,success
g6_h9_k10_dsparse_s1.txt,6,9,10,sparse,1,exact,0,-1,"complexity_skip (complexity=1.81e+41, threshold=3.60e+05)"
g6_h9_k10_dsparse_s1.txt,6,9,10,sparse,1,approx,0.002757,47,success
g6_h9_k10_dsparse_s2.txt,6,9,10,sparse,2,exact,0,-1,"complexity_skip (complexity=1.81e+41, threshold=3.60e+05)"
g6_h9_k10_dsparse_s2.txt,6,9,10,sparse,2,approx,0.003010,77,success
g10_h30_k3_ddense_s0.txt,10,30,3,dense,0,approx,0.003007,86,success
g10_h30_k3_ddense_s1.txt,10,30,3,dense,1,approx,0.003086,97,success
g10_h30_k3_ddense_s2.txt,10,30,3,dense,2,approx,0.002914,102,success
g10_h30_k3_dmedium_s0.txt,10,30,3,medium,0,approx,0.002944,121,success
g10_h30_k3_dmedium_s1.txt,10,30,3,medium,1,approx,0.002990,118,success
g10_h30_k3_dmedium_s2.txt,10,30,3,medium,2,approx,0.003157,112,success
g10_h30_k3_dsparse_s0.txt,10,30,3,sparse,0,approx,0.002834,84,success
g10_h30_k3_dsparse_s1.txt,10,30,3,sparse,1,approx,0.002809,113,success
g10_h30_k3_dsparse_s2.txt,10,30,3,sparse,2,approx,0.002883,57,success
g8_h16_k5_ddense_s0.txt,8,16,5,dense,0,approx,0.002706,83,success
g8_h16_k5_ddense_s1.txt,8,16,5,dense,1,approx,0.002676,91,success
g8_h16_k5_ddense_s2.txt,8,16,5,dense,2,approx,0.002642,73,success
g8_h16_k5_dmedium_s0.txt,8,16,5,medium,0,approx,0.002584,135,success
g8_h16_k5_dmedium_s1.txt,8,16,5,medium,1,approx,0.002729,155,success
g8_h16_k5_dmedium_s2.txt,8,16,5,medium,2,approx,0.002520,116,success
g8_h16_k5_dsparse_s0.txt,8,16,5,sparse,0,approx,0.002495,49,success
g8_h16_k5_dsparse_s1.txt,8,16,5,sparse,1,approx,0.002602,65,success
g8_h16_k5_dsparse_s2.txt,8,16,5,sparse,2,approx,0.002506,111,success
g7_h10_k8_ddense_s0.txt,7,10,8,dense,0,approx,0.002778,83,success
g7_h10_k8_ddense_s1.txt,7,10,8,dense,1,approx,0.002595,40,success
g7_h10_k8_ddense_s2.txt,7,10,8,dense,2,approx,0.002808,47,success
g7_h10_k8_dmedium_s0.txt,7,10,8,medium,0,approx,0.002632,102,success
g7_h10_k8_dmedium_s1.txt,7,10,8,medium,1,approx,0.002482,112,success
g7_h10_k8_dmedium_s2.txt,7,10,8,medium,2,approx,0.002643,88,success
g7_h10_k8_dsparse_s0.txt,7,10,8,sparse,0,approx,0.002665,73,success
g7_h10_k8_dsparse_s1.txt,7,10,8,sparse,1,approx,0.002488,107,success
g7_h10_k8_dsparse_s2.txt,7,10,8,sparse,2,approx,0.002517,89,success
g7_h21_k5_ddense_s0.txt,7,21,5,dense,0,approx,0.002682,55,success
g7_h21_k5_ddense_s1.txt,7,21,5,dense,1,approx,0.002794,45,success
g7_h21_k5_ddense_s2.txt,7,21,5,dense,2,approx,0.002863,45,success
g7_h21_k5_dmedium_s0.txt,7,21,5,medium,0,approx,0.002753,63,success
g7_h21_k5_dmedium_s1.txt,7,21,5,medium,1,approx,0.002960,60,success
g7_h21_k5_dmedium_s2.txt,7,21,5,medium,2,approx,0.002832,82,success
g7_h21_k5_dsparse_s0.txt,7,21,5,sparse,0,approx,0.002696,100,success
g7_h21_k5_dsparse_s1.txt,7,21,5,sparse,1,approx,0.002543,82,success
g7_h21_k5_dsparse_s2.txt,7,21,5,sparse,2,approx,0.002599,81,success
g6_h12_k8_ddense_s0.txt,6,12,8,dense,0,exact,0,-1,"complexity_skip (complexity=9.52e+41, threshold=3.60e+05)"
g6_h12_k8_ddense_s0.txt,6,12,8,dense,0,approx,0.002568,86,success
g6_h12_k8_ddense_s1.txt,6,12,8,dense,1,exact,0,-1,"complexity_skip (complexity=9.52e+41, threshold=3.60e+05)"
g6_h12_k8_ddense_s1.txt,6,12,8,dense,1,approx,0.002615,118,success
g6_h12_k8_ddense_s2.txt,6,12,8,dense,2,exact,0,-1,"complexity_skip (complexity=9.52e+41, threshold=3.60e+05)"
g6_h12_k8_ddense_s2.txt,6,12,8,dense,2,approx,0.002532,89,success
g6_h12_k8_dmedium_s0.txt,6,12,8,medium,0,exact,0,-1,"complexity_skip (complexity=9.52e+41, threshold=3.60e+05)"
g6_h12_k8_dmedium_s0.txt,6,12,8,medium,0,approx,0.002749,89,success
g6_h12_k8_dmedium_s1.txt,6,12,8,medium,1,exact,0,-1,"complexity_skip (complexity=9.52e+41, threshold=3.60e+05)"
g6_h12_k8_dmedium_s1.txt,6,12,8,medium,1,approx,0.002464,93,success
g6_h12_k8_dmedium_s2.txt,6,12,8,medium,2,exact,0,-1,"complexity_skip (complexity=9.52e+41, threshold=3.60e+05)"
g6_h12_k8_dmedium_s2.txt,6,12,8,medium,2,approx,0.002526,65,success
g6_h12_k8_dsparse_s0.txt,6,12,8,sparse,0,exact,0,-1,"complexity_skip (complexity=9.52e+41, threshold=3.60e+05)"
g6_h12_k8_dsparse_s0.txt,6,12,8,sparse,0,approx,0.002456,84,success
g6_h12_k8_dsparse_s1.txt,6,12,8,sparse,1,exact,0,-1,"complexity_skip (complexity=9.52e+41, threshold=3.60e+05)"
g6_h12_k8_dsparse_s1.txt,6,12,8,sparse,1,approx,0.003407,74,success
g6_h12_k8_dsparse_s2.txt,6,12,8,sparse,2,exact,0,-1,"complexity_skip (complexity=9.52e+41, threshold=3.60e+05)"
g6_h12_k8_dsparse_s2.txt,6,12,8,sparse,2,approx,0.002677,44,success
g6_h15_k7_ddense_s0.txt,6,15,7,dense,0,exact,0,-1,"complexity_skip (complexity=1.57e+42, threshold=3.60e+05)"
g6_h15_k7_ddense_s0.txt,6,15,7,dense,0,approx,0.002540,60,success
g6_h15_k7_ddense_s1.txt,6,15,7,dense,1,exact,0,-1,"complexity_skip (complexity=1.57e+42, threshold=3.60e+05)"
g6_h15_k7_ddense_s1.txt,6,15,7,dense,1,approx,0.002509,73,success
g6_h15_k7_ddense_s2.txt,6,15,7,dense,2,exact,0,-1,"complexity_skip (complexity=1.57e+42, threshold=3.60e+05)"
g6_h15_k7_ddense_s2.txt,6,15,7,dense,2,approx,0.002562,84,success
g6_h15_k7_dmedium_s0.txt,6,15,7,medium,0,exact,0,-1,"complexity_skip (complexity=1.57e+42, threshold=3.60e+05)"
g6_h15_k7_dmedium_s0.txt,6,15,7,medium,0,approx,0.002410,66,success
g6_h15_k7_dmedium_s1.txt,6,15,7,medium,1,exact,0,-1,"complexity_skip (complexity=1.57e+42, threshold=3.60e+05)"
g6_h15_k7_dmedium_s1.txt,6,15,7,medium,1,approx,0.002572,73,success
g6_h15_k7_dmedium_s2.txt,6,15,7,medium,2,exact,0,-1,"complexity_skip (complexity=1.57e+42, threshold=3.60e+05)"
g6_h15_k7_dmedium_s2.txt,6,15,7,medium,2,approx,0.003460,69,success
g6_h15_k7_dsparse_s0.txt,6,15,7,sparse,0,exact,0,-1,"complexity_skip (complexity=1.57e+42, threshold=3.60e+05)"
g6_h15_k7_dsparse_s0.txt,6,15,7,sparse,0,approx,0.002587,23,success
g6_h15_k7_dsparse_s1.txt,6,15,7,sparse,1,exact,0,-1,"complexity_skip (complexity=1.57e+42, threshold=3.60e+05)"
g6_h15_k7_dsparse_s1.txt,6,15,7,sparse,1,approx,0.002384,64,success
g6_h15_k7_dsparse_s2.txt,6,15,7,sparse,2,exact,0,-1,"complexity_skip (complexity=1.57e+42, threshold=3.60e+05)"
g6_h15_k7_dsparse_s2.txt,6,15,7,sparse,2,approx,0.003631,45,success
g5_h12_k10_ddense_s0.txt,5,12,10,dense,0,exact,0,-1,"complexity_skip (complexity=1.66e+43, threshold=3.60e+05)"
g5_h12_k10_ddense_s0.txt,5,12,10,dense,0,approx,0.002433,90,success
g5_h12_k10_ddense_s1.txt,5,12,10,dense,1,exact,0,-1,"complexity_skip (complexity=1.66e+43, threshold=3.60e+05)"
g5_h12_k10_ddense_s1.txt,5,12,10,dense,1,approx,0.002494,90,success
g5_h12_k10_ddense_s2.txt,5,12,10,dense,2,exact,0,-1,"complexity_skip (complexity=1.66e+43, threshold=3.60e+05)"
g5_h12_k10_ddense_s2.txt,5,12,10,dense,2,approx,0.002548,81,success
g5_h12_k10_dmedium_s0.txt,5,12,10,medium,0,exact,0,-1,"complexity_skip (complexity=1.66e+43, threshold=3.60e+05)"
g5_h12_k10_dmedium_s0.txt,5,12,10,medium,0,approx,0.002522,50,success
g5_h12_k10_dmedium_s1.txt,5,12,10,medium,1,exact,0,-1,"complexity_skip (complexity=1.66e+43, threshold=3.60e+05)"
g5_h12_k10_dmedium_s1.txt,5,12,10,medium,1,approx,0.002509,53,success
g5_h12_k10_dmedium_s2.txt,5,12,10,medium,2,exact,0,-1,"complexity_skip (complexity=1.66e+43, threshold=3.60e+05)"
g5_h12_k10_dmedium_s2.txt,5,12,10,medium,2,approx,0.002465,68,success
g5_h12_k10_dsparse_s0.txt,5,12,10,sparse,0,exact,0,-1,"complexity_skip (complexity=1.66e+43, threshold=3.60e+05)"
g5_h12_k10_dsparse_s0.txt,5,12,10,sparse,0,approx,0.002461,56,success
g5_h12_k10_dsparse_s1.txt,5,12,10,sparse,1,exact,0,-1,"complexity_skip (complexity=1.66e+43, threshold=3.60e+05)"
g5_h12_k10_dsparse_s1.txt,5,12,10,sparse,1,approx,0.002722,61,success
g5_h12_k10_dsparse_s2.txt,5,12,10,sparse,2,exact,0,-1,"complexity_skip (complexity=1.66e+43, threshold=3.60e+05)"
g5_h12_k10_dsparse_s2.txt,5,12,10,sparse,2,approx,0.002514,44,success
g9_h22_k4_ddense_s0.txt,9,22,4,dense,0,approx,0.002639,83,success
g9_h22_k4_ddense_s1.txt,9,22,4,dense,1,approx,0.002713,84,success
g9_h22_k4_ddense_s2.txt,9,22,4,dense,2,approx,0.002678,84,success
g9_h22_k4_dmedium_s0.txt,9,22,4,medium,0,approx,0.002567,129,success
g9_h22_k4_dmedium_s1.txt,9,22,4,medium,1,approx,0.002858,120,success
g9_h22_k4_dmedium_s2.txt,9,22,4,medium,2,approx,0.002617,128,success
g9_h22_k4_dsparse_s0.txt,9,22,4,sparse,0,approx,0.002762,72,success
g9_h22_k4_dsparse_s1.txt,9,22,4,sparse,1,approx,0.002713,70,success
g9_h22_k4_dsparse_s2.txt,9,22,4,sparse,2,approx,0.002690,79,success
g15_h37_k2_ddense_s0.txt,15,37,2,dense,0,approx,0.003484,206,success
g15_h37_k2_ddense_s1.txt,15,37,2,dense,1,approx,0.003090,160,success
g15_h37_k2_ddense_s2.txt,15,37,2,dense,2,approx,0.003186,205,success
g15_h37_k2_dmedium_s0.txt,15,37,2,medium,0,approx,0.003083,196,success
g15_h37_k2_dmedium_s1.txt,15,37,2,medium,1,approx,0.003302,202,success
g15_h37_k2_dmedium_s2.txt,15,37,2,medium,2,approx,0.003199,211,success
g15_h37_k2_dsparse_s0.txt,15,37,2,sparse,0,approx,0.003287,132,success
g15_h37_k2_dsparse_s1.txt,15,37,2,sparse,1,approx,0.003126,117,success
g15_h37_k2_dsparse_s2.txt,15,37,2,sparse,2,approx,0.002984,135,success
g5_h15_k9_ddense_s0.txt,5,15,9,dense,0,exact,0,-1,"complexity_skip (complexity=2.82e+44, threshold=3.60e+05)"
g5_h15_k9_ddense_s0.txt,5,15,9,dense,0,approx,0.002655,77,success
g5_h15_k9_ddense_s1.txt,5,15,9,dense,1,exact,0,-1,"complexity_skip (complexity=2.82e+44, threshold=3.60e+05)"
g5_h15_k9_ddense_s1.txt,5,15,9,dense,1,approx,0.002747,72,success
g5_h15_k9_ddense_s2.txt,5,15,9,dense,2,exact,0,-1,"complexity_skip (complexity=2.82e+44, threshold=3.60e+05)"
g5_h15_k9_ddense_s2.txt,5,15,9,dense,2,approx,0.002679,70,success
g5_h15_k9_dmedium_s0.txt,5,15,9,medium,0,exact,0,-1,"complexity_skip (complexity=2.82e+44, threshold=3.60e+05)"
g5_h15_k9_dmedium_s0.txt,5,15,9,medium,0,approx,0.002905,38,success
g5_h15_k9_dmedium_s1.txt,5,15,9,medium,1,exact,0,-1,"complexity_skip (complexity=2.82e+44, threshold=3.60e+05)"
g5_h15_k9_dmedium_s1.txt,5,15,9,medium,1,approx,0.002689,84,success
g5_h15_k9_dmedium_s2.txt,5,15,9,medium,2,exact,0,-1,"complexity_skip (complexity=2.82e+44, threshold=3.60e+05)"
g5_h15_k9_dmedium_s2.txt,5,15,9,medium,2,approx,0.002656,63,success
g5_h15_k9_dsparse_s0.txt,5,15,9,sparse,0,exact,0,-1,"complexity_skip (complexity=2.82e+44, threshold=3.60e+05)"
g5_h15_k9_dsparse_s0.txt,5,15,9,sparse,0,approx,0.002592,56,success
g5_h15_k9_dsparse_s1.txt,5,15,9,sparse,1,exact,0,-1,"complexity_skip (complexity=2.82e+44, threshold=3.60e+05)"
g5_h15_k9_dsparse_s1.txt,5,15,9,sparse,1,approx,0.002547,27,success
g5_h15_k9_dsparse_s2.txt,5,15,9,sparse,2,exact,0,-1,"complexity_skip (complexity=2.82e+44, threshold=3.60e+05)"
g5_h15_k9_dsparse_s2.txt,5,15,9,sparse,2,approx,0.002533,55,success
g12_h24_k3_ddense_s0.txt,12,24,3,dense,0,approx,0.002863,110,success
g12_h24_k3_ddense_s1.txt,12,24,3,dense,1,approx,0.002857,130,success
g12_h24_k3_ddense_s2.txt,12,24,3,dense,2,approx,0.002996,135,success
g12_h24_k3_dmedium_s0.txt,12,24,3,medium,0,approx,0.002883,152,success
g12_h24_k3_dmedium_s1.txt,12,24,3,medium,1,approx,0.002725,224,success
g12_h24_k3_dmedium_s2.txt,12,24,3,medium,2,approx,0.002831,238,success
g12_h24_k3_dsparse_s0.txt,12,24,3,sparse,0,approx,0.002980,173,success
g12_h24_k3_dsparse_s1.txt,12,24,3,sparse,1,approx,0.002866,120,success
g12_h24_k3_dsparse_s2.txt,12,24,3,sparse,2,approx,0.002763,119,success
g6_h24_k6_ddense_s0.txt,6,24,6,dense,0,exact,0,-1,"complexity_skip (complexity=1.15e+45, threshold=3.60e+05)"
g6_h24_k6_ddense_s0.txt,6,24,6,dense,0,approx,0.002514,28,success
g6_h24_k6_ddense_s1.txt,6,24,6,dense,1,exact,0,-1,"complexity_skip (complexity=1.15e+45, threshold=3.60e+05)"
g6_h24_k6_ddense_s1.txt,6,24,6,dense,1,approx,0.002618,38,success
g6_h24_k6_ddense_s2.txt,6,24,6,dense,2,exact,0,-1,"complexity_skip (complexity=1.15e+45, threshold=3.60e+05)"
g6_h24_k6_ddense_s2.txt,6,24,6,dense,2,approx,0.002894,35,success
g6_h24_k6_dmedium_s0.txt,6,24,6,medium,0,exact,0,-1,"complexity_skip (complexity=1.15e+45, threshold=3.60e+05)"
g6_h24_k6_dmedium_s0.txt,6,24,6,medium,0,approx,0.002622,60,success
g6_h24_k6_dmedium_s1.txt,6,24,6,medium,1,exact,0,-1,"complexity_skip (complexity=1.15e+45, threshold=3.60e+05)"
g6_h24_k6_dmedium_s1.txt,6,24,6,medium,1,approx,0.002592,52,success
g6_h24_k6_dmedium_s2.txt,6,24,6,medium,2,exact,0,-1,"complexity_skip (complexity=1.15e+45, threshold=3.60e+05)"
g6_h24_k6_dmedium_s2.txt,6,24,6,medium,2,approx,0.002604,40,success
g6_h24_k6_dsparse_s0.txt,6,24,6,sparse,0,exact,0,-1,"complexity_skip (complexity=1.15e+45, threshold=3.60e+05)"
g6_h24_k6_dsparse_s0.txt,6,24,6,sparse,0,approx,0.002728,30,success
g6_h24_k6_dsparse_s1.txt,6,24,6,sparse,1,exact,0,-1,"complexity_skip (complexity=1.15e+45, threshold=3.60e+05)"
g6_h24_k6_dsparse_s1.txt,6,24,6,sparse,1,approx,0.002708,53,success
g6_h24_k6_dsparse_s2.txt,6,24,6,sparse,2,exact,0,-1,"complexity_skip (complexity=1.15e+45, threshold=3.60e+05)"
g6_h24_k6_dsparse_s2.txt,6,24,6,sparse,2,approx,0.002730,68,success
g7_h17_k6_ddense_s0.txt,7,17,6,dense,0,approx,0.003393,57,success
g7_h17_k6_ddense_s1.txt,7,17,6,dense,1,approx,0.002931,67,success
g7_h17_k6_ddense_s2.txt,7,17,6,dense,2,approx,0.002600,63,success
g7_h17_k6_dmedium_s0.txt,7,17,6,medium,0,approx,0.002505,66,success
g7_h17_k6_dmedium_s1.txt,7,17,6,medium,1,approx,0.002780,79,success
g7_h17_k6_dmedium_s2.txt,7,17,6,medium,2,approx,0.002524,79,success
g7_h17_k6_dsparse_s0.txt,7,17,6,sparse,0,approx,0.002675,55,success
g7_h17_k6_dsparse_s1.txt,7,17,6,sparse,1,approx,0.002693,46,success
g7_h17_k6_dsparse_s2.txt,7,17,6,sparse,2,approx,0.002487,65,success
g8_h32_k4_ddense_s0.txt,8,32,4,dense,0,approx,0.002947,65,success
g8_h32_k4_ddense_s1.txt,8,32,4,dense,1,approx,0.002822,48,success
g8_h32_k4_ddense_s2.txt,8,32,4,dense,2,approx,0.002886,63,success
g8_h32_k4_dmedium_s0.txt,8,32,4,medium,0,approx,0.002847,87,success
g8_h32_k4_dmedium_s1.txt,8,32,4,medium,1,approx,0.002882,90,success
g8_h32_k4_dmedium_s2.txt,8,32,4,medium,2,approx,0.003104,70,success
g8_h32_k4_dsparse_s0.txt,8,32,4,sparse,0,approx,0.002795,77,success
g8_h32_k4_dsparse_s1.txt,8,32,4,sparse,1,approx,0.002919,44,success
g8_h32_k4_dsparse_s2.txt,8,32,4,sparse,2,approx,0.002927,49,success
g5_h20_k8_ddense_s0.txt,5,20,8,dense,0,exact,0,-1,"complexity_skip (complexity=3.56e+45, threshold=3.60e+05)"
g5_h20_k8_ddense_s0.txt,5,20,8,dense,0,approx,0.002506,80,success
g5_h20_k8_ddense_s1.txt,5,20,8,dense,1,exact,0,-1,"complexity_skip (complexity=3.56e+45, threshold=3.60e+05)"
g5_h20_k8_ddense_s1.txt,5,20,8,dense,1,approx,0.002621,80,success
g5_h20_k8_ddense_s2.txt,5,20,8,dense,2,exact,0,-1,"complexity_skip (complexity=3.56e+45, threshold=3.60e+05)"
g5_h20_k8_ddense_s2.txt,5,20,8,dense,2,approx,0.002695,69,success
g5_h20_k8_dmedium_s0.txt,5,20,8,medium,0,exact,0,-1,"complexity_skip (complexity=3.56e+45, threshold=3.60e+05)"
g5_h20_k8_dmedium_s0.txt,5,20,8,medium,0,approx,0.002594,75,success
g5_h20_k8_dmedium_s1.txt,5,20,8,medium,1,exact,0,-1,"complexity_skip (complexity=3.56e+45, threshold=3.60e+05)"
g5_h20_k8_dmedium_s1.txt,5,20,8,medium,1,approx,0.002648,67,success
g5_h20_k8_dmedium_s2.txt,5,20,8,medium,2,exact,0,-1,"complexity_skip (complexity=3.56e+45, threshold=3.60e+05)"
g5_h20_k8_dmedium_s2.txt,5,20,8,medium,2,approx,0.002558,34,success
g5_h20_k8_dsparse_s0.txt,5,20,8,sparse,0,exact,0,-1,"complexity_skip (complexity=3.56e+45, threshold=3.60e+05)"
g5_h20_k8_dsparse_s0.txt,5,20,8,sparse,0,approx,0.002709,12,success
g5_h20_k8_dsparse_s1.txt,5,20,8,sparse,1,exact,0,-1,"complexity_skip (complexity=3.56e+45, threshold=3.60e+05)"
g5_h20_k8_dsparse_s1.txt,5,20,8,sparse,1,approx,0.002921,66,success
g5_h20_k8_dsparse_s2.txt,5,20,8,sparse,2,exact,0,-1,"complexity_skip (complexity=3.56e+45, threshold=3.60e+05)"
g5_h20_k8_dsparse_s2.txt,5,20,8,sparse,2,approx,0.002690,40,success
g10_h40_k3_ddense_s0.txt,10,40,3,dense,0,approx,0.003425,94,success
g10_h40_k3_ddense_s1.txt,10,40,3,dense,1,approx,0.003473,96,success
g10_h40_k3_ddense_s2.txt,10,40,3,dense,2,approx,0.003334,69,success
g10_h40_k3_dmedium_s0.txt,10,40,3,medium,0,approx,0.003500,116,success
g10_h40_k3_dmedium_s1.txt,10,40,3,medium,1,approx,0.003466,97,success
g10_h40_k3_dmedium_s2.txt,10,40,3,medium,2,approx,0.003468,107,success
g10_h40_k3_dsparse_s0.txt,10,40,3,sparse,0,approx,0.003528,78,success
g10_h40_k3_dsparse_s1.txt,10,40,3,sparse,1,approx,0.003534,138,success
g10_h40_k3_dsparse_s2.txt,10,40,3,sparse,2,approx,0.004465,93,success
g10_h20_k4_ddense_s0.txt,10,20,4,dense,0,approx,0.003477,119,success
g10_h20_k4_ddense_s1.txt,10,20,4,dense,1,approx,0.003575,109,success
g10_h20_k4_ddense_s2.txt,10,20,4,dense,2,approx,0.003115,122,success
g10_h20_k4_dmedium_s0.txt,10,20,4,medium,0,approx,0.003310,200,success
g10_h20_k4_dmedium_s1.txt,10,20,4,medium,1,approx,0.003172,151,success
g10_h20_k4_dmedium_s2.txt,10,20,4,medium,2,approx,0.003216,143,success
g10_h20_k4_dsparse_s0.txt,10,20,4,sparse,0,approx,0.002995,106,success
g10_h20_k4_dsparse_s1.txt,10,20,4,sparse,1,approx,0.003058,80,success
g10_h20_k4_dsparse_s2.txt,10,20,4,sparse,2,approx,0.002935,99,success
g6_h18_k7_ddense_s0.txt,6,18,7,dense,0,exact,0,-1,"complexity_skip (complexity=1.51e+46, threshold=3.60e+05)"
g6_h18_k7_ddense_s0.txt,6,18,7,dense,0,approx,0.002845,76,success
g6_h18_k7_ddense_s1.txt,6,18,7,dense,1,exact,0,-1,"complexity_skip (complexity=1.51e+46, threshold=3.60e+05)"
g6_h18_k7_ddense_s1.txt,6,18,7,dense,1,approx,0.003516,74,success
g6_h18_k7_ddense_s2.txt,6,18,7,dense,2,exact,0,-1,"complexity_skip (complexity=1.51e+46, threshold=3.60e+05)"
g6_h18_k7_ddense_s2.txt,6,18,7,dense,2,approx,0.003140,75,success
g6_h18_k7_dmedium_s0.txt,6,18,7,medium,0,exact,0,-1,"complexity_skip (complexity=1.51e+46, threshold=3.60e+05)"
g6_h18_k7_dmedium_s0.txt,6,18,7,medium,0,approx,0.003205,54,success
g6_h18_k7_dmedium_s1.txt,6,18,7,medium,1,exact,0,-1,"complexity_skip (complexity=1.51e+46, threshold=3.60e+05)"
g6_h18_k7_dmedium_s1.txt,6,18,7,medium,1,approx,0.003082,46,success
g6_h18_k7_dmedium_s2.txt,6,18,7,medium,2,exact,0,-1,"complexity_skip (complexity=1.51e+46, threshold=3.60e+05)"
g6_h18_k7_dmedium_s2.txt,6,18,7,medium,2,approx,0.003606,93,success
g6_h18_k7_dsparse_s0.txt,6,18,7,sparse,0,exact,0,-1,"complexity_skip (complexity=1.51e+46, threshold=3.60e+05)"
g6_h18_k7_dsparse_s0.txt,6,18,7,sparse,0,approx,0.003417,56,success
g6_h18_k7_dsparse_s1.txt,6,18,7,sparse,1,exact,0,-1,"complexity_skip (complexity=1.51e+46, threshold=3.60e+05)"
g6_h18_k7_dsparse_s1.txt,6,18,7,sparse,1,approx,0.004862,81,success
g6_h18_k7_dsparse_s2.txt,6,18,7,sparse,2,exact,0,-1,"complexity_skip (complexity=1.51e+46, threshold=3.60e+05)"
g6_h18_k7_dsparse_s2.txt,6,18,7,sparse,2,approx,0.003283,67,success
g8_h20_k5_ddense_s0.txt,8,20,5,dense,0,approx,0.003213,50,success
g8_h20_k5_ddense_s1.txt,8,20,5,dense,1,approx,0.004783,70,success
g8_h20_k5_ddense_s2.txt,8,20,5,dense,2,approx,0.004559,84,success
g8_h20_k5_dmedium_s0.txt,8,20,5,medium,0,approx,0.003306,75,success
g8_h20_k5_dmedium_s1.txt,8,20,5,medium,1,approx,0.002894,68,success
g8_h20_k5_dmedium_s2.txt,8,20,5,medium,2,approx,0.002764,95,success
g8_h20_k5_dsparse_s0.txt,8,20,5,sparse,0,approx,0.002816,64,success
g8_h20_k5_dsparse_s1.txt,8,20,5,sparse,1,approx,0.002612,101,success
g8_h20_k5_dsparse_s2.txt,8,20,5,sparse,2,approx,0.002577,160,success
g7_h10_k9_ddense_s0.txt,7,10,9,dense,0,approx,0.002536,72,success
g7_h10_k9_ddense_s1.txt,7,10,9,dense,1,approx,0.002612,92,success
g7_h10_k9_ddense_s2.txt,7,10,9,dense,2,approx,0.003009,65,success
g7_h10_k9_dmedium_s0.txt,7,10,9,medium,0,approx,0.002572,96,success
g7_h10_k9_dmedium_s1.txt,7,10,9,medium,1,approx,0.002497,120,success
g7_h10_k9_dmedium_s2.txt,7,10,9,medium,2,approx,0.002455,131,success
g7_h10_k9_dsparse_s0.txt,7,10,9,sparse,0,approx,0.002377,106,success
g7_h10_k9_dsparse_s1.txt,7,10,9,sparse,1,approx,0.002618,78,success
g7_h10_k9_dsparse_s2.txt,7,10,9,sparse,2,approx,0.002653,88,success
g7_h28_k5_ddense_s0.txt,7,28,5,dense,0,approx,0.002932,39,success
g7_h28_k5_ddense_s1.txt,7,28,5,dense,1,approx,0.002879,54,success
g7_h28_k5_ddense_s2.txt,7,28,5,dense,2,approx,0.003854,58,success
g7_h28_k5_dmedium_s0.txt,7,28,5,medium,0,approx,0.004291,67,success
g7_h28_k5_dmedium_s1.txt,7,28,5,medium,1,approx,0.005338,62,success
g7_h28_k5_dmedium_s2.txt,7,28,5,medium,2,approx,0.005605,58,success
g7_h28_k5_dsparse_s0.txt,7,28,5,sparse,0,approx,0.003762,76,success
g7_h28_k5_dsparse_s1.txt,7,28,5,sparse,1,approx,0.003231,86,success
g7_h28_k5_dsparse_s2.txt,7,28,5,sparse,2,approx,0.003154,80,success
g6_h12_k9_ddense_s0.txt,6,12,9,dense,0,exact,0,-1,"complexity_skip (complexity=7.04e+46, threshold=3.60e+05)"
g6_h12_k9_ddense_s0.txt,6,12,9,dense,0,approx,0.002815,104,success
g6_h12_k9_ddense_s1.txt,6,12,9,dense,1,exact,0,-1,"complexity_skip (complexity=7.04e+46, threshold=3.60e+05)"
g6_h12_k9_ddense_s1.txt,6,12,9,dense,1,approx,0.002854,113,success
g6_h12_k9_ddense_s2.txt,6,12,9,dense,2,exact,0,-1,"complexity_skip (complexity=7.04e+46, threshold=3.60e+05)"
g6_h12_k9_ddense_s2.txt,6,12,9,dense,2,approx,0.003185,112,success
g6_h12_k9_dmedium_s0.txt,6,12,9,medium,0,exact,0,-1,"complexity_skip (complexity=7.04e+46, threshold=3.60e+05)"
g6_h12_k9_dmedium_s0.txt,6,12,9,medium,0,approx,0.003684,106,success
g6_h12_k9_dmedium_s1.txt,6,12,9,medium,1,exact,0,-1,"complexity_skip (complexity=7.04e+46, threshold=3.60e+05)"
g6_h12_k9_dmedium_s1.txt,6,12,9,medium,1,approx,0.003473,74,success
g6_h12_k9_dmedium_s2.txt,6,12,9,medium,2,exact,0,-1,"complexity_skip (complexity=7.04e+46, threshold=3.60e+05)"
g6_h12_k9_dmedium_s2.txt,6,12,9,medium,2,approx,0.005006,47,success
g6_h12_k9_dsparse_s0.txt,6,12,9,sparse,0,exact,0,-1,"complexity_skip (complexity=7.04e+46, threshold=3.60e+05)"
g6_h12_k9_dsparse_s0.txt,6,12,9,sparse,0,approx,0.004800,97,success
g6_h12_k9_dsparse_s1.txt,6,12,9,sparse,1,exact,0,-1,"complexity_skip (complexity=7.04e+46, threshold=3.60e+05)"
g6_h12_k9_dsparse_s1.txt,6,12,9,sparse,1,approx,0.006350,88,success
g6_h12_k9_dsparse_s2.txt,6,12,9,sparse,2,exact,0,-1,"complexity_skip (complexity=7.04e+46, threshold=3.60e+05)"
g6_h12_k9_dsparse_s2.txt,6,12,9,sparse,2,approx,0.003313,57,success
g7_h14_k7_ddense_s0.txt,7,14,7,dense,0,approx,0.003867,48,success
g7_h14_k7_ddense_s1.txt,7,14,7,dense,1,approx,0.003049,44,success
g7_h14_k7_ddense_s2.txt,7,14,7,dense,2,approx,0.002848,68,success
g7_h14_k7_dmedium_s0.txt,7,14,7,medium,0,approx,0.002789,67,success
g7_h14_k7_dmedium_s1.txt,7,14,7,medium,1,approx,0.003579,104,success
g7_h14_k7_dmedium_s2.txt,7,14,7,medium,2,approx,0.003177,109,success
g7_h14_k7_dsparse_s0.txt,7,14,7,sparse,0,approx,0.002875,59,success
g7_h14_k7_dsparse_s1.txt,7,14,7,sparse,1,approx,0.002605,62,success
g7_h14_k7_dsparse_s2.txt,7,14,7,sparse,2,approx,0.003165,86,success
g15_h45_k2_ddense_s0.txt,15,45,2,dense,0,approx,0.003861,190,success
g15_h45_k2_ddense_s1.txt,15,45,2,dense,1,approx,0.003580,165,success
g15_h45_k2_ddense_s2.txt,15,45,2,dense,2,approx,0.003521,177,success
g15_h45_k2_dmedium_s0.txt,15,45,2,medium,0,approx,0.003750,225,success
g15_h45_k2_dmedium_s1.txt,15,45,2,medium,1,approx,0.003855,230,success
g15_h45_k2_dmedium_s2.txt,15,45,2,medium,2,approx,0.003821,182,success
g15_h45_k2_dsparse_s0.txt,15,45,2,sparse,0,approx,0.003378,192,success
g15_h45_k2_dsparse_s1.txt,15,45,2,sparse,1,approx,0.003942,134,success
g15_h45_k2_dsparse_s2.txt,15,45,2,sparse,2,approx,0.003915,139,success
g8_h12_k7_ddense_s0.txt,8,12,7,dense,0,approx,0.002812,83,success
g8_h12_k7_ddense_s1.txt,8,12,7,dense,1,approx,0.002680,99,success
g8_h12_k7_ddense_s2.txt,8,12,7,dense,2,approx,0.003135,93,success
g8_h12_k7_dmedium_s0.txt,8,12,7,medium,0,approx,0.002999,158,success
g8_h12_k7_dmedium_s1.txt,8,12,7,medium,1,approx,0.002905,117,success
g8_h12_k7_dmedium_s2.txt,8,12,7,medium,2,approx,0.002529,139,success
g8_h12_k7_dsparse_s0.txt,8,12,7,sparse,0,approx,0.002632,49,success
g8_h12_k7_dsparse_s1.txt,8,12,7,sparse,1,approx,0.002628,121,success
g8_h12_k7_dsparse_s2.txt,8,12,7,sparse,2,approx,0.002973,100,success
g9_h27_k4_ddense_s0.txt,9,27,4,dense,0,approx,0.003053,72,success
g9_h27_k4_ddense_s1.txt,9,27,4,dense,1,approx,0.003157,83,success
g9_h27_k4_ddense_s2.txt,9,27,4,dense,2,approx,0.003045,87,success
g9_h27_k4_dmedium_s0.txt,9,27,4,medium,0,approx,0.003001,129,success
g9_h27_k4_dmedium_s1.txt,9,27,4,medium,1,approx,0.003451,103,success
g9_h27_k4_dmedium_s2.txt,9,27,4,medium,2,approx,0.003084,107,success
g9_h27_k4_dsparse_s0.txt,9,27,4,sparse,0,approx,0.003007,64,success
g9_h27_k4_dsparse_s1.txt,9,27,4,sparse,1,approx,0.002709,122,success
g9_h27_k4_dsparse_s2.txt,9,27,4,sparse,2,approx,0.003146,40,success
g9_h13_k6_ddense_s0.txt,9,13,6,dense,0,approx,0.003019,134,success
g9_h13_k6_ddense_s1.txt,9,13,6,dense,1,approx,0.002800,76,success
g9_h13_k6_ddense_s2.txt,9,13,6,dense,2,approx,0.002620,112,success
g9_h13_k6_dmedium_s0.txt,9,13,6,medium,0,approx,0.002665,172,success
g9_h13_k6_dmedium_s1.txt,9,13,6,medium,1,approx,0.003012,167,success
g9_h13_k6_dmedium_s2.txt,9,13,6,medium,2,approx,0.002884,114,success
g9_h13_k6_dsparse_s0.txt,9,13,6,sparse,0,approx,0.002817,139,success
g9_h13_k6_dsparse_s1.txt,9,13,6,sparse,1,approx,0.002544,122,success
g9_h13_k6_dsparse_s2.txt,9,13,6,sparse,2,approx,0.002651,120,success
g6_h15_k8_ddense_s0.txt,6,15,8,dense,0,exact,0,-1,"complexity_skip (complexity=7.05e+47, threshold=3.60e+05)"
g6_h15_k8_ddense_s0.txt,6,15,8,dense,0,approx,0.002781,95,success
g6_h15_k8_ddense_s1.txt,6,15,8,dense,1,exact,0,-1,"complexity_skip (complexity=7.05e+47, threshold=3.60e+05)"
g6_h15_k8_ddense_s1.txt,6,15,8,dense,1,approx,0.003504,93,success
g6_h15_k8_ddense_s2.txt,6,15,8,dense,2,exact,0,-1,"complexity_skip (complexity=7.05e+47, threshold=3.60e+05)"
g6_h15_k8_ddense_s2.txt,6,15,8,dense,2,approx,0.003268,90,success
g6_h15_k8_dmedium_s0.txt,6,15,8,medium,0,exact,0,-1,"complexity_skip (complexity=7.05e+47, threshold=3.60e+05)"
g6_h15_k8_dmedium_s0.txt,6,15,8,medium,0,approx,0.002633,59,success
g6_h15_k8_dmedium_s1.txt,6,15,8,medium,1,exact,0,-1,"complexity_skip (complexity=7.05e+47, threshold=3.60e+05)"
g6_h15_k8_dmedium_s1.txt,6,15,8,medium,1,approx,0.002620,75,success
g6_h15_k8_dmedium_s2.txt,6,15,8,medium,2,exact,0,-1,"complexity_skip (complexity=7.05e+47, threshold=3.60e+05)"
g6_h15_k8_dmedium_s2.txt,6,15,8,medium,2,approx,0.002833,69,success
g6_h15_k8_dsparse_s0.txt,6,15,8,sparse,0,exact,0,-1,"complexity_skip (complexity=7.05e+47, threshold=3.60e+05)"
g6_h15_k8_dsparse_s0.txt,6,15,8,sparse,0,approx,0.002925,60,success
g6_h15_k8_dsparse_s1.txt,6,15,8,sparse,1,exact,0,-1,"complexity_skip (complexity=7.05e+47, threshold=3.60e+05)"
g6_h15_k8_dsparse_s1.txt,6,15,8,sparse,1,approx,0.002764,41,success
g6_h15_k8_dsparse_s2.txt,6,15,8,sparse,2,exact,0,-1,"complexity_skip (complexity=7.05e+47, threshold=3.60e+05)"
g6_h15_k8_dsparse_s2.txt,6,15,8,sparse,2,approx,0.002577,68,success
g10_h15_k5_ddense_s0.txt,10,15,5,dense,0,approx,0.002786,110,success
g10_h15_k5_ddense_s1.txt,10,15,5,dense,1,approx,0.003574,131,success
g10_h15_k5_ddense_s2.txt,10,15,5,dense,2,approx,0.002972,99,success
g10_h15_k5_dmedium_s0.txt,10,15,5,medium,0,approx,0.002776,151,success
g10_h15_k5_dmedium_s1.txt,10,15,5,medium,1,approx,0.002678,184,success
g10_h15_k5_dmedium_s2.txt,10,15,5,medium,2,approx,0.002947,181,success
g10_h15_k5_dsparse_s0.txt,10,15,5,sparse,0,approx,0.002847,151,success
g10_h15_k5_dsparse_s1.txt,10,15,5,sparse,1,approx,0.002941,117,success
g10_h15_k5_dsparse_s2.txt,10,15,5,sparse,2,approx,0.002612,125,success
g5_h15_k10_ddense_s0.txt,5,15,10,dense,0,exact,0,-1,"complexity_skip (complexity=1.02e+49, threshold=3.60e+05)"
g5_h15_k10_ddense_s0.txt,5,15,10,dense,0,approx,0.002666,73,success
g5_h15_k10_ddense_s1.txt,5,15,10,dense,1,exact,0,-1,"complexity_skip (complexity=1.02e+49, threshold=3.60e+05)"
g5_h15_k10_ddense_s1.txt,5,15,10,dense,1,approx,0.002783,85,success
g5_h15_k10_ddense_s2.txt,5,15,10,dense,2,exact,0,-1,"complexity_skip (complexity=1.02e+49, threshold=3.60e+05)"
g5_h15_k10_ddense_s2.txt,5,15,10,dense,2,approx,0.003613,37,success
g5_h15_k10_dmedium_s0.txt,5,15,10,medium,0,exact,0,-1,"complexity_skip (complexity=1.02e+49, threshold=3.60e+05)"
g5_h15_k10_dmedium_s0.txt,5,15,10,medium,0,approx,0.002830,51,success
g5_h15_k10_dmedium_s1.txt,5,15,10,medium,1,exact,0,-1,"complexity_skip (complexity=1.02e+49, threshold=3.60e+05)"
g5_h15_k10_dmedium_s1.txt,5,15,10,medium,1,approx,0.002595,54,success
g5_h15_k10_dmedium_s2.txt,5,15,10,medium,2,exact,0,-1,"complexity_skip (complexity=1.02e+49, threshold=3.60e+05)"
g5_h15_k10_dmedium_s2.txt,5,15,10,medium,2,approx,0.002640,54,success
g5_h15_k10_dsparse_s0.txt,5,15,10,sparse,0,exact,0,-1,"complexity_skip (complexity=1.02e+49, threshold=3.60e+05)"
g5_h15_k10_dsparse_s0.txt,5,15,10,sparse,0,approx,0.002702,33,success
g5_h15_k10_dsparse_s1.txt,5,15,10,sparse,1,exact,0,-1,"complexity_skip (complexity=1.02e+49, threshold=3.60e+05)"
g5_h15_k10_dsparse_s1.txt,5,15,10,sparse,1,approx,0.002716,44,success
g5_h15_k10_dsparse_s2.txt,5,15,10,sparse,2,exact,0,-1,"complexity_skip (complexity=1.02e+49, threshold=3.60e+05)"
g5_h15_k10_dsparse_s2.txt,5,15,10,sparse,2,approx,0.002623,63,success
g12_h30_k3_ddense_s0.txt,12,30,3,dense,0,approx,0.003017,117,success
g12_h30_k3_ddense_s1.txt,12,30,3,dense,1,approx,0.003011,150,success
g12_h30_k3_ddense_s2.txt,12,30,3,dense,2,approx,0.003097,146,success
g12_h30_k3_dmedium_s0.txt,12,30,3,medium,0,approx,0.002992,169,success
g12_h30_k3_dmedium_s1.txt,12,30,3,medium,1,approx,0.003041,190,success
g12_h30_k3_dmedium_s2.txt,12,30,3,medium,2,approx,0.003180,175,success
g12_h30_k3_dsparse_s0.txt,12,30,3,sparse,0,approx,0.002896,121,success
g12_h30_k3_dsparse_s1.txt,12,30,3,sparse,1,approx,0.003134,129,success
g12_h30_k3_dsparse_s2.txt,12,30,3,sparse,2,approx,0.003026,115,success
g9_h18_k5_ddense_s0.txt,9,18,5,dense,0,approx,0.002844,84,success
g9_h18_k5_ddense_s1.txt,9,18,5,dense,1,approx,0.002816,97,success
g9_h18_k5_ddense_s2.txt,9,18,5,dense,2,approx,0.002908,89,success
g9_h18_k5_dmedium_s0.txt,9,18,5,medium,0,approx,0.003069,73,success
g9_h18_k5_dmedium_s1.txt,9,18,5,medium,1,approx,0.002714,111,success
g9_h18_k5_dmedium_s2.txt,9,18,5,medium,2,approx,0.002887,108,success
g9_h18_k5_dsparse_s0.txt,9,18,5,sparse,0,approx,0.002694,80,success
g9_h18_k5_dsparse_s1.txt,9,18,5,sparse,1,approx,0.002930,101,success
g9_h18_k5_dsparse_s2.txt,9,18,5,sparse,2,approx,0.003452,94,success
g8_h16_k6_ddense_s0.txt,8,16,6,dense,0,approx,0.002958,83,success
g8_h16_k6_ddense_s1.txt,8,16,6,dense,1,approx,0.003250,78,success
g8_h16_k6_ddense_s2.txt,8,16,6,dense,2,approx,0.002954,72,success
g8_h16_k6_dmedium_s0.txt,8,16,6,medium,0,approx,0.002800,92,success
g8_h16_k6_dmedium_s1.txt,8,16,6,medium,1,approx,0.002907,180,success
g8_h16_k6_dmedium_s2.txt,8,16,6,medium,2,approx,0.003023,105,success
g8_h16_k6_dsparse_s0.txt,8,16,6,sparse,0,approx,0.002967,65,success
g8_h16_k6_dsparse_s1.txt,8,16,6,sparse,1,approx,0.002855,99,success
g8_h16_k6_dsparse_s2.txt,8,16,6,sparse,2,approx,0.002844,103,success
g7_h21_k6_ddense_s0.txt,7,21,6,dense,0,approx,0.003246,57,success
g7_h21_k6_ddense_s1.txt,7,21,6,dense,1,approx,0.002907,56,success
g7_h21_k6_ddense_s2.txt,7,21,6,dense,2,approx,0.002884,43,success
g7_h21_k6_dmedium_s0.txt,7,21,6,medium,0,approx,0.002870,71,success
g7_h21_k6_dmedium_s1.txt,7,21,6,medium,1,approx,0.003345,77,success
g7_h21_k6_dmedium_s2.txt,7,21,6,medium,2,approx,0.003777,73,success
g7_h21_k6_dsparse_s0.txt,7,21,6,sparse,0,approx,0.003428,71,success
g7_h21_k6_dsparse_s1.txt,7,21,6,sparse,1,approx,0.003127,68,success
g7_h21_k6_dsparse_s2.txt,7,21,6,sparse,2,approx,0.002936,51,success
g8_h24_k5_ddense_s0.txt,8,24,5,dense,0,approx,0.003165,60,success
g8_h24_k5_ddense_s1.txt,8,24,5,dense,1,approx,0.003162,64,success
g8_h24_k5_ddense_s2.txt,8,24,5,dense,2,approx,0.003210,64,success
g8_h24_k5_dmedium_s0.txt,8,24,5,medium,0,approx,0.002976,110,success
g8_h24_k5_dmedium_s1.txt,8,24,5,medium,1,approx,0.003084,135,success
g8_h24_k5_dmedium_s2.txt,8,24,5,medium,2,approx,0.003050,106,success
g8_h24_k5_dsparse_s0.txt,8,24,5,sparse,0,approx,0.003276,58,success
g8_h24_k5_dsparse_s1.txt,8,24,5,sparse,1,approx,0.002959,60,success
g8_h24_k5_dsparse_s2.txt,8,24,5,sparse,2,approx,0.002862,90,success
g12_h18_k4_ddense_s0.txt,12,18,4,dense,0,approx,0.003187,188,success
g12_h18_k4_ddense_s1.txt,12,18,4,dense,1,approx,0.002912,181,success
g12_h18_k4_ddense_s2.txt,12,18,4,dense,2,approx,0.003176,144,success
g12_h18_k4_dmedium_s0.txt,12,18,4,medium,0,approx,0.003302,205,success
g12_h18_k4_dmedium_s1.txt,12,18,4,medium,1,approx,0.013602,214,success
g12_h18_k4_dmedium_s2.txt,12,18,4,medium,2,approx,0.007366,272,success
g12_h18_k4_dsparse_s0.txt,12,18,4,sparse,0,approx,0.008516,171,success
g12_h18_k4_dsparse_s1.txt,12,18,4,sparse,1,approx,0.005482,168,success
g12_h18_k4_dsparse_s2.txt,12,18,4,sparse,2,approx,0.006055,151,success
g5_h20_k9_ddense_s0.txt,5,20,9,dense,0,exact,0,-1,"complexity_skip (complexity=7.36e+50, threshold=3.60e+05)"
g5_h20_k9_ddense_s0.txt,5,20,9,dense,0,approx,0.004172,77,success
g5_h20_k9_ddense_s1.txt,5,20,9,dense,1,exact,0,-1,"complexity_skip (complexity=7.36e+50, threshold=3.60e+05)"
g5_h20_k9_ddense_s1.txt,5,20,9,dense,1,approx,0.003571,80,success
g5_h20_k9_ddense_s2.txt,5,20,9,dense,2,exact,0,-1,"complexity_skip (complexity=7.36e+50, threshold=3.60e+05)"
g5_h20_k9_ddense_s2.txt,5,20,9,dense,2,approx,0.003194,84,success
g5_h20_k9_dmedium_s0.txt,5,20,9,medium,0,exact,0,-1,"complexity_skip (complexity=7.36e+50, threshold=3.60e+05)"
g5_h20_k9_dmedium_s0.txt,5,20,9,medium,0,approx,0.004953,97,success
g5_h20_k9_dmedium_s1.txt,5,20,9,medium,1,exact,0,-1,"complexity_skip (complexity=7.36e+50, threshold=3.60e+05)"
g5_h20_k9_dmedium_s1.txt,5,20,9,medium,1,approx,0.003094,54,success
g5_h20_k9_dmedium_s2.txt,5,20,9,medium,2,exact,0,-1,"complexity_skip (complexity=7.36e+50, threshold=3.60e+05)"
g5_h20_k9_dmedium_s2.txt,5,20,9,medium,2,approx,0.003442,78,success
g5_h20_k9_dsparse_s0.txt,5,20,9,sparse,0,exact,0,-1,"complexity_skip (complexity=7.36e+50, threshold=3.60e+05)"
g5_h20_k9_dsparse_s0.txt,5,20,9,sparse,0,approx,0.003514,52,success
g5_h20_k9_dsparse_s1.txt,5,20,9,sparse,1,exact,0,-1,"complexity_skip (complexity=7.36e+50, threshold=3.60e+05)"
g5_h20_k9_dsparse_s1.txt,5,20,9,sparse,1,approx,0.004998,23,success
g5_h20_k9_dsparse_s2.txt,5,20,9,sparse,2,exact,0,-1,"complexity_skip (complexity=7.36e+50, threshold=3.60e+05)"
g5_h20_k9_dsparse_s2.txt,5,20,9,sparse,2,approx,0.003136,12,success
g10_h25_k4_ddense_s0.txt,10,25,4,dense,0,approx,0.003895,95,success
g10_h25_k4_ddense_s1.txt,10,25,4,dense,1,approx,0.004181,98,success
g10_h25_k4_ddense_s2.txt,10,25,4,dense,2,approx,0.003489,130,success
g10_h25_k4_dmedium_s0.txt,10,25,4,medium,0,approx,0.004362,152,success
g10_h25_k4_dmedium_s1.txt,10,25,4,medium,1,approx,0.003192,169,success
g10_h25_k4_dmedium_s2.txt,10,25,4,medium,2,approx,0.003419,112,success
g10_h25_k4_dsparse_s0.txt,10,25,4,sparse,0,approx,0.003007,84,success
g10_h25_k4_dsparse_s1.txt,10,25,4,sparse,1,approx,0.003258,112,success
g10_h25_k4_dsparse_s2.txt,10,25,4,sparse,2,approx,0.003299,79,success
g7_h10_k10_ddense_s0.txt,7,10,10,dense,0,approx,0.002796,48,success
g7_h10_k10_ddense_s1.txt,7,10,10,dense,1,approx,0.003217,101,success
g7_h10_k10_ddense_s2.txt,7,10,10,dense,2,approx,0.002658,97,success
g7_h10_k10_dmedium_s0.txt,7,10,10,medium,0,approx,0.003107,98,success
g7_h10_k10_dmedium_s1.txt,7,10,10,medium,1,approx,0.002761,100,success
g7_h10_k10_dmedium_s2.txt,7,10,10,medium,2,approx,0.002584,90,success
g7_h10_k10_dsparse_s0.txt,7,10,10,sparse,0,approx,0.003066,100,success
g7_h10_k10_dsparse_s1.txt,7,10,10,sparse,1,approx,0.002653,113,success
g7_h10_k10_dsparse_s2.txt,7,10,10,sparse,2,approx,0.002976,92,success
g15_h22_k3_ddense_s0.txt,15,22,3,dense,0,approx,0.003323,273,success
g15_h22_k3_ddense_s1.txt,15,22,3,dense,1,approx,0.003537,210,success
g15_h22_k3_ddense_s2.txt,15,22,3,dense,2,approx,0.003425,288,success
g15_h22_k3_dmedium_s0.txt,15,22,3,medium,0,approx,0.003221,326,success
g15_h22_k3_dmedium_s1.txt,15,22,3,medium,1,approx,0.003812,364,success
g15_h22_k3_dmedium_s2.txt,15,22,3,medium,2,approx,0.003191,284,success
g15_h22_k3_dsparse_s0.txt,15,22,3,sparse,0,approx,0.003461,193,success
g15_h22_k3_dsparse_s1.txt,15,22,3,sparse,1,approx,0.002860,252,success
g15_h22_k3_dsparse_s2.txt,15,22,3,sparse,2,approx,0.003291,169,success
g15_h60_k2_ddense_s0.txt,15,60,2,dense,0,approx,0.004493,165,success
g15_h60_k2_ddense_s1.txt,15,60,2,dense,1,approx,0.004331,181,success
g15_h60_k2_ddense_s2.txt,15,60,2,dense,2,approx,0.004195,178,success
g15_h60_k2_dmedium_s0.txt,15,60,2,medium,0,approx,0.004568,211,success
g15_h60_k2_dmedium_s1.txt,15,60,2,medium,1,approx,0.004128,218,success
g15_h60_k2_dmedium_s2.txt,15,60,2,medium,2,approx,0.004477,181,success
g15_h60_k2_dsparse_s0.txt,15,60,2,sparse,0,approx,0.004349,134,success
g15_h60_k2_dsparse_s1.txt,15,60,2,sparse,1,approx,0.004376,150,success
g15_h60_k2_dsparse_s2.txt,15,60,2,sparse,2,approx,0.004581,148,success
g6_h12_k10_ddense_s0.txt,6,12,10,dense,0,exact,0,-1,"complexity_skip (complexity=4.68e+51, threshold=3.60e+05)"
g6_h12_k10_ddense_s0.txt,6,12,10,dense,0,approx,0.003499,93,success
g6_h12_k10_ddense_s1.txt,6,12,10,dense,1,exact,0,-1,"complexity_skip (complexity=4.68e+51, threshold=3.60e+05)"
g6_h12_k10_ddense_s1.txt,6,12,10,dense,1,approx,0.003246,67,success
g6_h12_k10_ddense_s2.txt,6,12,10,dense,2,exact,0,-1,"complexity_skip (complexity=4.68e+51, threshold=3.60e+05)"
g6_h12_k10_ddense_s2.txt,6,12,10,dense,2,approx,0.002913,107,success
g6_h12_k10_dmedium_s0.txt,6,12,10,medium,0,exact,0,-1,"complexity_skip (complexity=4.68e+51, threshold=3.60e+05)"
g6_h12_k10_dmedium_s0.txt,6,12,10,medium,0,approx,0.002827,67,success
g6_h12_k10_dmedium_s1.txt,6,12,10,medium,1,exact,0,-1,"complexity_skip (complexity=4.68e+51, threshold=3.60e+05)"
g6_h12_k10_dmedium_s1.txt,6,12,10,medium,1,approx,0.002893,66,success
g6_h12_k10_dmedium_s2.txt,6,12,10,medium,2,exact,0,-1,"complexity_skip (complexity=4.68e+51, threshold=3.60e+05)"
g6_h12_k10_dmedium_s2.txt,6,12,10,medium,2,approx,0.002983,89,success
g6_h12_k10_dsparse_s0.txt,6,12,10,sparse,0,exact,0,-1,"complexity_skip (complexity=4.68e+51, threshold=3.60e+05)"
g6_h12_k10_dsparse_s0.txt,6,12,10,sparse,0,approx,0.003644,91,success
g6_h12_k10_dsparse_s1.txt,6,12,10,sparse,1,exact,0,-1,"complexity_skip (complexity=4.68e+51, threshold=3.60e+05)"
g6_h12_k10_dsparse_s1.txt,6,12,10,sparse,1,approx,0.002958,65,success
g6_h12_k10_dsparse_s2.txt,6,12,10,sparse,2,exact,0,-1,"complexity_skip (complexity=4.68e+51, threshold=3.60e+05)"
g6_h12_k10_dsparse_s2.txt,6,12,10,sparse,2,approx,0.002732,101,success
g6_h24_k7_ddense_s0.txt,6,24,7,dense,0,exact,0,-1,"complexity_skip (complexity=1.59e+52, threshold=3.60e+05)"
g6_h24_k7_ddense_s0.txt,6,24,7,dense,0,approx,0.002863,77,success
g6_h24_k7_ddense_s1.txt,6,24,7,dense,1,exact,0,-1,"complexity_skip (complexity=1.59e+52, threshold=3.60e+05)"
g6_h24_k7_ddense_s1.txt,6,24,7,dense,1,approx,0.002945,62,success
g6_h24_k7_ddense_s2.txt,6,24,7,dense,2,exact,0,-1,"complexity_skip (complexity=1.59e+52, threshold=3.60e+05)"
g6_h24_k7_ddense_s2.txt,6,24,7,dense,2,approx,0.002782,77,success
g6_h24_k7_dmedium_s0.txt,6,24,7,medium,0,exact,0,-1,"complexity_skip (complexity=1.59e+52, threshold=3.60e+05)"
g6_h24_k7_dmedium_s0.txt,6,24,7,medium,0,approx,0.002746,79,success
g6_h24_k7_dmedium_s1.txt,6,24,7,medium,1,exact,0,-1,"complexity_skip (complexity=1.59e+52, threshold=3.60e+05)"
g6_h24_k7_dmedium_s1.txt,6,24,7,medium,1,approx,0.002734,69,success
g6_h24_k7_dmedium_s2.txt,6,24,7,medium,2,exact,0,-1,"complexity_skip (complexity=1.59e+52, threshold=3.60e+05)"
g6_h24_k7_dmedium_s2.txt,6,24,7,medium,2,approx,0.002885,88,success
g6_h24_k7_dsparse_s0.txt,6,24,7,sparse,0,exact,0,-1,"complexity_skip (complexity=1.59e+52, threshold=3.60e+05)"
g6_h24_k7_dsparse_s0.txt,6,24,7,sparse,0,approx,0.002937,80,success
g6_h24_k7_dsparse_s1.txt,6,24,7,sparse,1,exact,0,-1,"complexity_skip (complexity=1.59e+52, threshold=3.60e+05)"
g6_h24_k7_dsparse_s1.txt,6,24,7,sparse,1,approx,0.002896,55,success
g6_h24_k7_dsparse_s2.txt,6,24,7,sparse,2,exact,0,-1,"complexity_skip (complexity=1.59e+52, threshold=3.60e+05)"
g6_h24_k7_dsparse_s2.txt,6,24,7,sparse,2,approx,0.002937,63,success
g7_h17_k7_ddense_s0.txt,7,17,7,dense,0,approx,0.002806,57,success
g7_h17_k7_ddense_s1.txt,7,17,7,dense,1,approx,0.002599,37,success
g7_h17_k7_ddense_s2.txt,7,17,7,dense,2,approx,0.002915,45,success
g7_h17_k7_dmedium_s0.txt,7,17,7,medium,0,approx,0.002855,97,success
g7_h17_k7_dmedium_s1.txt,7,17,7,medium,1,approx,0.025585,73,success
g7_h17_k7_dmedium_s2.txt,7,17,7,medium,2,approx,0.008509,86,success
g7_h17_k7_dsparse_s0.txt,7,17,7,sparse,0,approx,0.004352,52,success
g7_h17_k7_dsparse_s1.txt,7,17,7,sparse,1,approx,0.005214,57,success
g7_h17_k7_dsparse_s2.txt,7,17,7,sparse,2,approx,0.006299,90,success
g6_h18_k8_ddense_s0.txt,6,18,8,dense,0,exact,0,-1,"complexity_skip (complexity=2.53e+52, threshold=3.60e+05)"
g6_h18_k8_ddense_s0.txt,6,18,8,dense,0,approx,0.003108,78,success
g6_h18_k8_ddense_s1.txt,6,18,8,dense,1,exact,0,-1,"complexity_skip (complexity=2.53e+52, threshold=3.60e+05)"
g6_h18_k8_ddense_s1.txt,6,18,8,dense,1,approx,0.002807,86,success
g6_h18_k8_ddense_s2.txt,6,18,8,dense,2,exact,0,-1,"complexity_skip (complexity=2.53e+52, threshold=3.60e+05)"
g6_h18_k8_ddense_s2.txt,6,18,8,dense,2,approx,0.002781,87,success
g6_h18_k8_dmedium_s0.txt,6,18,8,medium,0,exact,0,-1,"complexity_skip (complexity=2.53e+52, threshold=3.60e+05)"
g6_h18_k8_dmedium_s0.txt,6,18,8,medium,0,approx,0.002760,57,success
g6_h18_k8_dmedium_s1.txt,6,18,8,medium,1,exact,0,-1,"complexity_skip (complexity=2.53e+52, threshold=3.60e+05)"
g6_h18_k8_dmedium_s1.txt,6,18,8,medium,1,approx,0.002835,115,success
g6_h18_k8_dmedium_s2.txt,6,18,8,medium,2,exact,0,-1,"complexity_skip (complexity=2.53e+52, threshold=3.60e+05)"
g6_h18_k8_dmedium_s2.txt,6,18,8,medium,2,approx,0.002932,93,success
g6_h18_k8_dsparse_s0.txt,6,18,8,sparse,0,exact,0,-1,"complexity_skip (complexity=2.53e+52, threshold=3.60e+05)"
g6_h18_k8_dsparse_s0.txt,6,18,8,sparse,0,approx,0.002741,50,success
g6_h18_k8_dsparse_s1.txt,6,18,8,sparse,1,exact,0,-1,"complexity_skip (complexity=2.53e+52, threshold=3.60e+05)"
g6_h18_k8_dsparse_s1.txt,6,18,8,sparse,1,approx,0.002780,68,success
g6_h18_k8_dsparse_s2.txt,6,18,8,sparse,2,exact,0,-1,"complexity_skip (complexity=2.53e+52, threshold=3.60e+05)"
g6_h18_k8_dsparse_s2.txt,6,18,8,sparse,2,approx,0.002820,78,success
g12_h36_k3_ddense_s0.txt,12,36,3,dense,0,approx,0.003448,139,success
g12_h36_k3_ddense_s1.txt,12,36,3,dense,1,approx,0.003362,151,success
g12_h36_k3_ddense_s2.txt,12,36,3,dense,2,approx,0.003881,142,success
g12_h36_k3_dmedium_s0.txt,12,36,3,medium,0,approx,0.003432,145,success
g12_h36_k3_dmedium_s1.txt,12,36,3,medium,1,approx,0.003366,169,success
g12_h36_k3_dmedium_s2.txt,12,36,3,medium,2,approx,0.003363,150,success
g12_h36_k3_dsparse_s0.txt,12,36,3,sparse,0,approx,0.003358,90,success
g12_h36_k3_dsparse_s1.txt,12,36,3,sparse,1,approx,0.003199,110,success
g12_h36_k3_dsparse_s2.txt,12,36,3,sparse,2,approx,0.003745,89,success
g9_h36_k4_ddense_s0.txt,9,36,4,dense,0,approx,0.003550,76,success
g9_h36_k4_ddense_s1.txt,9,36,4,dense,1,approx,0.003537,75,success
g9_h36_k4_ddense_s2.txt,9,36,4,dense,2,approx,0.003704,80,success
g9_h36_k4_dmedium_s0.txt,9,36,4,medium,0,approx,0.003831,124,success
g9_h36_k4_dmedium_s1.txt,9,36,4,medium,1,approx,0.004352,109,success
g9_h36_k4_dmedium_s2.txt,9,36,4,medium,2,approx,0.004965,110,success
g9_h36_k4_dsparse_s0.txt,9,36,4,sparse,0,approx,0.003750,97,success
g9_h36_k4_dsparse_s1.txt,9,36,4,sparse,1,approx,0.003436,58,success
g9_h36_k4_dsparse_s2.txt,9,36,4,sparse,2,approx,0.003248,60,success
g7_h14_k8_ddense_s0.txt,7,14,8,dense,0,approx,0.002880,53,success
g7_h14_k8_ddense_s1.txt,7,14,8,dense,1,approx,0.002774,100,success
g7_h14_k8_ddense_s2.txt,7,14,8,dense,2,approx,0.002795,103,success
g7_h14_k8_dmedium_s0.txt,7,14,8,medium,0,approx,0.002576,119,success
g7_h14_k8_dmedium_s1.txt,7,14,8,medium,1,approx,0.002551,123,success
g7_h14_k8_dmedium_s2.txt,7,14,8,medium,2,approx,0.002706,78,success
g7_h14_k8_dsparse_s0.txt,7,14,8,sparse,0,approx,0.002909,81,success
g7_h14_k8_dsparse_s1.txt,7,14,8,sparse,1,approx,0.003774,56,success
g7_h14_k8_dsparse_s2.txt,7,14,8,sparse,2,approx,0.003119,63,success
g6_h15_k9_ddense_s0.txt,6,15,9,dense,0,exact,0,-1,"complexity_skip (complexity=2.82e+53, threshold=3.60e+05)"
g6_h15_k9_ddense_s0.txt,6,15,9,dense,0,approx,0.003229,102,success
g6_h15_k9_ddense_s1.txt,6,15,9,dense,1,exact,0,-1,"complexity_skip (complexity=2.82e+53, threshold=3.60e+05)"
g6_h15_k9_ddense_s1.txt,6,15,9,dense,1,approx,0.003053,112,success
g6_h15_k9_ddense_s2.txt,6,15,9,dense,2,exact,0,-1,"complexity_skip (complexity=2.82e+53, threshold=3.60e+05)"
g6_h15_k9_ddense_s2.txt,6,15,9,dense,2,approx,0.003291,107,success
g6_h15_k9_dmedium_s0.txt,6,15,9,medium,0,exact,0,-1,"complexity_skip (complexity=2.82e+53, threshold=3.60e+05)"
g6_h15_k9_dmedium_s0.txt,6,15,9,medium,0,approx,0.002781,85,success
g6_h15_k9_dmedium_s1.txt,6,15,9,medium,1,exact,0,-1,"complexity_skip (complexity=2.82e+53, threshold=3.60e+05)"
g6_h15_k9_dmedium_s1.txt,6,15,9,medium,1,approx,0.002727,86,success
g6_h15_k9_dmedium_s2.txt,6,15,9,medium,2,exact,0,-1,"complexity_skip (complexity=2.82e+53, threshold=3.60e+05)"
g6_h15_k9_dmedium_s2.txt,6,15,9,medium,2,approx,0.002808,77,success
g6_h15_k9_dsparse_s0.txt,6,15,9,sparse,0,exact,0,-1,"complexity_skip (complexity=2.82e+53, threshold=3.60e+05)"
g6_h15_k9_dsparse_s0.txt,6,15,9,sparse,0,approx,0.002681,66,success
g6_h15_k9_dsparse_s1.txt,6,15,9,sparse,1,exact,0,-1,"complexity_skip (complexity=2.82e+53, threshold=3.60e+05)"
g6_h15_k9_dsparse_s1.txt,6,15,9,sparse,1,approx,0.002847,65,success
g6_h15_k9_dsparse_s2.txt,6,15,9,sparse,2,exact,0,-1,"complexity_skip (complexity=2.82e+53, threshold=3.60e+05)"
g6_h15_k9_dsparse_s2.txt,6,15,9,sparse,2,approx,0.002941,49,success
g8_h12_k8_ddense_s0.txt,8,12,8,dense,0,approx,0.002982,83,success
g8_h12_k8_ddense_s1.txt,8,12,8,dense,1,approx,0.002917,80,success
g8_h12_k8_ddense_s2.txt,8,12,8,dense,2,approx,0.003207,69,success
g8_h12_k8_dmedium_s0.txt,8,12,8,medium,0,approx,0.002936,119,success
g8_h12_k8_dmedium_s1.txt,8,12,8,medium,1,approx,0.002762,183,success
g8_h12_k8_dmedium_s2.txt,8,12,8,medium,2,approx,0.002712,161,success
g8_h12_k8_dsparse_s0.txt,8,12,8,sparse,0,approx,0.002620,118,success
g8_h12_k8_dsparse_s1.txt,8,12,8,sparse,1,approx,0.002739,145,success
g8_h12_k8_dsparse_s2.txt,8,12,8,sparse,2,approx,0.002569,149,success
g9_h22_k5_ddense_s0.txt,9,22,5,dense,0,approx,0.002766,104,success
g9_h22_k5_ddense_s1.txt,9,22,5,dense,1,approx,0.002771,88,success
g9_h22_k5_ddense_s2.txt,9,22,5,dense,2,approx,0.002844,111,success
g9_h22_k5_dmedium_s0.txt,9,22,5,medium,0,approx,0.003199,106,success
g9_h22_k5_dmedium_s1.txt,9,22,5,medium,1,approx,0.002996,154,success
g9_h22_k5_dmedium_s2.txt,9,22,5,medium,2,approx,0.002955,129,success
g9_h22_k5_dsparse_s0.txt,9,22,5,sparse,0,approx,0.003002,47,success
g9_h22_k5_dsparse_s1.txt,9,22,5,sparse,1,approx,0.003162,105,success
g9_h22_k5_dsparse_s2.txt,9,22,5,sparse,2,approx,0.002777,99,success
g10_h30_k4_ddense_s0.txt,10,30,4,dense,0,approx,0.003111,110,success
g10_h30_k4_ddense_s1.txt,10,30,4,dense,1,approx,0.003115,130,success
g10_h30_k4_ddense_s2.txt,10,30,4,dense,2,approx,0.003088,101,success
g10_h30_k4_dmedium_s0.txt,10,30,4,medium,0,approx,0.002958,133,success
g10_h30_k4_dmedium_s1.txt,10,30,4,medium,1,approx,0.003071,135,success
g10_h30_k4_dmedium_s2.txt,10,30,4,medium,2,approx,0.002940,119,success
g10_h30_k4_dsparse_s0.txt,10,30,4,sparse,0,approx,0.002946,112,success
g10_h30_k4_dsparse_s1.txt,10,30,4,sparse,1,approx,0.002878,88,success
g10_h30_k4_dsparse_s2.txt,10,30,4,sparse,2,approx,0.002868,64,success
g9_h13_k7_ddense_s0.txt,9,13,7,dense,0,approx,0.002707,136,success
g9_h13_k7_ddense_s1.txt,9,13,7,dense,1,approx,0.002644,81,success
g9_h13_k7_ddense_s2.txt,9,13,7,dense,2,approx,0.002666,115,success
g9_h13_k7_dmedium_s0.txt,9,13,7,medium,0,approx,0.002726,177,success
g9_h13_k7_dmedium_s1.txt,9,13,7,medium,1,approx,0.002803,133,success
g9_h13_k7_dmedium_s2.txt,9,13,7,medium,2,approx,0.002743,163,success
g9_h13_k7_dsparse_s0.txt,9,13,7,sparse,0,approx,0.002786,129,success
g9_h13_k7_dsparse_s1.txt,9,13,7,sparse,1,approx,0.002642,132,success
g9_h13_k7_dsparse_s2.txt,9,13,7,sparse,2,approx,0.002719,129,success
g8_h20_k6_ddense_s0.txt,8,20,6,dense,0,approx,0.002930,77,success
g8_h20_k6_ddense_s1.txt,8,20,6,dense,1,approx,0.002983,70,success
g8_h20_k6_ddense_s2.txt,8,20,6,dense,2,approx,0.003476,76,success
g8_h20_k6_dmedium_s0.txt,8,20,6,medium,0,approx,0.003440,97,success
g8_h20_k6_dmedium_s1.txt,8,20,6,medium,1,approx,0.002869,85,success
g8_h20_k6_dmedium_s2.txt,8,20,6,medium,2,approx,0.003045,144,success
g8_h20_k6_dsparse_s0.txt,8,20,6,sparse,0,approx,0.003071,41,success
g8_h20_k6_dsparse_s1.txt,8,20,6,sparse,1,approx,0.002834,51,success
g8_h20_k6_dsparse_s2.txt,8,20,6,sparse,2,approx,0.002741,68,success
g7_h28_k6_ddense_s0.txt,7,28,6,dense,0,approx,0.002982,54,success
g7_h28_k6_ddense_s1.txt,7,28,6,dense,1,approx,0.003107,51,success
g7_h28_k6_ddense_s2.txt,7,28,6,dense,2,approx,0.002908,64,success
g7_h28_k6_dmedium_s0.txt,7,28,6,medium,0,approx,0.003024,63,success
g7_h28_k6_dmedium_s1.txt,7,28,6,medium,1,approx,0.002910,53,success
g7_h28_k6_dmedium_s2.txt,7,28,6,medium,2,approx,0.002909,67,success
g7_h28_k6_dsparse_s0.txt,7,28,6,sparse,0,approx,0.002723,79,success
g7_h28_k6_dsparse_s1.txt,7,28,6,sparse,1,approx,0.002786,28,success
g7_h28_k6_dsparse_s2.txt,7,28,6,sparse,2,approx,0.002709,52,success
g8_h32_k5_ddense_s0.txt,8,32,5,dense,0,approx,0.002885,52,success
g8_h32_k5_ddense_s1.txt,8,32,5,dense,1,approx,0.002896,63,success
g8_h32_k5_ddense_s2.txt,8,32,5,dense,2,approx,0.003046,66,success
g8_h32_k5_dmedium_s0.txt,8,32,5,medium,0,approx,0.002953,100,success
g8_h32_k5_dmedium_s1.txt,8,32,5,medium,1,approx,0.003013,94,success
g8_h32_k5_dmedium_s2.txt,8,32,5,medium,2,approx,0.002824,94,success
g8_h32_k5_dsparse_s0.txt,8,32,5,sparse,0,approx,0.002927,112,success
g8_h32_k5_dsparse_s1.txt,8,32,5,sparse,1,approx,0.002975,95,success
g8_h32_k5_dsparse_s2.txt,8,32,5,sparse,2,approx,0.003194,54,success
g5_h20_k10_ddense_s0.txt,5,20,10,dense,0,exact,0,-1,"complexity_skip (complexity=1.37e+56, threshold=3.60e+05)"
g5_h20_k10_ddense_s0.txt,5,20,10,dense,0,approx,0.003276,71,success
g5_h20_k10_ddense_s1.txt,5,20,10,dense,1,exact,0,-1,"complexity_skip (complexity=1.37e+56, threshold=3.60e+05)"
g5_h20_k10_ddense_s1.txt,5,20,10,dense,1,approx,0.002840,86,success
g5_h20_k10_ddense_s2.txt,5,20,10,dense,2,exact,0,-1,"complexity_skip (complexity=1.37e+56, threshold=3.60e+05)"
g5_h20_k10_ddense_s2.txt,5,20,10,dense,2,approx,0.002745,57,success
g5_h20_k10_dmedium_s0.txt,5,20,10,medium,0,exact,0,-1,"complexity_skip (complexity=1.37e+56, threshold=3.60e+05)"
g5_h20_k10_dmedium_s0.txt,5,20,10,medium,0,approx,0.002977,78,success
g5_h20_k10_dmedium_s1.txt,5,20,10,medium,1,exact,0,-1,"complexity_skip (complexity=1.37e+56, threshold=3.60e+05)"
g5_h20_k10_dmedium_s1.txt,5,20,10,medium,1,approx,0.002704,73,success
g5_h20_k10_dmedium_s2.txt,5,20,10,medium,2,exact,0,-1,"complexity_skip (complexity=1.37e+56, threshold=3.60e+05)"
g5_h20_k10_dmedium_s2.txt,5,20,10,medium,2,approx,0.002628,62,success
g5_h20_k10_dsparse_s0.txt,5,20,10,sparse,0,exact,0,-1,"complexity_skip (complexity=1.37e+56, threshold=3.60e+05)"
g5_h20_k10_dsparse_s0.txt,5,20,10,sparse,0,approx,0.002716,40,success
g5_h20_k10_dsparse_s1.txt,5,20,10,sparse,1,exact,0,-1,"complexity_skip (complexity=1.37e+56, threshold=3.60e+05)"
g5_h20_k10_dsparse_s1.txt,5,20,10,sparse,1,approx,0.002652,41,success
g5_h20_k10_dsparse_s2.txt,5,20,10,sparse,2,exact,0,-1,"complexity_skip (complexity=1.37e+56, threshold=3.60e+05)"
g5_h20_k10_dsparse_s2.txt,5,20,10,sparse,2,approx,0.002756,39,success
g10_h20_k5_ddense_s0.txt,10,20,5,dense,0,approx,0.003045,116,success
g10_h20_k5_ddense_s1.txt,10,20,5,dense,1,approx,0.002978,121,success
g10_h20_k5_ddense_s2.txt,10,20,5,dense,2,approx,0.002783,104,success
g10_h20_k5_dmedium_s0.txt,10,20,5,medium,0,approx,0.002854,160,success
g10_h20_k5_dmedium_s1.txt,10,20,5,medium,1,approx,0.003163,207,success
g10_h20_k5_dmedium_s2.txt,10,20,5,medium,2,approx,0.002840,148,success
g10_h20_k5_dsparse_s0.txt,10,20,5,sparse,0,approx,0.002818,93,success
g10_h20_k5_dsparse_s1.txt,10,20,5,sparse,1,approx,0.002760,153,success
g10_h20_k5_dsparse_s2.txt,10,20,5,sparse,2,approx,0.002871,134,success
g8_h16_k7_ddense_s0.txt,8,16,7,dense,0,approx,0.002735,78,success
g8_h16_k7_ddense_s1.txt,8,16,7,dense,1,approx,0.002683,92,success
g8_h16_k7_ddense_s2.txt,8,16,7,dense,2,approx,0.002764,83,success
g8_h16_k7_dmedium_s0.txt,8,16,7,medium,0,approx,0.002620,131,success
g8_h16_k7_dmedium_s1.txt,8,16,7,medium,1,approx,0.003941,97,success
g8_h16_k7_dmedium_s2.txt,8,16,7,medium,2,approx,0.003050,149,success
g8_h16_k7_dsparse_s0.txt,8,16,7,sparse,0,approx,0.002850,83,success
g8_h16_k7_dsparse_s1.txt,8,16,7,sparse,1,approx,0.002747,79,success
g8_h16_k7_dsparse_s2.txt,8,16,7,sparse,2,approx,0.002599,100,success
g10_h15_k6_ddense_s0.txt,10,15,6,dense,0,approx,0.002869,115,success
g10_h15_k6_ddense_s1.txt,10,15,6,dense,1,approx,0.002892,137,success
g10_h15_k6_ddense_s2.txt,10,15,6,dense,2,approx,0.002853,103,success
g10_h15_k6_dmedium_s0.txt,10,15,6,medium,0,approx,0.002722,199,success
g10_h15_k6_dmedium_s1.txt,10,15,6,medium,1,approx,0.002978,179,success
g10_h15_k6_dmedium_s2.txt,10,15,6,medium,2,approx,0.002673,194,success
g10_h15_k6_dsparse_s0.txt,10,15,6,sparse,0,approx,0.002817,124,success
g10_h15_k6_dsparse_s1.txt,10,15,6,sparse,1,approx,0.002707,142,success
g10_h15_k6_dsparse_s2.txt,10,15,6,sparse,2,approx,0.002762,128,success
g7_h21_k7_ddense_s0.txt,7,21,7,dense,0,approx,0.002724,53,success
g7_h21_k7_ddense_s1.txt,7,21,7,dense,1,approx,0.002651,58,success
g7_h21_k7_ddense_s2.txt,7,21,7,dense,2,approx,0.002693,56,success
g7_h21_k7_dmedium_s0.txt,7,21,7,medium,0,approx,0.002872,69,success
g7_h21_k7_dmedium_s1.txt,7,21,7,medium,1,approx,0.002662,89,success
g7_h21_k7_dmedium_s2.txt,7,21,7,medium,2,approx,0.002718,95,success
g7_h21_k7_dsparse_s0.txt,7,21,7,sparse,0,approx,0.002609,57,success
g7_h21_k7_dsparse_s1.txt,7,21,7,sparse,1,approx,0.002665,88,success
g7_h21_k7_dsparse_s2.txt,7,21,7,sparse,2,approx,0.002639,21,success
g12_h48_k3_ddense_s0.txt,12,48,3,dense,0,approx,0.003538,131,success
g12_h48_k3_ddense_s1.txt,12,48,3,dense,1,approx,0.003779,131,success
g12_h48_k3_ddense_s2.txt,12,48,3,dense,2,approx,0.003889,140,success
g12_h48_k3_dmedium_s0.txt,12,48,3,medium,0,approx,0.003868,196,success
g12_h48_k3_dmedium_s1.txt,12,48,3,medium,1,approx,0.003827,142,success
g12_h48_k3_dmedium_s2.txt,12,48,3,medium,2,approx,0.003646,161,success
g12_h48_k3_dsparse_s0.txt,12,48,3,sparse,0,approx,0.003622,133,success
g12_h48_k3_dsparse_s1.txt,12,48,3,sparse,1,approx,0.003769,102,success
g12_h48_k3_dsparse_s2.txt,12,48,3,sparse,2,approx,0.003758,121,success
g6_h18_k9_ddense_s0.txt,6,18,9,dense,0,exact,0,-1,"complexity_skip (complexity=3.75e+58, threshold=3.60e+05)"
g6_h18_k9_ddense_s0.txt,6,18,9,dense,0,approx,0.002924,89,success
g6_h18_k9_ddense_s1.txt,6,18,9,dense,1,exact,0,-1,"complexity_skip (complexity=3.75e+58, threshold=3.60e+05)"
g6_h18_k9_ddense_s1.txt,6,18,9,dense,1,approx,0.002843,107,success
g6_h18_k9_ddense_s2.txt,6,18,9,dense,2,exact,0,-1,"complexity_skip (complexity=3.75e+58, threshold=3.60e+05)"
g6_h18_k9_ddense_s2.txt,6,18,9,dense,2,approx,0.002743,104,success
g6_h18_k9_dmedium_s0.txt,6,18,9,medium,0,exact,0,-1,"complexity_skip (complexity=3.75e+58, threshold=3.60e+05)"
g6_h18_k9_dmedium_s0.txt,6,18,9,medium,0,approx,0.002829,116,success
g6_h18_k9_dmedium_s1.txt,6,18,9,medium,1,exact,0,-1,"complexity_skip (complexity=3.75e+58, threshold=3.60e+05)"
g6_h18_k9_dmedium_s1.txt,6,18,9,medium,1,approx,0.002959,98,success
g6_h18_k9_dmedium_s2.txt,6,18,9,medium,2,exact,0,-1,"complexity_skip (complexity=3.75e+58, threshold=3.60e+05)"
g6_h18_k9_dmedium_s2.txt,6,18,9,medium,2,approx,0.003090,85,success
g6_h18_k9_dsparse_s0.txt,6,18,9,sparse,0,exact,0,-1,"complexity_skip (complexity=3.75e+58, threshold=3.60e+05)"
g6_h18_k9_dsparse_s0.txt,6,18,9,sparse,0,approx,0.002891,99,success
g6_h18_k9_dsparse_s1.txt,6,18,9,sparse,1,exact,0,-1,"complexity_skip (complexity=3.75e+58, threshold=3.60e+05)"
g6_h18_k9_dsparse_s1.txt,6,18,9,sparse,1,approx,0.003171,44,success
g6_h18_k9_dsparse_s2.txt,6,18,9,sparse,2,exact,0,-1,"complexity_skip (complexity=3.75e+58, threshold=3.60e+05)"
g6_h18_k9_dsparse_s2.txt,6,18,9,sparse,2,approx,0.002755,72,success
g9_h18_k6_ddense_s0.txt,9,18,6,dense,0,approx,0.003136,115,success
g9_h18_k6_ddense_s1.txt,9,18,6,dense,1,approx,0.002972,85,success
g9_h18_k6_ddense_s2.txt,9,18,6,dense,2,approx,0.003137,91,success
g9_h18_k6_dmedium_s0.txt,9,18,6,medium,0,approx,0.002860,174,success
g9_h18_k6_dmedium_s1.txt,9,18,6,medium,1,approx,0.002909,160,success
g9_h18_k6_dmedium_s2.txt,9,18,6,medium,2,approx,0.002801,146,success
g9_h18_k6_dsparse_s0.txt,9,18,6,sparse,0,approx,0.002769,128,success
g9_h18_k6_dsparse_s1.txt,9,18,6,sparse,1,approx,0.002893,108,success
g9_h18_k6_dsparse_s2.txt,9,18,6,sparse,2,approx,0.002913,86,success
g6_h15_k10_ddense_s0.txt,6,15,10,dense,0,exact,0,-1,"complexity_skip (complexity=1.02e+59, threshold=3.60e+05)"
g6_h15_k10_ddense_s0.txt,6,15,10,dense,0,approx,0.002636,91,success
g6_h15_k10_ddense_s1.txt,6,15,10,dense,1,exact,0,-1,"complexity_skip (complexity=1.02e+59, threshold=3.60e+05)"
g6_h15_k10_ddense_s1.txt,6,15,10,dense,1,approx,0.002791,134,success
g6_h15_k10_ddense_s2.txt,6,15,10,dense,2,exact,0,-1,"complexity_skip (complexity=1.02e+59, threshold=3.60e+05)"
g6_h15_k10_ddense_s2.txt,6,15,10,dense,2,approx,0.002608,112,success
g6_h15_k10_dmedium_s0.txt,6,15,10,medium,0,exact,0,-1,"complexity_skip (complexity=1.02e+59, threshold=3.60e+05)"
g6_h15_k10_dmedium_s0.txt,6,15,10,medium,0,approx,0.002779,68,success
g6_h15_k10_dmedium_s1.txt,6,15,10,medium,1,exact,0,-1,"complexity_skip (complexity=1.02e+59, threshold=3.60e+05)"
g6_h15_k10_dmedium_s1.txt,6,15,10,medium,1,approx,0.002950,91,success
g6_h15_k10_dmedium_s2.txt,6,15,10,medium,2,exact,0,-1,"complexity_skip (complexity=1.02e+59, threshold=3.60e+05)"
g6_h15_k10_dmedium_s2.txt,6,15,10,medium,2,approx,0.003030,108,success
g6_h15_k10_dsparse_s0.txt,6,15,10,sparse,0,exact,0,-1,"complexity_skip (complexity=1.02e+59, threshold=3.60e+05)"
g6_h15_k10_dsparse_s0.txt,6,15,10,sparse,0,approx,0.002630,98,success
g6_h15_k10_dsparse_s1.txt,6,15,10,sparse,1,exact,0,-1,"complexity_skip (complexity=1.02e+59, threshold=3.60e+05)"
g6_h15_k10_dsparse_s1.txt,6,15,10,sparse,1,approx,0.002713,102,success
g6_h15_k10_dsparse_s2.txt,6,15,10,sparse,2,exact,0,-1,"complexity_skip (complexity=1.02e+59, threshold=3.60e+05)"
g6_h15_k10_dsparse_s2.txt,6,15,10,sparse,2,approx,0.002622,105,success
g12_h24_k4_ddense_s0.txt,12,24,4,dense,0,approx,0.003140,131,success
g12_h24_k4_ddense_s1.txt,12,24,4,dense,1,approx,0.003047,125,success
g12_h24_k4_ddense_s2.txt,12,24,4,dense,2,approx,0.003020,165,success
g12_h24_k4_dmedium_s0.txt,12,24,4,medium,0,approx,0.002921,227,success
g12_h24_k4_dmedium_s1.txt,12,24,4,medium,1,approx,0.002986,221,success
g12_h24_k4_dmedium_s2.txt,12,24,4,medium,2,approx,0.002992,196,success
g12_h24_k4_dsparse_s0.txt,12,24,4,sparse,0,approx,0.002944,135,success
g12_h24_k4_dsparse_s1.txt,12,24,4,sparse,1,approx,0.002904,156,success
g12_h24_k4_dsparse_s2.txt,12,24,4,sparse,2,approx,0.002881,119,success
g9_h27_k5_ddense_s0.txt,9,27,5,dense,0,approx,0.002961,88,success
g9_h27_k5_ddense_s1.txt,9,27,5,dense,1,approx,0.002963,82,success
g9_h27_k5_ddense_s2.txt,9,27,5,dense,2,approx,0.002891,82,success
g9_h27_k5_dmedium_s0.txt,9,27,5,medium,0,approx,0.002958,127,success
g9_h27_k5_dmedium_s1.txt,9,27,5,medium,1,approx,0.003076,102,success
g9_h27_k5_dmedium_s2.txt,9,27,5,medium,2,approx,0.003051,117,success
g9_h27_k5_dsparse_s0.txt,9,27,5,sparse,0,approx,0.003118,117,success
g9_h27_k5_dsparse_s1.txt,9,27,5,sparse,1,approx,0.003049,91,success
g9_h27_k5_dsparse_s2.txt,9,27,5,sparse,2,approx,0.002874,131,success
g6_h24_k8_ddense_s0.txt,6,24,8,dense,0,exact,0,-1,"complexity_skip (complexity=1.93e+59, threshold=3.60e+05)"
g6_h24_k8_ddense_s0.txt,6,24,8,dense,0,approx,0.003060,93,success
g6_h24_k8_ddense_s1.txt,6,24,8,dense,1,exact,0,-1,"complexity_skip (complexity=1.93e+59, threshold=3.60e+05)"
g6_h24_k8_ddense_s1.txt,6,24,8,dense,1,approx,0.002896,84,success
g6_h24_k8_ddense_s2.txt,6,24,8,dense,2,exact,0,-1,"complexity_skip (complexity=1.93e+59, threshold=3.60e+05)"
g6_h24_k8_ddense_s2.txt,6,24,8,dense,2,approx,0.002948,89,success
g6_h24_k8_dmedium_s0.txt,6,24,8,medium,0,exact,0,-1,"complexity_skip (complexity=1.93e+59, threshold=3.60e+05)"
g6_h24_k8_dmedium_s0.txt,6,24,8,medium,0,approx,0.002709,62,success
g6_h24_k8_dmedium_s1.txt,6,24,8,medium,1,exact,0,-1,"complexity_skip (complexity=1.93e+59, threshold=3.60e+05)"
g6_h24_k8_dmedium_s1.txt,6,24,8,medium,1,approx,0.002663,86,success
g6_h24_k8_dmedium_s2.txt,6,24,8,medium,2,exact,0,-1,"complexity_skip (complexity=1.93e+59, threshold=3.60e+05)"
g6_h24_k8_dmedium_s2.txt,6,24,8,medium,2,approx,0.003051,81,success
g6_h24_k8_dsparse_s0.txt,6,24,8,sparse,0,exact,0,-1,"complexity_skip (complexity=1.93e+59, threshold=3.60e+05)"
g6_h24_k8_dsparse_s0.txt,6,24,8,sparse,0,approx,0.002777,63,success
g6_h24_k8_dsparse_s1.txt,6,24,8,sparse,1,exact,0,-1,"complexity_skip (complexity=1.93e+59, threshold=3.60e+05)"
g6_h24_k8_dsparse_s1.txt,6,24,8,sparse,1,approx,0.002783,34,success
g6_h24_k8_dsparse_s2.txt,6,24,8,sparse,2,exact,0,-1,"complexity_skip (complexity=1.93e+59, threshold=3.60e+05)"
g6_h24_k8_dsparse_s2.txt,6,24,8,sparse,2,approx,0.002719,7,success
g7_h17_k8_ddense_s0.txt,7,17,8,dense,0,approx,0.002703,101,success
g7_h17_k8_ddense_s1.txt,7,17,8,dense,1,approx,0.002742,112,success
g7_h17_k8_ddense_s2.txt,7,17,8,dense,2,approx,0.002647,94,success
g7_h17_k8_dmedium_s0.txt,7,17,8,medium,0,approx,0.002721,97,success
g7_h17_k8_dmedium_s1.txt,7,17,8,medium,1,approx,0.002703,95,success
g7_h17_k8_dmedium_s2.txt,7,17,8,medium,2,approx,0.002742,104,success
g7_h17_k8_dsparse_s0.txt,7,17,8,sparse,0,approx,0.002623,77,success
g7_h17_k8_dsparse_s1.txt,7,17,8,sparse,1,approx,0.002480,79,success
g7_h17_k8_dsparse_s2.txt,7,17,8,sparse,2,approx,0.002605,51,success
g7_h14_k9_ddense_s0.txt,7,14,9,dense,0,approx,0.002762,136,success
g7_h14_k9_ddense_s1.txt,7,14,9,dense,1,approx,0.002653,150,success
g7_h14_k9_ddense_s2.txt,7,14,9,dense,2,approx,0.002546,80,success
g7_h14_k9_dmedium_s0.txt,7,14,9,medium,0,approx,0.002597,83,success
g7_h14_k9_dmedium_s1.txt,7,14,9,medium,1,approx,0.002609,146,success
g7_h14_k9_dmedium_s2.txt,7,14,9,medium,2,approx,0.002592,82,success
g7_h14_k9_dsparse_s0.txt,7,14,9,sparse,0,approx,0.002901,95,success
g7_h14_k9_dsparse_s1.txt,7,14,9,sparse,1,approx,0.002597,84,success
g7_h14_k9_dsparse_s2.txt,7,14,9,sparse,2,approx,0.002535,97,success
g8_h24_k6_ddense_s0.txt,8,24,6,dense,0,approx,0.002761,71,success
g8_h24_k6_ddense_s1.txt,8,24,6,dense,1,approx,0.002782,56,success
g8_h24_k6_ddense_s2.txt,8,24,6,dense,2,approx,0.002945,70,success
g8_h24_k6_dmedium_s0.txt,8,24,6,medium,0,approx,0.003001,88,success
g8_h24_k6_dmedium_s1.txt,8,24,6,medium,1,approx,0.002797,91,success
g8_h24_k6_dmedium_s2.txt,8,24,6,medium,2,approx,0.002813,102,success
g8_h24_k6_dsparse_s0.txt,8,24,6,sparse,0,approx,0.002828,94,success
g8_h24_k6_dsparse_s1.txt,8,24,6,sparse,1,approx,0.003136,100,success
g8_h24_k6_dsparse_s2.txt,8,24,6,sparse,2,approx,0.003213,80,success
g8_h12_k9_ddense_s0.txt,8,12,9,dense,0,approx,0.002872,103,success
g8_h12_k9_ddense_s1.txt,8,12,9,dense,1,approx,0.002733,90,success
g8_h12_k9_ddense_s2.txt,8,12,9,dense,2,approx,0.002782,115,success
g8_h12_k9_dmedium_s0.txt,8,12,9,medium,0,approx,0.002757,115,success
g8_h12_k9_dmedium_s1.txt,8,12,9,medium,1,approx,0.002791,136,success
g8_h12_k9_dmedium_s2.txt,8,12,9,medium,2,approx,0.002685,147,success
g8_h12_k9_dsparse_s0.txt,8,12,9,sparse,0,approx,0.002587,111,success
g8_h12_k9_dsparse_s1.txt,8,12,9,sparse,1,approx,0.002726,131,success
g8_h12_k9_dsparse_s2.txt,8,12,9,sparse,2,approx,0.002665,99,success
g15_h30_k3_ddense_s0.txt,15,30,3,dense,0,approx,0.003474,193,success
g15_h30_k3_ddense_s1.txt,15,30,3,dense,1,approx,0.003460,237,success
g15_h30_k3_ddense_s2.txt,15,30,3,dense,2,approx,0.003343,257,success
g15_h30_k3_dmedium_s0.txt,15,30,3,medium,0,approx,0.003720,304,success
g15_h30_k3_dmedium_s1.txt,15,30,3,medium,1,approx,0.003437,342,success
g15_h30_k3_dmedium_s2.txt,15,30,3,medium,2,approx,0.003469,382,success
g15_h30_k3_dsparse_s0.txt,15,30,3,sparse,0,approx,0.003220,219,success
g15_h30_k3_dsparse_s1.txt,15,30,3,sparse,1,approx,0.003230,148,success
g15_h30_k3_dsparse_s2.txt,15,30,3,sparse,2,approx,0.003362,153,success
g10_h40_k4_ddense_s0.txt,10,40,4,dense,0,approx,0.003515,93,success
g10_h40_k4_ddense_s1.txt,10,40,4,dense,1,approx,0.003446,122,success
g10_h40_k4_ddense_s2.txt,10,40,4,dense,2,approx,0.003447,85,success
g10_h40_k4_dmedium_s0.txt,10,40,4,medium,0,approx,0.003457,111,success
g10_h40_k4_dmedium_s1.txt,10,40,4,medium,1,approx,0.003507,107,success
g10_h40_k4_dmedium_s2.txt,10,40,4,medium,2,approx,0.003264,148,success
g10_h40_k4_dsparse_s0.txt,10,40,4,sparse,0,approx,0.003250,82,success
g10_h40_k4_dsparse_s1.txt,10,40,4,sparse,1,approx,0.003294,127,success
g10_h40_k4_dsparse_s2.txt,10,40,4,sparse,2,approx,0.003376,141,success
g12_h18_k5_ddense_s0.txt,12,18,5,dense,0,approx,0.003273,146,success
g12_h18_k5_ddense_s1.txt,12,18,5,dense,1,approx,0.002852,144,success
g12_h18_k5_ddense_s2.txt,12,18,5,dense,2,approx,0.002886,158,success
g12_h18_k5_dmedium_s0.txt,12,18,5,medium,0,approx,0.003104,244,success
g12_h18_k5_dmedium_s1.txt,12,18,5,medium,1,approx,0.002834,212,success
g12_h18_k5_dmedium_s2.txt,12,18,5,medium,2,approx,0.002721,261,success
g12_h18_k5_dsparse_s0.txt,12,18,5,sparse,0,approx,0.002657,158,success
g12_h18_k5_dsparse_s1.txt,12,18,5,sparse,1,approx,0.002985,183,success
g12_h18_k5_dsparse_s2.txt,12,18,5,sparse,2,approx,0.002923,124,success
g9_h13_k8_ddense_s0.txt,9,13,8,dense,0,approx,0.002844,100,success
g9_h13_k8_ddense_s1.txt,9,13,8,dense,1,approx,0.002775,113,success
g9_h13_k8_ddense_s2.txt,9,13,8,dense,2,approx,0.002734,95,success
g9_h13_k8_dmedium_s0.txt,9,13,8,medium,0,approx,0.002836,157,success
g9_h13_k8_dmedium_s1.txt,9,13,8,medium,1,approx,0.002751,158,success
g9_h13_k8_dmedium_s2.txt,9,13,8,medium,2,approx,0.002819,150,success
g9_h13_k8_dsparse_s0.txt,9,13,8,sparse,0,approx,0.002823,96,success
g9_h13_k8_dsparse_s1.txt,9,13,8,sparse,1,approx,0.002600,77,success
g9_h13_k8_dsparse_s2.txt,9,13,8,sparse,2,approx,0.002652,174,success
g10_h25_k5_ddense_s0.txt,10,25,5,dense,0,approx,0.002895,121,success
g10_h25_k5_ddense_s1.txt,10,25,5,dense,1,approx,0.003000,117,success
g10_h25_k5_ddense_s2.txt,10,25,5,dense,2,approx,0.002830,100,success
g10_h25_k5_dmedium_s0.txt,10,25,5,medium,0,approx,0.003016,159,success
g10_h25_k5_dmedium_s1.txt,10,25,5,medium,1,approx,0.003004,160,success
g10_h25_k5_dmedium_s2.txt,10,25,5,medium,2,approx,0.002871,144,success
g10_h25_k5_dsparse_s0.txt,10,25,5,sparse,0,approx,0.002977,118,success
g10_h25_k5_dsparse_s1.txt,10,25,5,sparse,1,approx,0.002977,156,success
g10_h25_k5_dsparse_s2.txt,10,25,5,sparse,2,approx,0.002889,138,success
g8_h20_k7_ddense_s0.txt,8,20,7,dense,0,approx,0.002875,62,success
g8_h20_k7_ddense_s1.txt,8,20,7,dense,1,approx,0.002736,78,success
g8_h20_k7_ddense_s2.txt,8,20,7,dense,2,approx,0.003091,82,success
g8_h20_k7_dmedium_s0.txt,8,20,7,medium,0,approx,0.002990,122,success
g8_h20_k7_dmedium_s1.txt,8,20,7,medium,1,approx,0.002851,90,success
g8_h20_k7_dmedium_s2.txt,8,20,7,medium,2,approx,0.002757,106,success
g8_h20_k7_dsparse_s0.txt,8,20,7,sparse,0,approx,0.002755,73,success
g8_h20_k7_dsparse_s1.txt,8,20,7,sparse,1,approx,0.003022,61,success
g8_h20_k7_dsparse_s2.txt,8,20,7,sparse,2,approx,0.002808,117,success
g9_h22_k6_ddense_s0.txt,9,22,6,dense,0,approx,0.002918,88,success
g9_h22_k6_ddense_s1.txt,9,22,6,dense,1,approx,0.002819,85,success
g9_h22_k6_ddense_s2.txt,9,22,6,dense,2,approx,0.002916,84,success
g9_h22_k6_dmedium_s0.txt,9,22,6,medium,0,approx,0.002902,123,success
g9_h22_k6_dmedium_s1.txt,9,22,6,medium,1,approx,0.002775,144,success
g9_h22_k6_dmedium_s2.txt,9,22,6,medium,2,approx,0.002806,123,success
g9_h22_k6_dsparse_s0.txt,9,22,6,sparse,0,approx,0.002778,87,success
g9_h22_k6_dsparse_s1.txt,9,22,6,sparse,1,approx,0.003035,132,success
g9_h22_k6_dsparse_s2.txt,9,22,6,sparse,2,approx,0.002932,63,success
g6_h18_k10_ddense_s0.txt,6,18,10,dense,0,exact,0,-1,"complexity_skip (complexity=5.02e+64, threshold=3.60e+05)"
g6_h18_k10_ddense_s0.txt,6,18,10,dense,0,approx,0.002889,104,success
g6_h18_k10_ddense_s1.txt,6,18,10,dense,1,exact,0,-1,"complexity_skip (complexity=5.02e+64, threshold=3.60e+05)"
g6_h18_k10_ddense_s1.txt,6,18,10,dense,1,approx,0.002657,120,success
g6_h18_k10_ddense_s2.txt,6,18,10,dense,2,exact,0,-1,"complexity_skip (complexity=5.02e+64, threshold=3.60e+05)"
g6_h18_k10_ddense_s2.txt,6,18,10,dense,2,approx,0.002804,115,success
g6_h18_k10_dmedium_s0.txt,6,18,10,medium,0,exact,0,-1,"complexity_skip (complexity=5.02e+64, threshold=3.60e+05)"
g6_h18_k10_dmedium_s0.txt,6,18,10,medium,0,approx,0.003079,123,success
g6_h18_k10_dmedium_s1.txt,6,18,10,medium,1,exact,0,-1,"complexity_skip (complexity=5.02e+64, threshold=3.60e+05)"
g6_h18_k10_dmedium_s1.txt,6,18,10,medium,1,approx,0.002893,75,success
g6_h18_k10_dmedium_s2.txt,6,18,10,medium,2,exact,0,-1,"complexity_skip (complexity=5.02e+64, threshold=3.60e+05)"
g6_h18_k10_dmedium_s2.txt,6,18,10,medium,2,approx,0.002942,69,success
g6_h18_k10_dsparse_s0.txt,6,18,10,sparse,0,exact,0,-1,"complexity_skip (complexity=5.02e+64, threshold=3.60e+05)"
g6_h18_k10_dsparse_s0.txt,6,18,10,sparse,0,approx,0.002898,62,success
g6_h18_k10_dsparse_s1.txt,6,18,10,sparse,1,exact,0,-1,"complexity_skip (complexity=5.02e+64, threshold=3.60e+05)"
g6_h18_k10_dsparse_s1.txt,6,18,10,sparse,1,approx,0.002801,99,success
g6_h18_k10_dsparse_s2.txt,6,18,10,sparse,2,exact,0,-1,"complexity_skip (complexity=5.02e+64, threshold=3.60e+05)"
g6_h18_k10_dsparse_s2.txt,6,18,10,sparse,2,approx,0.002941,85,success
g7_h28_k7_ddense_s0.txt,7,28,7,dense,0,approx,0.003079,42,success
g7_h28_k7_ddense_s1.txt,7,28,7,dense,1,approx,0.003058,63,success
g7_h28_k7_ddense_s2.txt,7,28,7,dense,2,approx,0.002982,52,success
g7_h28_k7_dmedium_s0.txt,7,28,7,medium,0,approx,0.003106,63,success
g7_h28_k7_dmedium_s1.txt,7,28,7,medium,1,approx,0.003280,69,success
g7_h28_k7_dmedium_s2.txt,7,28,7,medium,2,approx,0.003054,73,success
g7_h28_k7_dsparse_s0.txt,7,28,7,sparse,0,approx,0.003217,93,success
g7_h28_k7_dsparse_s1.txt,7,28,7,sparse,1,approx,0.003266,58,success
g7_h28_k7_dsparse_s2.txt,7,28,7,sparse,2,approx,0.005407,103,success
g12_h30_k4_ddense_s0.txt,12,30,4,dense,0,approx,0.003805,146,success
g12_h30_k4_ddense_s1.txt,12,30,4,dense,1,approx,0.003717,170,success
g12_h30_k4_ddense_s2.txt,12,30,4,dense,2,approx,0.003443,165,success
g12_h30_k4_dmedium_s0.txt,12,30,4,medium,0,approx,0.003786,212,success
g12_h30_k4_dmedium_s1.txt,12,30,4,medium,1,approx,0.003536,196,success
g12_h30_k4_dmedium_s2.txt,12,30,4,medium,2,approx,0.003368,159,success
g12_h30_k4_dsparse_s0.txt,12,30,4,sparse,0,approx,0.003354,159,success
g12_h30_k4_dsparse_s1.txt,12,30,4,sparse,1,approx,0.003348,168,success
g12_h30_k4_dsparse_s2.txt,12,30,4,sparse,2,approx,0.003491,174,success
g8_h16_k8_ddense_s0.txt,8,16,8,dense,0,approx,0.002925,80,success
g8_h16_k8_ddense_s1.txt,8,16,8,dense,1,approx,0.002754,59,success
g8_h16_k8_ddense_s2.txt,8,16,8,dense,2,approx,0.002917,72,success
g8_h16_k8_dmedium_s0.txt,8,16,8,medium,0,approx,0.002929,127,success
g8_h16_k8_dmedium_s1.txt,8,16,8,medium,1,approx,0.002724,113,success
g8_h16_k8_dmedium_s2.txt,8,16,8,medium,2,approx,0.002622,158,success
g8_h16_k8_dsparse_s0.txt,8,16,8,sparse,0,approx,0.002665,187,success
g8_h16_k8_dsparse_s1.txt,8,16,8,sparse,1,approx,0.002679,89,success
g8_h16_k8_dsparse_s2.txt,8,16,8,sparse,2,approx,0.002632,150,success
g15_h37_k3_ddense_s0.txt,15,37,3,dense,0,approx,0.004006,219,success
g15_h37_k3_ddense_s1.txt,15,37,3,dense,1,approx,0.003508,202,success
g15_h37_k3_ddense_s2.txt,15,37,3,dense,2,approx,0.003411,212,success
g15_h37_k3_dmedium_s0.txt,15,37,3,medium,0,approx,0.003397,254,success
g15_h37_k3_dmedium_s1.txt,15,37,3,medium,1,approx,0.003433,294,success
g15_h37_k3_dmedium_s2.txt,15,37,3,medium,2,approx,0.003398,265,success
g15_h37_k3_dsparse_s0.txt,15,37,3,sparse,0,approx,0.003554,250,success
g15_h37_k3_dsparse_s1.txt,15,37,3,sparse,1,approx,0.003363,192,success
g15_h37_k3_dsparse_s2.txt,15,37,3,sparse,2,approx,0.003529,178,success
g7_h21_k8_ddense_s0.txt,7,21,8,dense,0,approx,0.002737,97,success
g7_h21_k8_ddense_s1.txt,7,21,8,dense,1,approx,0.002892,111,success
g7_h21_k8_ddense_s2.txt,7,21,8,dense,2,approx,0.002914,100,success
g7_h21_k8_dmedium_s0.txt,7,21,8,medium,0,approx,0.002724,119,success
g7_h21_k8_dmedium_s1.txt,7,21,8,medium,1,approx,0.002808,102,success
g7_h21_k8_dmedium_s2.txt,7,21,8,medium,2,approx,0.002930,84,success
g7_h21_k8_dsparse_s0.txt,7,21,8,sparse,0,approx,0.002783,115,success
g7_h21_k8_dsparse_s1.txt,7,21,8,sparse,1,approx,0.002725,73,success
g7_h21_k8_dsparse_s2.txt,7,21,8,sparse,2,approx,0.002930,24,success
g9_h36_k5_ddense_s0.txt,9,36,5,dense,0,approx,0.003260,93,success
g9_h36_k5_ddense_s1.txt,9,36,5,dense,1,approx,0.003100,81,success
g9_h36_k5_ddense_s2.txt,9,36,5,dense,2,approx,0.003587,80,success
g9_h36_k5_dmedium_s0.txt,9,36,5,medium,0,approx,0.005351,104,success
g9_h36_k5_dmedium_s1.txt,9,36,5,medium,1,approx,0.003796,108,success
g9_h36_k5_dmedium_s2.txt,9,36,5,medium,2,approx,0.003408,127,success
g9_h36_k5_dsparse_s0.txt,9,36,5,sparse,0,approx,0.003338,69,success
g9_h36_k5_dsparse_s1.txt,9,36,5,sparse,1,approx,0.003381,131,success
g9_h36_k5_dsparse_s2.txt,9,36,5,sparse,2,approx,0.003833,110,success
g7_h14_k10_ddense_s0.txt,7,14,10,dense,0,approx,0.002926,151,success
g7_h14_k10_ddense_s1.txt,7,14,10,dense,1,approx,0.002761,133,success
g7_h14_k10_ddense_s2.txt,7,14,10,dense,2,approx,0.003106,137,success
g7_h14_k10_dmedium_s0.txt,7,14,10,medium,0,approx,0.003005,115,success
g7_h14_k10_dmedium_s1.txt,7,14,10,medium,1,approx,0.002846,66,success
g7_h14_k10_dmedium_s2.txt,7,14,10,medium,2,approx,0.003056,116,success
g7_h14_k10_dsparse_s0.txt,7,14,10,sparse,0,approx,0.002988,122,success
g7_h14_k10_dsparse_s1.txt,7,14,10,sparse,1,approx,0.003580,57,success
g7_h14_k10_dsparse_s2.txt,7,14,10,sparse,2,approx,0.003885,96,success
g6_h24_k9_ddense_s0.txt,6,24,9,dense,0,exact,0,-1,"complexity_skip (complexity=2.08e+66, threshold=3.60e+05)"
g6_h24_k9_ddense_s0.txt,6,24,9,dense,0,approx,0.003233,110,success
g6_h24_k9_ddense_s1.txt,6,24,9,dense,1,exact,0,-1,"complexity_skip (complexity=2.08e+66, threshold=3.60e+05)"
g6_h24_k9_ddense_s1.txt,6,24,9,dense,1,approx,0.003040,114,success
g6_h24_k9_ddense_s2.txt,6,24,9,dense,2,exact,0,-1,"complexity_skip (complexity=2.08e+66, threshold=3.60e+05)"
g6_h24_k9_ddense_s2.txt,6,24,9,dense,2,approx,0.003291,79,success
g6_h24_k9_dmedium_s0.txt,6,24,9,medium,0,exact,0,-1,"complexity_skip (complexity=2.08e+66, threshold=3.60e+05)"
g6_h24_k9_dmedium_s0.txt,6,24,9,medium,0,approx,0.002953,82,success
g6_h24_k9_dmedium_s1.txt,6,24,9,medium,1,exact,0,-1,"complexity_skip (complexity=2.08e+66, threshold=3.60e+05)"
g6_h24_k9_dmedium_s1.txt,6,24,9,medium,1,approx,0.002875,99,success
g6_h24_k9_dmedium_s2.txt,6,24,9,medium,2,exact,0,-1,"complexity_skip (complexity=2.08e+66, threshold=3.60e+05)"
g6_h24_k9_dmedium_s2.txt,6,24,9,medium,2,approx,0.003013,77,success
g6_h24_k9_dsparse_s0.txt,6,24,9,sparse,0,exact,0,-1,"complexity_skip (complexity=2.08e+66, threshold=3.60e+05)"
g6_h24_k9_dsparse_s0.txt,6,24,9,sparse,0,approx,0.003014,34,success
g6_h24_k9_dsparse_s1.txt,6,24,9,sparse,1,exact,0,-1,"complexity_skip (complexity=2.08e+66, threshold=3.60e+05)"
g6_h24_k9_dsparse_s1.txt,6,24,9,sparse,1,approx,0.002951,113,success
g6_h24_k9_dsparse_s2.txt,6,24,9,sparse,2,exact,0,-1,"complexity_skip (complexity=2.08e+66, threshold=3.60e+05)"
g6_h24_k9_dsparse_s2.txt,6,24,9,sparse,2,approx,0.002980,54,success
g7_h17_k9_ddense_s0.txt,7,17,9,dense,0,approx,0.003331,118,success
g7_h17_k9_ddense_s1.txt,7,17,9,dense,1,approx,0.003087,124,success
g7_h17_k9_ddense_s2.txt,7,17,9,dense,2,approx,0.002890,133,success
g7_h17_k9_dmedium_s0.txt,7,17,9,medium,0,approx,0.003040,107,success
g7_h17_k9_dmedium_s1.txt,7,17,9,medium,1,approx,0.002835,79,success
g7_h17_k9_dmedium_s2.txt,7,17,9,medium,2,approx,0.002913,107,success
g7_h17_k9_dsparse_s0.txt,7,17,9,sparse,0,approx,0.002797,66,success
g7_h17_k9_dsparse_s1.txt,7,17,9,sparse,1,approx,0.002737,55,success
g7_h17_k9_dsparse_s2.txt,7,17,9,sparse,2,approx,0.002686,81,success
g8_h12_k10_ddense_s0.txt,8,12,10,dense,0,approx,0.002772,92,success
g8_h12_k10_ddense_s1.txt,8,12,10,dense,1,approx,0.002691,101,success
g8_h12_k10_ddense_s2.txt,8,12,10,dense,2,approx,0.002903,94,success
g8_h12_k10_dmedium_s0.txt,8,12,10,medium,0,approx,0.002972,176,success
g8_h12_k10_dmedium_s1.txt,8,12,10,medium,1,approx,0.003507,143,success
g8_h12_k10_dmedium_s2.txt,8,12,10,medium,2,approx,0.003247,157,success
g8_h12_k10_dsparse_s0.txt,8,12,10,sparse,0,approx,0.002951,119,success
g8_h12_k10_dsparse_s1.txt,8,12,10,sparse,1,approx,0.002723,126,success
g8_h12_k10_dsparse_s2.txt,8,12,10,sparse,2,approx,0.003013,75,success
g10_h15_k7_ddense_s0.txt,10,15,7,dense,0,approx,0.003404,127,success
g10_h15_k7_ddense_s1.txt,10,15,7,dense,1,approx,0.003246,133,success
g10_h15_k7_ddense_s2.txt,10,15,7,dense,2,approx,0.003136,101,success
g10_h15_k7_dmedium_s0.txt,10,15,7,medium,0,approx,0.003008,236,success
g10_h15_k7_dmedium_s1.txt,10,15,7,medium,1,approx,0.002917,216,success
g10_h15_k7_dmedium_s2.txt,10,15,7,medium,2,approx,0.002902,278,success
g10_h15_k7_dsparse_s0.txt,10,15,7,sparse,0,approx,0.002752,160,success
g10_h15_k7_dsparse_s1.txt,10,15,7,sparse,1,approx,0.002912,183,success
g10_h15_k7_dsparse_s2.txt,10,15,7,sparse,2,approx,0.002786,172,success
g8_h32_k6_ddense_s0.txt,8,32,6,dense,0,approx,0.003800,82,success
g8_h32_k6_ddense_s1.txt,8,32,6,dense,1,approx,0.003477,76,success
g8_h32_k6_ddense_s2.txt,8,32,6,dense,2,approx,0.003199,84,success
g8_h32_k6_dmedium_s0.txt,8,32,6,medium,0,approx,0.003148,93,success
g8_h32_k6_dmedium_s1.txt,8,32,6,medium,1,approx,0.003442,70,success
g8_h32_k6_dmedium_s2.txt,8,32,6,medium,2,approx,0.003114,109,success
g8_h32_k6_dsparse_s0.txt,8,32,6,sparse,0,approx,0.003748,61,success
g8_h32_k6_dsparse_s1.txt,8,32,6,sparse,1,approx,0.004634,127,success
g8_h32_k6_dsparse_s2.txt,8,32,6,sparse,2,approx,0.004153,106,success
g15_h22_k4_ddense_s0.txt,15,22,4,dense,0,approx,0.004228,271,success
g15_h22_k4_ddense_s1.txt,15,22,4,dense,1,approx,0.003560,262,success
g15_h22_k4_ddense_s2.txt,15,22,4,dense,2,approx,0.003242,236,success
g15_h22_k4_dmedium_s0.txt,15,22,4,medium,0,approx,0.003402,351,success
g15_h22_k4_dmedium_s1.txt,15,22,4,medium,1,approx,0.003397,395,success
g15_h22_k4_dmedium_s2.txt,15,22,4,medium,2,approx,0.003360,339,success
g15_h22_k4_dsparse_s0.txt,15,22,4,sparse,0,approx,0.003022,249,success
g15_h22_k4_dsparse_s1.txt,15,22,4,sparse,1,approx,0.003305,216,success
g15_h22_k4_dsparse_s2.txt,15,22,4,sparse,2,approx,0.003169,180,success
g9_h18_k7_ddense_s0.txt,9,18,7,dense,0,approx,0.003081,89,success
g9_h18_k7_ddense_s1.txt,9,18,7,dense,1,approx,0.003210,96,success
g9_h18_k7_ddense_s2.txt,9,18,7,dense,2,approx,0.003147,106,success
g9_h18_k7_dmedium_s0.txt,9,18,7,medium,0,approx,0.002887,119,success
g9_h18_k7_dmedium_s1.txt,9,18,7,medium,1,approx,0.003238,103,success
g9_h18_k7_dmedium_s2.txt,9,18,7,medium,2,approx,0.002998,176,success
g9_h18_k7_dsparse_s0.txt,9,18,7,sparse,0,approx,0.002846,114,success
g9_h18_k7_dsparse_s1.txt,9,18,7,sparse,1,approx,0.002764,155,success
g9_h18_k7_dsparse_s2.txt,9,18,7,sparse,2,approx,0.002722,171,success
g10_h20_k6_ddense_s0.txt,10,20,6,dense,0,approx,0.003006,97,success
g10_h20_k6_ddense_s1.txt,10,20,6,dense,1,approx,0.002917,113,success
g10_h20_k6_ddense_s2.txt,10,20,6,dense,2,approx,0.002829,119,success
g10_h20_k6_dmedium_s0.txt,10,20,6,medium,0,approx,0.002861,197,success
g10_h20_k6_dmedium_s1.txt,10,20,6,medium,1,approx,0.003136,169,success
g10_h20_k6_dmedium_s2.txt,10,20,6,medium,2,approx,0.003371,164,success
g10_h20_k6_dsparse_s0.txt,10,20,6,sparse,0,approx,0.003066,114,success
g10_h20_k6_dsparse_s1.txt,10,20,6,sparse,1,approx,0.003231,168,success
g10_h20_k6_dsparse_s2.txt,10,20,6,sparse,2,approx,0.002994,227,success
g10_h30_k5_ddense_s0.txt,10,30,5,dense,0,approx,0.003391,117,success
g10_h30_k5_ddense_s1.txt,10,30,5,dense,1,approx,0.003256,107,success
g10_h30_k5_ddense_s2.txt,10,30,5,dense,2,approx,0.003307,122,success
g10_h30_k5_dmedium_s0.txt,10,30,5,medium,0,approx,0.003150,151,success
g10_h30_k5_dmedium_s1.txt,10,30,5,medium,1,approx,0.003450,115,success
g10_h30_k5_dmedium_s2.txt,10,30,5,medium,2,approx,0.003205,123,success
g10_h30_k5_dsparse_s0.txt,10,30,5,sparse,0,approx,0.003430,45,success
g10_h30_k5_dsparse_s1.txt,10,30,5,sparse,1,approx,0.003205,124,success
g10_h30_k5_dsparse_s2.txt,10,30,5,sparse,2,approx,0.003711,156,success
g8_h24_k7_ddense_s0.txt,8,24,7,dense,0,approx,0.003984,54,success
g8_h24_k7_ddense_s1.txt,8,24,7,dense,1,approx,0.003680,73,success
g8_h24_k7_ddense_s2.txt,8,24,7,dense,2,approx,0.003405,84,success
g8_h24_k7_dmedium_s0.txt,8,24,7,medium,0,approx,0.003482,75,success
g8_h24_k7_dmedium_s1.txt,8,24,7,medium,1,approx,0.004180,100,success
g8_h24_k7_dmedium_s2.txt,8,24,7,medium,2,approx,0.003789,102,success
g8_h24_k7_dsparse_s0.txt,8,24,7,sparse,0,approx,0.003399,77,success
g8_h24_k7_dsparse_s1.txt,8,24,7,sparse,1,approx,0.003237,89,success
g8_h24_k7_dsparse_s2.txt,8,24,7,sparse,2,approx,0.003282,83,success
g12_h36_k4_ddense_s0.txt,12,36,4,dense,0,approx,0.003735,152,success
g12_h36_k4_ddense_s1.txt,12,36,4,dense,1,approx,0.003532,143,success
g12_h36_k4_ddense_s2.txt,12,36,4,dense,2,approx,0.003674,159,success
g12_h36_k4_dmedium_s0.txt,12,36,4,medium,0,approx,0.003435,179,success
g12_h36_k4_dmedium_s1.txt,12,36,4,medium,1,approx,0.003423,233,success
g12_h36_k4_dmedium_s2.txt,12,36,4,medium,2,approx,0.003342,184,success
g12_h36_k4_dsparse_s0.txt,12,36,4,sparse,0,approx,0.003484,204,success
g12_h36_k4_dsparse_s1.txt,12,36,4,sparse,1,approx,0.003319,200,success
g12_h36_k4_dsparse_s2.txt,12,36,4,sparse,2,approx,0.003175,106,success
g9_h13_k9_ddense_s0.txt,9,13,9,dense,0,approx,0.002864,145,success
g9_h13_k9_ddense_s1.txt,9,13,9,dense,1,approx,0.002859,106,success
g9_h13_k9_ddense_s2.txt,9,13,9,dense,2,approx,0.002976,99,success
g9_h13_k9_dmedium_s0.txt,9,13,9,medium,0,approx,0.002793,171,success
g9_h13_k9_dmedium_s1.txt,9,13,9,medium,1,approx,0.002819,157,success
g9_h13_k9_dmedium_s2.txt,9,13,9,medium,2,approx,0.002877,172,success
g9_h13_k9_dsparse_s0.txt,9,13,9,sparse,0,approx,0.002828,179,success
g9_h13_k9_dsparse_s1.txt,9,13,9,sparse,1,approx,0.002893,187,success
g9_h13_k9_dsparse_s2.txt,9,13,9,sparse,2,approx,0.002821,135,success
g15_h45_k3_ddense_s0.txt,15,45,3,dense,0,approx,0.003739,232,success
g15_h45_k3_ddense_s1.txt,15,45,3,dense,1,approx,0.003766,230,success
g15_h45_k3_ddense_s2.txt,15,45,3,dense,2,approx,0.004181,216,success
g15_h45_k3_dmedium_s0.txt,15,45,3,medium,0,approx,0.003939,234,success
g15_h45_k3_dmedium_s1.txt,15,45,3,medium,1,approx,0.003807,262,success
g15_h45_k3_dmedium_s2.txt,15,45,3,medium,2,approx,0.003922,263,success
g15_h45_k3_dsparse_s0.txt,15,45,3,sparse,0,approx,0.004081,189,success
g15_h45_k3_dsparse_s1.txt,15,45,3,sparse,1,approx,0.003839,150,success
g15_h45_k3_dsparse_s2.txt,15,45,3,sparse,2,approx,0.003825,214,success
g9_h27_k6_ddense_s0.txt,9,27,6,dense,0,approx,0.003210,110,success
g9_h27_k6_ddense_s1.txt,9,27,6,dense,1,approx,0.033359,83,success
g9_h27_k6_ddense_s2.txt,9,27,6,dense,2,approx,0.004695,97,success
g9_h27_k6_dmedium_s0.txt,9,27,6,medium,0,approx,0.014352,123,success
g9_h27_k6_dmedium_s1.txt,9,27,6,medium,1,approx,0.003617,100,success
g9_h27_k6_dmedium_s2.txt,9,27,6,medium,2,approx,0.003652,126,success
g9_h27_k6_dsparse_s0.txt,9,27,6,sparse,0,approx,0.003221,80,success
g9_h27_k6_dsparse_s1.txt,9,27,6,sparse,1,approx,0.003712,104,success
g9_h27_k6_dsparse_s2.txt,9,27,6,sparse,2,approx,0.004793,146,success
g8_h16_k9_ddense_s0.txt,8,16,9,dense,0,approx,0.003275,80,success
g8_h16_k9_ddense_s1.txt,8,16,9,dense,1,approx,0.003079,140,success
g8_h16_k9_ddense_s2.txt,8,16,9,dense,2,approx,0.002935,120,success
g8_h16_k9_dmedium_s0.txt,8,16,9,medium,0,approx,0.002966,128,success
g8_h16_k9_dmedium_s1.txt,8,16,9,medium,1,approx,0.002809,123,success
g8_h16_k9_dmedium_s2.txt,8,16,9,medium,2,approx,0.002956,137,success
g8_h16_k9_dsparse_s0.txt,8,16,9,sparse,0,approx,0.002723,123,success
g8_h16_k9_dsparse_s1.txt,8,16,9,sparse,1,approx,0.002838,135,success
g8_h16_k9_dsparse_s2.txt,8,16,9,sparse,2,approx,0.003377,155,success
g8_h20_k8_ddense_s0.txt,8,20,8,dense,0,approx,0.003322,73,success
g8_h20_k8_ddense_s1.txt,8,20,8,dense,1,approx,0.005234,90,success
g8_h20_k8_ddense_s2.txt,8,20,8,dense,2,approx,0.003406,78,success
g8_h20_k8_dmedium_s0.txt,8,20,8,medium,0,approx,0.003733,96,success
g8_h20_k8_dmedium_s1.txt,8,20,8,medium,1,approx,0.003171,113,success
g8_h20_k8_dmedium_s2.txt,8,20,8,medium,2,approx,0.003163,78,success
g8_h20_k8_dsparse_s0.txt,8,20,8,sparse,0,approx,0.002915,173,success
g8_h20_k8_dsparse_s1.txt,8,20,8,sparse,1,approx,0.002897,124,success
g8_h20_k8_dsparse_s2.txt,8,20,8,sparse,2,approx,0.002847,113,success
g6_h24_k10_ddense_s0.txt,6,24,10,dense,0,exact,0,-1,"complexity_skip (complexity=2.01e+73, threshold=3.60e+05)"
g6_h24_k10_ddense_s0.txt,6,24,10,dense,0,approx,0.003132,97,success
g6_h24_k10_ddense_s1.txt,6,24,10,dense,1,exact,0,-1,"complexity_skip (complexity=2.01e+73, threshold=3.60e+05)"
g6_h24_k10_ddense_s1.txt,6,24,10,dense,1,approx,0.002953,129,success
g6_h24_k10_ddense_s2.txt,6,24,10,dense,2,exact,0,-1,"complexity_skip (complexity=2.01e+73, threshold=3.60e+05)"
g6_h24_k10_ddense_s2.txt,6,24,10,dense,2,approx,0.002895,105,success
g6_h24_k10_dmedium_s0.txt,6,24,10,medium,0,exact,0,-1,"complexity_skip (complexity=2.01e+73, threshold=3.60e+05)"
g6_h24_k10_dmedium_s0.txt,6,24,10,medium,0,approx,0.002846,129,success
g6_h24_k10_dmedium_s1.txt,6,24,10,medium,1,exact,0,-1,"complexity_skip (complexity=2.01e+73, threshold=3.60e+05)"
g6_h24_k10_dmedium_s1.txt,6,24,10,medium,1,approx,0.003015,120,success
g6_h24_k10_dmedium_s2.txt,6,24,10,medium,2,exact,0,-1,"complexity_skip (complexity=2.01e+73, threshold=3.60e+05)"
g6_h24_k10_dmedium_s2.txt,6,24,10,medium,2,approx,0.002868,143,success
g6_h24_k10_dsparse_s0.txt,6,24,10,sparse,0,exact,0,-1,"complexity_skip (complexity=2.01e+73, threshold=3.60e+05)"
g6_h24_k10_dsparse_s0.txt,6,24,10,sparse,0,approx,0.002888,99,success
g6_h24_k10_dsparse_s1.txt,6,24,10,sparse,1,exact,0,-1,"complexity_skip (complexity=2.01e+73, threshold=3.60e+05)"
g6_h24_k10_dsparse_s1.txt,6,24,10,sparse,1,approx,0.002860,37,success
g6_h24_k10_dsparse_s2.txt,6,24,10,sparse,2,exact,0,-1,"complexity_skip (complexity=2.01e+73, threshold=3.60e+05)"
g6_h24_k10_dsparse_s2.txt,6,24,10,sparse,2,approx,0.002774,67,success
g7_h21_k9_ddense_s0.txt,7,21,9,dense,0,approx,0.003068,124,success
g7_h21_k9_ddense_s1.txt,7,21,9,dense,1,approx,0.002949,117,success
g7_h21_k9_ddense_s2.txt,7,21,9,dense,2,approx,0.002856,135,success
g7_h21_k9_dmedium_s0.txt,7,21,9,medium,0,approx,0.002847,133,success
g7_h21_k9_dmedium_s1.txt,7,21,9,medium,1,approx,0.002865,76,success
g7_h21_k9_dmedium_s2.txt,7,21,9,medium,2,approx,0.002820,112,success
g7_h21_k9_dsparse_s0.txt,7,21,9,sparse,0,approx,0.002827,114,success
g7_h21_k9_dsparse_s1.txt,7,21,9,sparse,1,approx,0.002964,75,success
g7_h21_k9_dsparse_s2.txt,7,21,9,sparse,2,approx,0.002838,78,success
g7_h17_k10_ddense_s0.txt,7,17,10,dense,0,approx,0.002702,154,success
g7_h17_k10_ddense_s1.txt,7,17,10,dense,1,approx,0.002704,144,success
g7_h17_k10_ddense_s2.txt,7,17,10,dense,2,approx,0.002891,132,success
g7_h17_k10_dmedium_s0.txt,7,17,10,medium,0,approx,0.002769,57,success
g7_h17_k10_dmedium_s1.txt,7,17,10,medium,1,approx,0.002845,87,success
g7_h17_k10_dmedium_s2.txt,7,17,10,medium,2,approx,0.002853,85,success
g7_h17_k10_dsparse_s0.txt,7,17,10,sparse,0,approx,0.002904,79,success
g7_h17_k10_dsparse_s1.txt,7,17,10,sparse,1,approx,0.002671,91,success
g7_h17_k10_dsparse_s2.txt,7,17,10,sparse,2,approx,0.002669,133,success
g12_h24_k5_ddense_s0.txt,12,24,5,dense,0,approx,0.003186,159,success
g12_h24_k5_ddense_s1.txt,12,24,5,dense,1,approx,0.003121,181,success
g12_h24_k5_ddense_s2.txt,12,24,5,dense,2,approx,0.003118,177,success
g12_h24_k5_dmedium_s0.txt,12,24,5,medium,0,approx,0.003125,236,success
g12_h24_k5_dmedium_s1.txt,12,24,5,medium,1,approx,0.003094,232,success
g12_h24_k5_dmedium_s2.txt,12,24,5,medium,2,approx,0.003037,241,success
g12_h24_k5_dsparse_s0.txt,12,24,5,sparse,0,approx,0.002929,189,success
g12_h24_k5_dsparse_s1.txt,12,24,5,sparse,1,approx,0.002995,209,success
g12_h24_k5_dsparse_s2.txt,12,24,5,sparse,2,approx,0.002992,148,success
g7_h28_k8_ddense_s0.txt,7,28,8,dense,0,approx,0.003078,93,success
g7_h28_k8_ddense_s1.txt,7,28,8,dense,1,approx,0.003158,113,success
g7_h28_k8_ddense_s2.txt,7,28,8,dense,2,approx,0.003329,109,success
g7_h28_k8_dmedium_s0.txt,7,28,8,medium,0,approx,0.003446,93,success
g7_h28_k8_dmedium_s1.txt,7,28,8,medium,1,approx,0.003665,83,success
g7_h28_k8_dmedium_s2.txt,7,28,8,medium,2,approx,0.003221,112,success
g7_h28_k8_dsparse_s0.txt,7,28,8,sparse,0,approx,0.003150,84,success
g7_h28_k8_dsparse_s1.txt,7,28,8,sparse,1,approx,0.002945,75,success
g7_h28_k8_dsparse_s2.txt,7,28,8,sparse,2,approx,0.003071,47,success
g12_h18_k6_ddense_s0.txt,12,18,6,dense,0,approx,0.002902,179,success
g12_h18_k6_ddense_s1.txt,12,18,6,dense,1,approx,0.003158,175,success
g12_h18_k6_ddense_s2.txt,12,18,6,dense,2,approx,0.003063,163,success
g12_h18_k6_dmedium_s0.txt,12,18,6,medium,0,approx,0.003404,260,success
g12_h18_k6_dmedium_s1.txt,12,18,6,medium,1,approx,0.003176,240,success
g12_h18_k6_dmedium_s2.txt,12,18,6,medium,2,approx,0.003142,262,success
g12_h18_k6_dsparse_s0.txt,12,18,6,sparse,0,approx,0.002950,232,success
g12_h18_k6_dsparse_s1.txt,12,18,6,sparse,1,approx,0.003289,189,success
g12_h18_k6_dsparse_s2.txt,12,18,6,sparse,2,approx,0.003076,221,success
g9_h22_k7_ddense_s0.txt,9,22,7,dense,0,approx,0.003263,91,success
g9_h22_k7_ddense_s1.txt,9,22,7,dense,1,approx,0.002978,100,success
g9_h22_k7_ddense_s2.txt,9,22,7,dense,2,approx,0.002978,101,success
g9_h22_k7_dmedium_s0.txt,9,22,7,medium,0,approx,0.002957,140,success
g9_h22_k7_dmedium_s1.txt,9,22,7,medium,1,approx,0.002900,111,success
g9_h22_k7_dmedium_s2.txt,9,22,7,medium,2,approx,0.002936,152,success
g9_h22_k7_dsparse_s0.txt,9,22,7,sparse,0,approx,0.002941,186,success
g9_h22_k7_dsparse_s1.txt,9,22,7,sparse,1,approx,0.002920,133,success
g9_h22_k7_dsparse_s2.txt,9,22,7,sparse,2,approx,0.003088,92,success
g10_h40_k5_ddense_s0.txt,10,40,5,dense,0,approx,0.003359,124,success
g10_h40_k5_ddense_s1.txt,10,40,5,dense,1,approx,0.003570,117,success
g10_h40_k5_ddense_s2.txt,10,40,5,dense,2,approx,0.003415,107,success
g10_h40_k5_dmedium_s0.txt,10,40,5,medium,0,approx,0.003699,126,success
g10_h40_k5_dmedium_s1.txt,10,40,5,medium,1,approx,0.003532,122,success
g10_h40_k5_dmedium_s2.txt,10,40,5,medium,2,approx,0.005375,137,success
g10_h40_k5_dsparse_s0.txt,10,40,5,sparse,0,approx,0.003803,132,success
g10_h40_k5_dsparse_s1.txt,10,40,5,sparse,1,approx,0.003367,189,success
g10_h40_k5_dsparse_s2.txt,10,40,5,sparse,2,approx,0.003462,129,success
g10_h25_k6_ddense_s0.txt,10,25,6,dense,0,approx,0.003133,119,success
g10_h25_k6_ddense_s1.txt,10,25,6,dense,1,approx,0.003007,121,success
g10_h25_k6_ddense_s2.txt,10,25,6,dense,2,approx,0.003076,107,success
g10_h25_k6_dmedium_s0.txt,10,25,6,medium,0,approx,0.002991,129,success
g10_h25_k6_dmedium_s1.txt,10,25,6,medium,1,approx,0.003020,151,success
g10_h25_k6_dmedium_s2.txt,10,25,6,medium,2,approx,0.002909,155,success
g10_h25_k6_dsparse_s0.txt,10,25,6,sparse,0,approx,0.002970,123,success
g10_h25_k6_dsparse_s1.txt,10,25,6,sparse,1,approx,0.002918,202,success
g10_h25_k6_dsparse_s2.txt,10,25,6,sparse,2,approx,0.003031,145,success
g10_h15_k8_ddense_s0.txt,10,15,8,dense,0,approx,0.002907,138,success
g10_h15_k8_ddense_s1.txt,10,15,8,dense,1,approx,0.002915,136,success
g10_h15_k8_ddense_s2.txt,10,15,8,dense,2,approx,0.002897,109,success
g10_h15_k8_dmedium_s0.txt,10,15,8,medium,0,approx,0.002850,223,success
g10_h15_k8_dmedium_s1.txt,10,15,8,medium,1,approx,0.002756,181,success
g10_h15_k8_dmedium_s2.txt,10,15,8,medium,2,approx,0.002925,171,success
g10_h15_k8_dsparse_s0.txt,10,15,8,sparse,0,approx,0.002865,104,success
g10_h15_k8_dsparse_s1.txt,10,15,8,sparse,1,approx,0.002809,173,success
g10_h15_k8_dsparse_s2.txt,10,15,8,sparse,2,approx,0.002837,154,success
g12_h48_k4_ddense_s0.txt,12,48,4,dense,0,approx,0.003616,163,success
g12_h48_k4_ddense_s1.txt,12,48,4,dense,1,approx,0.003917,144,success
g12_h48_k4_ddense_s2.txt,12,48,4,dense,2,approx,0.003825,162,success
g12_h48_k4_dmedium_s0.txt,12,48,4,medium,0,approx,0.003784,217,success
g12_h48_k4_dmedium_s1.txt,12,48,4,medium,1,approx,0.003746,222,success
g12_h48_k4_dmedium_s2.txt,12,48,4,medium,2,approx,0.003867,190,success
g12_h48_k4_dsparse_s0.txt,12,48,4,sparse,0,approx,0.003851,165,success
g12_h48_k4_dsparse_s1.txt,12,48,4,sparse,1,approx,0.003908,170,success
g12_h48_k4_dsparse_s2.txt,12,48,4,sparse,2,approx,0.003613,141,success
g15_h60_k3_ddense_s0.txt,15,60,3,dense,0,approx,0.004326,218,success
g15_h60_k3_ddense_s1.txt,15,60,3,dense,1,approx,0.004246,188,success
g15_h60_k3_ddense_s2.txt,15,60,3,dense,2,approx,0.004494,201,success
g15_h60_k3_dmedium_s0.txt,15,60,3,medium,0,approx,0.004411,298,success
g15_h60_k3_dmedium_s1.txt,15,60,3,medium,1,approx,0.004320,238,success
g15_h60_k3_dmedium_s2.txt,15,60,3,medium,2,approx,0.004325,242,success
g15_h60_k3_dsparse_s0.txt,15,60,3,sparse,0,approx,0.004300,186,success
g15_h60_k3_dsparse_s1.txt,15,60,3,sparse,1,approx,0.004209,163,success
g15_h60_k3_dsparse_s2.txt,15,60,3,sparse,2,approx,0.004288,200,success
g9_h18_k8_ddense_s0.txt,9,18,8,dense,0,approx,0.002892,110,success
g9_h18_k8_ddense_s1.txt,9,18,8,dense,1,approx,0.003044,108,success
g9_h18_k8_ddense_s2.txt,9,18,8,dense,2,approx,0.002983,95,success
g9_h18_k8_dmedium_s0.txt,9,18,8,medium,0,approx,0.002877,165,success
g9_h18_k8_dmedium_s1.txt,9,18,8,medium,1,approx,0.002926,184,success
g9_h18_k8_dmedium_s2.txt,9,18,8,medium,2,approx,0.002826,125,success
g9_h18_k8_dsparse_s0.txt,9,18,8,sparse,0,approx,0.002730,144,success
g9_h18_k8_dsparse_s1.txt,9,18,8,sparse,1,approx,0.002841,178,success
g9_h18_k8_dsparse_s2.txt,9,18,8,sparse,2,approx,0.002716,177,success
g9_h13_k10_ddense_s0.txt,9,13,10,dense,0,approx,0.002882,135,success
g9_h13_k10_ddense_s1.txt,9,13,10,dense,1,approx,0.002741,120,success
g9_h13_k10_ddense_s2.txt,9,13,10,dense,2,approx,0.002853,112,success
g9_h13_k10_dmedium_s0.txt,9,13,10,medium,0,approx,0.002854,201,success
g9_h13_k10_dmedium_s1.txt,9,13,10,medium,1,approx,0.002802,158,success
g9_h13_k10_dmedium_s2.txt,9,13,10,medium,2,approx,0.003110,136,success
g9_h13_k10_dsparse_s0.txt,9,13,10,sparse,0,approx,0.003051,212,success
g9_h13_k10_dsparse_s1.txt,9,13,10,sparse,1,approx,0.002878,135,success
g9_h13_k10_dsparse_s2.txt,9,13,10,sparse,2,approx,0.002778,171,success
g8_h32_k7_ddense_s0.txt,8,32,7,dense,0,approx,0.003101,68,success
g8_h32_k7_ddense_s1.txt,8,32,7,dense,1,approx,0.003098,73,success
g8_h32_k7_ddense_s2.txt,8,32,7,dense,2,approx,0.003108,70,success
g8_h32_k7_dmedium_s0.txt,8,32,7,medium,0,approx,0.003070,87,success
g8_h32_k7_dmedium_s1.txt,8,32,7,medium,1,approx,0.003145,97,success
g8_h32_k7_dmedium_s2.txt,8,32,7,medium,2,approx,0.003160,95,success
g8_h32_k7_dsparse_s0.txt,8,32,7,sparse,0,approx,0.003244,138,success
g8_h32_k7_dsparse_s1.txt,8,32,7,sparse,1,approx,0.003206,45,success
g8_h32_k7_dsparse_s2.txt,8,32,7,sparse,2,approx,0.002994,95,success
g9_h36_k6_ddense_s0.txt,9,36,6,dense,0,approx,0.003238,83,success
g9_h36_k6_ddense_s1.txt,9,36,6,dense,1,approx,0.003246,102,success
g9_h36_k6_ddense_s2.txt,9,36,6,dense,2,approx,0.003475,92,success
g9_h36_k6_dmedium_s0.txt,9,36,6,medium,0,approx,0.003313,117,success
g9_h36_k6_dmedium_s1.txt,9,36,6,medium,1,approx,0.003291,123,success
g9_h36_k6_dmedium_s2.txt,9,36,6,medium,2,approx,0.003241,114,success
g9_h36_k6_dsparse_s0.txt,9,36,6,sparse,0,approx,0.003186,121,success
g9_h36_k6_dsparse_s1.txt,9,36,6,sparse,1,approx,0.003211,121,success
g9_h36_k6_dsparse_s2.txt,9,36,6,sparse,2,approx,0.003428,171,success
g10_h20_k7_ddense_s0.txt,10,20,7,dense,0,approx,0.003016,110,success
g10_h20_k7_ddense_s1.txt,10,20,7,dense,1,approx,0.003102,134,success
g10_h20_k7_ddense_s2.txt,10,20,7,dense,2,approx,0.003051,142,success
g10_h20_k7_dmedium_s0.txt,10,20,7,medium,0,approx,0.002928,166,success
g10_h20_k7_dmedium_s1.txt,10,20,7,medium,1,approx,0.002899,193,success
g10_h20_k7_dmedium_s2.txt,10,20,7,medium,2,approx,0.003038,207,success
g10_h20_k7_dsparse_s0.txt,10,20,7,sparse,0,approx,0.002984,114,success
g10_h20_k7_dsparse_s1.txt,10,20,7,sparse,1,approx,0.002887,205,success
g10_h20_k7_dsparse_s2.txt,10,20,7,sparse,2,approx,0.002827,188,success
g8_h24_k8_ddense_s0.txt,8,24,8,dense,0,approx,0.002980,73,success
g8_h24_k8_ddense_s1.txt,8,24,8,dense,1,approx,0.002927,63,success
g8_h24_k8_ddense_s2.txt,8,24,8,dense,2,approx,0.002933,76,success
g8_h24_k8_dmedium_s0.txt,8,24,8,medium,0,approx,0.002917,130,success
g8_h24_k8_dmedium_s1.txt,8,24,8,medium,1,approx,0.002923,106,success
g8_h24_k8_dmedium_s2.txt,8,24,8,medium,2,approx,0.002861,109,success
g8_h24_k8_dsparse_s0.txt,8,24,8,sparse,0,approx,0.002870,140,success
g8_h24_k8_dsparse_s1.txt,8,24,8,sparse,1,approx,0.002804,102,success
g8_h24_k8_dsparse_s2.txt,8,24,8,sparse,2,approx,0.002891,62,success
g15_h30_k4_ddense_s0.txt,15,30,4,dense,0,approx,0.003370,259,success
g15_h30_k4_ddense_s1.txt,15,30,4,dense,1,approx,0.003446,242,success
g15_h30_k4_ddense_s2.txt,15,30,4,dense,2,approx,0.003406,228,success
g15_h30_k4_dmedium_s0.txt,15,30,4,medium,0,approx,0.003464,291,success
g15_h30_k4_dmedium_s1.txt,15,30,4,medium,1,approx,0.003319,321,success
g15_h30_k4_dmedium_s2.txt,15,30,4,medium,2,approx,0.003405,301,success
g15_h30_k4_dsparse_s0.txt,15,30,4,sparse,0,approx,0.003217,256,success
g15_h30_k4_dsparse_s1.txt,15,30,4,sparse,1,approx,0.003288,214,success
g15_h30_k4_dsparse_s2.txt,15,30,4,sparse,2,approx,0.003402,232,success
g8_h16_k10_ddense_s0.txt,8,16,10,dense,0,approx,0.002800,87,success
g8_h16_k10_ddense_s1.txt,8,16,10,dense,1,approx,0.002869,185,success
g8_h16_k10_ddense_s2.txt,8,16,10,dense,2,approx,0.002765,166,success
g8_h16_k10_dmedium_s0.txt,8,16,10,medium,0,approx,0.002747,162,success
g8_h16_k10_dmedium_s1.txt,8,16,10,medium,1,approx,0.002675,134,success
g8_h16_k10_dmedium_s2.txt,8,16,10,medium,2,approx,0.002730,214,success
g8_h16_k10_dsparse_s0.txt,8,16,10,sparse,0,approx,0.002717,112,success
g8_h16_k10_dsparse_s1.txt,8,16,10,sparse,1,approx,0.002760,162,success
g8_h16_k10_dsparse_s2.txt,8,16,10,sparse,2,approx,0.002705,200,success
g12_h30_k5_ddense_s0.txt,12,30,5,dense,0,approx,0.003223,168,success
g12_h30_k5_ddense_s1.txt,12,30,5,dense,1,approx,0.003255,170,success
g12_h30_k5_ddense_s2.txt,12,30,5,dense,2,approx,0.003064,169,success
g12_h30_k5_dmedium_s0.txt,12,30,5,medium,0,approx,0.003243,204,success
g12_h30_k5_dmedium_s1.txt,12,30,5,medium,1,approx,0.003211,226,success
g12_h30_k5_dmedium_s2.txt,12,30,5,medium,2,approx,0.003406,191,success
g12_h30_k5_dsparse_s0.txt,12,30,5,sparse,0,approx,0.003053,263,success
g12_h30_k5_dsparse_s1.txt,12,30,5,sparse,1,approx,0.003107,206,success
g12_h30_k5_dsparse_s2.txt,12,30,5,sparse,2,approx,0.003183,174,success
g7_h21_k10_ddense_s0.txt,7,21,10,dense,0,approx,0.002967,152,success
g7_h21_k10_ddense_s1.txt,7,21,10,dense,1,approx,0.002827,157,success
g7_h21_k10_ddense_s2.txt,7,21,10,dense,2,approx,0.002935,158,success
g7_h21_k10_dmedium_s0.txt,7,21,10,medium,0,approx,0.002878,141,success
g7_h21_k10_dmedium_s1.txt,7,21,10,medium,1,approx,0.002760,111,success
g7_h21_k10_dmedium_s2.txt,7,21,10,medium,2,approx,0.002886,120,success
g7_h21_k10_dsparse_s0.txt,7,21,10,sparse,0,approx,0.002862,74,success
g7_h21_k10_dsparse_s1.txt,7,21,10,sparse,1,approx,0.002960,129,success
g7_h21_k10_dsparse_s2.txt,7,21,10,sparse,2,approx,0.002940,148,success
g10_h30_k6_ddense_s0.txt,10,30,6,dense,0,approx,0.003190,116,success
g10_h30_k6_ddense_s1.txt,10,30,6,dense,1,approx,0.003322,81,success
g10_h30_k6_ddense_s2.txt,10,30,6,dense,2,approx,0.003223,121,success
g10_h30_k6_dmedium_s0.txt,10,30,6,medium,0,approx,0.003142,149,success
g10_h30_k6_dmedium_s1.txt,10,30,6,medium,1,approx,0.003170,151,success
g10_h30_k6_dmedium_s2.txt,10,30,6,medium,2,approx,0.003252,149,success
g10_h30_k6_dsparse_s0.txt,10,30,6,sparse,0,approx,0.003289,158,success
g10_h30_k6_dsparse_s1.txt,10,30,6,sparse,1,approx,0.003107,137,success
g10_h30_k6_dsparse_s2.txt,10,30,6,sparse,2,approx,0.003143,145,success
g8_h20_k9_ddense_s0.txt,8,20,9,dense,0,approx,0.002817,144,success
g8_h20_k9_ddense_s1.txt,8,20,9,dense,1,approx,0.002816,156,success
g8_h20_k9_ddense_s2.txt,8,20,9,dense,2,approx,0.002994,140,success
g8_h20_k9_dmedium_s0.txt,8,20,9,medium,0,approx,0.002896,115,success
g8_h20_k9_dmedium_s1.txt,8,20,9,medium,1,approx,0.002901,146,success
g8_h20_k9_dmedium_s2.txt,8,20,9,medium,2,approx,0.002806,139,success
g8_h20_k9_dsparse_s0.txt,8,20,9,sparse,0,approx,0.002884,136,success
g8_h20_k9_dsparse_s1.txt,8,20,9,sparse,1,approx,0.002709,118,success
g8_h20_k9_dsparse_s2.txt,8,20,9,sparse,2,approx,0.002790,121,success
g9_h27_k7_ddense_s0.txt,9,27,7,dense,0,approx,0.003036,95,success
g9_h27_k7_ddense_s1.txt,9,27,7,dense,1,approx,0.003049,77,success
g9_h27_k7_ddense_s2.txt,9,27,7,dense,2,approx,0.003183,90,success
g9_h27_k7_dmedium_s0.txt,9,27,7,medium,0,approx,0.002939,114,success
g9_h27_k7_dmedium_s1.txt,9,27,7,medium,1,approx,0.003101,135,success
g9_h27_k7_dmedium_s2.txt,9,27,7,medium,2,approx,0.003026,137,success
g9_h27_k7_dsparse_s0.txt,9,27,7,sparse,0,approx,0.003067,97,success
g9_h27_k7_dsparse_s1.txt,9,27,7,sparse,1,approx,0.002935,167,success
g9_h27_k7_dsparse_s2.txt,9,27,7,sparse,2,approx,0.002987,119,success
g7_h28_k9_ddense_s0.txt,7,28,9,dense,0,approx,0.002963,120,success
g7_h28_k9_ddense_s1.txt,7,28,9,dense,1,approx,0.003070,129,success
g7_h28_k9_ddense_s2.txt,7,28,9,dense,2,approx,0.003004,151,success
g7_h28_k9_dmedium_s0.txt,7,28,9,medium,0,approx,0.003130,115,success
g7_h28_k9_dmedium_s1.txt,7,28,9,medium,1,approx,0.002913,113,success
g7_h28_k9_dmedium_s2.txt,7,28,9,medium,2,approx,0.003130,114,success
g7_h28_k9_dsparse_s0.txt,7,28,9,sparse,0,approx,0.002938,140,success
g7_h28_k9_dsparse_s1.txt,7,28,9,sparse,1,approx,0.002893,70,success
g7_h28_k9_dsparse_s2.txt,7,28,9,sparse,2,approx,0.002836,69,success
g15_h22_k5_ddense_s0.txt,15,22,5,dense,0,approx,0.003262,333,success
g15_h22_k5_ddense_s1.txt,15,22,5,dense,1,approx,0.003252,340,success
g15_h22_k5_ddense_s2.txt,15,22,5,dense,2,approx,0.003310,231,success
g15_h22_k5_dmedium_s0.txt,15,22,5,medium,0,approx,0.003150,423,success
g15_h22_k5_dmedium_s1.txt,15,22,5,medium,1,approx,0.003393,431,success
g15_h22_k5_dmedium_s2.txt,15,22,5,medium,2,approx,0.003172,419,success
g15_h22_k5_dsparse_s0.txt,15,22,5,sparse,0,approx,0.003172,293,success
g15_h22_k5_dsparse_s1.txt,15,22,5,sparse,1,approx,0.003123,299,success
g15_h22_k5_dsparse_s2.txt,15,22,5,sparse,2,approx,0.003097,251,success
g10_h15_k9_ddense_s0.txt,10,15,9,dense,0,approx,0.002896,121,success
g10_h15_k9_ddense_s1.txt,10,15,9,dense,1,approx,0.002993,99,success
g10_h15_k9_ddense_s2.txt,10,15,9,dense,2,approx,0.002910,152,success
g10_h15_k9_dmedium_s0.txt,10,15,9,medium,0,approx,0.002940,232,success
g10_h15_k9_dmedium_s1.txt,10,15,9,medium,1,approx,0.002966,229,success
g10_h15_k9_dmedium_s2.txt,10,15,9,medium,2,approx,0.002884,232,success
g10_h15_k9_dsparse_s0.txt,10,15,9,sparse,0,approx,0.002996,214,success
g10_h15_k9_dsparse_s1.txt,10,15,9,sparse,1,approx,0.002903,167,success
g10_h15_k9_dsparse_s2.txt,10,15,9,sparse,2,approx,0.002807,249,success
g9_h22_k8_ddense_s0.txt,9,22,8,dense,0,approx,0.002949,98,success
g9_h22_k8_ddense_s1.txt,9,22,8,dense,1,approx,0.002869,97,success
g9_h22_k8_ddense_s2.txt,9,22,8,dense,2,approx,0.002958,93,success
g9_h22_k8_dmedium_s0.txt,9,22,8,medium,0,approx,0.002820,157,success
g9_h22_k8_dmedium_s1.txt,9,22,8,medium,1,approx,0.002960,115,success
g9_h22_k8_dmedium_s2.txt,9,22,8,medium,2,approx,0.002803,120,success
g9_h22_k8_dsparse_s0.txt,9,22,8,sparse,0,approx,0.002813,134,success
g9_h22_k8_dsparse_s1.txt,9,22,8,sparse,1,approx,0.002899,124,success
g9_h22_k8_dsparse_s2.txt,9,22,8,sparse,2,approx,0.002787,142,success
g9_h18_k9_ddense_s0.txt,9,18,9,dense,0,approx,0.003022,87,success
g9_h18_k9_ddense_s1.txt,9,18,9,dense,1,approx,0.003076,98,success
g9_h18_k9_ddense_s2.txt,9,18,9,dense,2,approx,0.003038,86,success
g9_h18_k9_dmedium_s0.txt,9,18,9,medium,0,approx,0.002834,158,success
g9_h18_k9_dmedium_s1.txt,9,18,9,medium,1,approx,0.002947,179,success
g9_h18_k9_dmedium_s2.txt,9,18,9,medium,2,approx,0.002968,183,success
g9_h18_k9_dsparse_s0.txt,9,18,9,sparse,0,approx,0.002915,152,success
g9_h18_k9_dsparse_s1.txt,9,18,9,sparse,1,approx,0.003077,159,success
g9_h18_k9_dsparse_s2.txt,9,18,9,sparse,2,approx,0.002854,134,success
g12_h36_k5_ddense_s0.txt,12,36,5,dense,0,approx,0.003495,177,success
g12_h36_k5_ddense_s1.txt,12,36,5,dense,1,approx,0.003449,152,success
g12_h36_k5_ddense_s2.txt,12,36,5,dense,2,approx,0.003563,166,success
g12_h36_k5_dmedium_s0.txt,12,36,5,medium,0,approx,0.003530,198,success
g12_h36_k5_dmedium_s1.txt,12,36,5,medium,1,approx,0.003709,198,success
g12_h36_k5_dmedium_s2.txt,12,36,5,medium,2,approx,0.003512,210,success
g12_h36_k5_dsparse_s0.txt,12,36,5,sparse,0,approx,0.003462,167,success
g12_h36_k5_dsparse_s1.txt,12,36,5,sparse,1,approx,0.003583,150,success
g12_h36_k5_dsparse_s2.txt,12,36,5,sparse,2,approx,0.003764,119,success
g12_h18_k7_ddense_s0.txt,12,18,7,dense,0,approx,0.003144,224,success
g12_h18_k7_ddense_s1.txt,12,18,7,dense,1,approx,0.003021,192,success
g12_h18_k7_ddense_s2.txt,12,18,7,dense,2,approx,0.003016,186,success
g12_h18_k7_dmedium_s0.txt,12,18,7,medium,0,approx,0.003044,268,success
g12_h18_k7_dmedium_s1.txt,12,18,7,medium,1,approx,0.003149,333,success
g12_h18_k7_dmedium_s2.txt,12,18,7,medium,2,approx,0.003299,311,success
g12_h18_k7_dsparse_s0.txt,12,18,7,sparse,0,approx,0.003138,312,success
g12_h18_k7_dsparse_s1.txt,12,18,7,sparse,1,approx,0.003482,305,success
g12_h18_k7_dsparse_s2.txt,12,18,7,sparse,2,approx,0.003384,159,success
g15_h37_k4_ddense_s0.txt,15,37,4,dense,0,approx,0.004036,260,success
g15_h37_k4_ddense_s1.txt,15,37,4,dense,1,approx,0.005251,249,success
g15_h37_k4_ddense_s2.txt,15,37,4,dense,2,approx,0.003758,238,success
g15_h37_k4_dmedium_s0.txt,15,37,4,medium,0,approx,0.003693,270,success
g15_h37_k4_dmedium_s1.txt,15,37,4,medium,1,approx,0.004005,306,success
g15_h37_k4_dmedium_s2.txt,15,37,4,medium,2,approx,0.003623,348,success
g15_h37_k4_dsparse_s0.txt,15,37,4,sparse,0,approx,0.003644,276,success
g15_h37_k4_dsparse_s1.txt,15,37,4,sparse,1,approx,0.003316,219,success
g15_h37_k4_dsparse_s2.txt,15,37,4,sparse,2,approx,0.003462,271,success
g10_h25_k7_ddense_s0.txt,10,25,7,dense,0,approx,0.002972,125,success
g10_h25_k7_ddense_s1.txt,10,25,7,dense,1,approx,0.003147,107,success
g10_h25_k7_ddense_s2.txt,10,25,7,dense,2,approx,0.003037,117,success
g10_h25_k7_dmedium_s0.txt,10,25,7,medium,0,approx,0.003079,184,success
g10_h25_k7_dmedium_s1.txt,10,25,7,medium,1,approx,0.002957,141,success
g10_h25_k7_dmedium_s2.txt,10,25,7,medium,2,approx,0.003098,160,success
g10_h25_k7_dsparse_s0.txt,10,25,7,sparse,0,approx,0.002991,167,success
g10_h25_k7_dsparse_s1.txt,10,25,7,sparse,1,approx,0.003229,134,success
g10_h25_k7_dsparse_s2.txt,10,25,7,sparse,2,approx,0.002999,139,success
g12_h24_k6_ddense_s0.txt,12,24,6,dense,0,approx,0.003081,167,success
g12_h24_k6_ddense_s1.txt,12,24,6,dense,1,approx,0.003196,187,success
g12_h24_k6_ddense_s2.txt,12,24,6,dense,2,approx,0.003346,169,success
g12_h24_k6_dmedium_s0.txt,12,24,6,medium,0,approx,0.003216,238,success
g12_h24_k6_dmedium_s1.txt,12,24,6,medium,1,approx,0.003237,261,success
g12_h24_k6_dmedium_s2.txt,12,24,6,medium,2,approx,0.003177,187,success
g12_h24_k6_dsparse_s0.txt,12,24,6,sparse,0,approx,0.003208,237,success
g12_h24_k6_dsparse_s1.txt,12,24,6,sparse,1,approx,0.003038,279,success
g12_h24_k6_dsparse_s2.txt,12,24,6,sparse,2,approx,0.003151,276,success
g8_h32_k8_ddense_s0.txt,8,32,8,dense,0,approx,0.003208,82,success
g8_h32_k8_ddense_s1.txt,8,32,8,dense,1,approx,0.003256,81,success
g8_h32_k8_ddense_s2.txt,8,32,8,dense,2,approx,0.003177,92,success
g8_h32_k8_dmedium_s0.txt,8,32,8,medium,0,approx,0.003143,105,success
g8_h32_k8_dmedium_s1.txt,8,32,8,medium,1,approx,0.003141,110,success
g8_h32_k8_dmedium_s2.txt,8,32,8,medium,2,approx,0.003128,79,success
g8_h32_k8_dsparse_s0.txt,8,32,8,sparse,0,approx,0.003020,92,success
g8_h32_k8_dsparse_s1.txt,8,32,8,sparse,1,approx,0.003252,76,success
g8_h32_k8_dsparse_s2.txt,8,32,8,sparse,2,approx,0.003028,81,success
g8_h24_k9_ddense_s0.txt,8,24,9,dense,0,approx,0.002943,151,success
g8_h24_k9_ddense_s1.txt,8,24,9,dense,1,approx,0.002902,156,success
g8_h24_k9_ddense_s2.txt,8,24,9,dense,2,approx,0.003189,140,success
g8_h24_k9_dmedium_s0.txt,8,24,9,medium,0,approx,0.002932,143,success
g8_h24_k9_dmedium_s1.txt,8,24,9,medium,1,approx,0.002888,143,success
g8_h24_k9_dmedium_s2.txt,8,24,9,medium,2,approx,0.002968,115,success
g8_h24_k9_dsparse_s0.txt,8,24,9,sparse,0,approx,0.002896,71,success
g8_h24_k9_dsparse_s1.txt,8,24,9,sparse,1,approx,0.002990,95,success
g8_h24_k9_dsparse_s2.txt,8,24,9,sparse,2,approx,0.003072,225,success
g10_h20_k8_ddense_s0.txt,10,20,8,dense,0,approx,0.003030,123,success
g10_h20_k8_ddense_s1.txt,10,20,8,dense,1,approx,0.003046,108,success
g10_h20_k8_ddense_s2.txt,10,20,8,dense,2,approx,0.002918,119,success
g10_h20_k8_dmedium_s0.txt,10,20,8,medium,0,approx,0.003138,156,success
g10_h20_k8_dmedium_s1.txt,10,20,8,medium,1,approx,0.003078,155,success
g10_h20_k8_dmedium_s2.txt,10,20,8,medium,2,approx,0.003199,174,success
g10_h20_k8_dsparse_s0.txt,10,20,8,sparse,0,approx,0.002913,204,success
g10_h20_k8_dsparse_s1.txt,10,20,8,sparse,1,approx,0.004408,186,success
g10_h20_k8_dsparse_s2.txt,10,20,8,sparse,2,approx,0.003191,205,success
g10_h40_k6_ddense_s0.txt,10,40,6,dense,0,approx,0.004440,128,success
g10_h40_k6_ddense_s1.txt,10,40,6,dense,1,approx,0.003792,112,success
g10_h40_k6_ddense_s2.txt,10,40,6,dense,2,approx,0.003804,117,success
g10_h40_k6_dmedium_s0.txt,10,40,6,medium,0,approx,0.003678,155,success
g10_h40_k6_dmedium_s1.txt,10,40,6,medium,1,approx,0.003506,141,success
g10_h40_k6_dmedium_s2.txt,10,40,6,medium,2,approx,0.003485,142,success
g10_h40_k6_dsparse_s0.txt,10,40,6,sparse,0,approx,0.003477,168,success
g10_h40_k6_dsparse_s1.txt,10,40,6,sparse,1,approx,0.003416,139,success
g10_h40_k6_dsparse_s2.txt,10,40,6,sparse,2,approx,0.003475,132,success
g8_h20_k10_ddense_s0.txt,8,20,10,dense,0,approx,0.002914,181,success
g8_h20_k10_ddense_s1.txt,8,20,10,dense,1,approx,0.002978,164,success
g8_h20_k10_ddense_s2.txt,8,20,10,dense,2,approx,0.002983,158,success
g8_h20_k10_dmedium_s0.txt,8,20,10,medium,0,approx,0.003077,163,success
g8_h20_k10_dmedium_s1.txt,8,20,10,medium,1,approx,0.003001,139,success
g8_h20_k10_dmedium_s2.txt,8,20,10,medium,2,approx,0.002896,156,success
g8_h20_k10_dsparse_s0.txt,8,20,10,sparse,0,approx,0.002807,90,success
g8_h20_k10_dsparse_s1.txt,8,20,10,sparse,1,approx,0.002800,157,success
g8_h20_k10_dsparse_s2.txt,8,20,10,sparse,2,approx,0.002749,85,success
g9_h36_k7_ddense_s0.txt,9,36,7,dense,0,approx,0.003335,108,success
g9_h36_k7_ddense_s1.txt,9,36,7,dense,1,approx,0.003373,96,success
g9_h36_k7_ddense_s2.txt,9,36,7,dense,2,approx,0.003397,111,success
g9_h36_k7_dmedium_s0.txt,9,36,7,medium,0,approx,0.003304,112,success
g9_h36_k7_dmedium_s1.txt,9,36,7,medium,1,approx,0.003370,116,success
g9_h36_k7_dmedium_s2.txt,9,36,7,medium,2,approx,0.003467,91,success
g9_h36_k7_dsparse_s0.txt,9,36,7,sparse,0,approx,0.003308,125,success
g9_h36_k7_dsparse_s1.txt,9,36,7,sparse,1,approx,0.003335,175,success
g9_h36_k7_dsparse_s2.txt,9,36,7,sparse,2,approx,0.003404,91,success
g7_h28_k10_ddense_s0.txt,7,28,10,dense,0,approx,0.003303,164,success
g7_h28_k10_ddense_s1.txt,7,28,10,dense,1,approx,0.003075,148,success
g7_h28_k10_ddense_s2.txt,7,28,10,dense,2,approx,0.003105,121,success
g7_h28_k10_dmedium_s0.txt,7,28,10,medium,0,approx,0.003118,166,success
g7_h28_k10_dmedium_s1.txt,7,28,10,medium,1,approx,0.003106,131,success
g7_h28_k10_dmedium_s2.txt,7,28,10,medium,2,approx,0.003029,123,success
g7_h28_k10_dsparse_s0.txt,7,28,10,sparse,0,approx,0.003096,69,success
g7_h28_k10_dsparse_s1.txt,7,28,10,sparse,1,approx,0.003026,118,success
g7_h28_k10_dsparse_s2.txt,7,28,10,sparse,2,approx,0.003005,54,success
g15_h45_k4_ddense_s0.txt,15,45,4,dense,0,approx,0.003828,255,success
g15_h45_k4_ddense_s1.txt,15,45,4,dense,1,approx,0.003983,263,success
g15_h45_k4_ddense_s2.txt,15,45,4,dense,2,approx,0.003879,235,success
g15_h45_k4_dmedium_s0.txt,15,45,4,medium,0,approx,0.003876,315,success
g15_h45_k4_dmedium_s1.txt,15,45,4,medium,1,approx,0.003891,307,success
g15_h45_k4_dmedium_s2.txt,15,45,4,medium,2,approx,0.004075,336,success
g15_h45_k4_dsparse_s0.txt,15,45,4,sparse,0,approx,0.003812,212,success
g15_h45_k4_dsparse_s1.txt,15,45,4,sparse,1,approx,0.003879,238,success
g15_h45_k4_dsparse_s2.txt,15,45,4,sparse,2,approx,0.003866,252,success
g9_h27_k8_ddense_s0.txt,9,27,8,dense,0,approx,0.003127,110,success
g9_h27_k8_ddense_s1.txt,9,27,8,dense,1,approx,0.003037,105,success
g9_h27_k8_ddense_s2.txt,9,27,8,dense,2,approx,0.003039,90,success
g9_h27_k8_dmedium_s0.txt,9,27,8,medium,0,approx,0.002984,130,success
g9_h27_k8_dmedium_s1.txt,9,27,8,medium,1,approx,0.003096,164,success
g9_h27_k8_dmedium_s2.txt,9,27,8,medium,2,approx,0.003027,116,success
g9_h27_k8_dsparse_s0.txt,9,27,8,sparse,0,approx,0.003022,118,success
g9_h27_k8_dsparse_s1.txt,9,27,8,sparse,1,approx,0.003029,158,success
g9_h27_k8_dsparse_s2.txt,9,27,8,sparse,2,approx,0.003112,160,success
g10_h15_k10_ddense_s0.txt,10,15,10,dense,0,approx,0.003058,155,success
g10_h15_k10_ddense_s1.txt,10,15,10,dense,1,approx,0.003002,123,success
g10_h15_k10_ddense_s2.txt,10,15,10,dense,2,approx,0.002899,156,success
g10_h15_k10_dmedium_s0.txt,10,15,10,medium,0,approx,0.003011,206,success
g10_h15_k10_dmedium_s1.txt,10,15,10,medium,1,approx,0.003025,269,success
g10_h15_k10_dmedium_s2.txt,10,15,10,medium,2,approx,0.003262,168,success
g10_h15_k10_dsparse_s0.txt,10,15,10,sparse,0,approx,0.003369,176,success
g10_h15_k10_dsparse_s1.txt,10,15,10,sparse,1,approx,0.002894,234,success
g10_h15_k10_dsparse_s2.txt,10,15,10,sparse,2,approx,0.002900,226,success
g10_h30_k7_ddense_s0.txt,10,30,7,dense,0,approx,0.003334,109,success
g10_h30_k7_ddense_s1.txt,10,30,7,dense,1,approx,0.003382,119,success
g10_h30_k7_ddense_s2.txt,10,30,7,dense,2,approx,0.003452,130,success
g10_h30_k7_dmedium_s0.txt,10,30,7,medium,0,approx,0.003296,150,success
g10_h30_k7_dmedium_s1.txt,10,30,7,medium,1,approx,0.003379,139,success
g10_h30_k7_dmedium_s2.txt,10,30,7,medium,2,approx,0.003308,143,success
g10_h30_k7_dsparse_s0.txt,10,30,7,sparse,0,approx,0.003430,136,success
g10_h30_k7_dsparse_s1.txt,10,30,7,sparse,1,approx,0.003185,110,success
g10_h30_k7_dsparse_s2.txt,10,30,7,sparse,2,approx,0.003383,175,success
g12_h48_k5_ddense_s0.txt,12,48,5,dense,0,approx,0.004251,181,success
g12_h48_k5_ddense_s1.txt,12,48,5,dense,1,approx,0.004361,171,success
g12_h48_k5_ddense_s2.txt,12,48,5,dense,2,approx,0.003919,185,success
g12_h48_k5_dmedium_s0.txt,12,48,5,medium,0,approx,0.004000,190,success
g12_h48_k5_dmedium_s1.txt,12,48,5,medium,1,approx,0.003989,233,success
g12_h48_k5_dmedium_s2.txt,12,48,5,medium,2,approx,0.004092,210,success
g12_h48_k5_dsparse_s0.txt,12,48,5,sparse,0,approx,0.003867,167,success
g12_h48_k5_dsparse_s1.txt,12,48,5,sparse,1,approx,0.004231,223,success
g12_h48_k5_dsparse_s2.txt,12,48,5,sparse,2,approx,0.003918,209,success
g9_h22_k9_ddense_s0.txt,9,22,9,dense,0,approx,0.003127,94,success
g9_h22_k9_ddense_s1.txt,9,22,9,dense,1,approx,0.002940,85,success
g9_h22_k9_ddense_s2.txt,9,22,9,dense,2,approx,0.002973,97,success
g9_h22_k9_dmedium_s0.txt,9,22,9,medium,0,approx,0.002909,124,success
g9_h22_k9_dmedium_s1.txt,9,22,9,medium,1,approx,0.003030,137,success
g9_h22_k9_dmedium_s2.txt,9,22,9,medium,2,approx,0.002909,129,success
g9_h22_k9_dsparse_s0.txt,9,22,9,sparse,0,approx,0.003250,113,success
g9_h22_k9_dsparse_s1.txt,9,22,9,sparse,1,approx,0.003013,221,success
g9_h22_k9_dsparse_s2.txt,9,22,9,sparse,2,approx,0.003089,213,success
g9_h18_k10_ddense_s0.txt,9,18,10,dense,0,approx,0.002865,179,success
g9_h18_k10_ddense_s1.txt,9,18,10,dense,1,approx,0.003044,173,success
g9_h18_k10_ddense_s2.txt,9,18,10,dense,2,approx,0.002895,112,success
g9_h18_k10_dmedium_s0.txt,9,18,10,medium,0,approx,0.002892,179,success
g9_h18_k10_dmedium_s1.txt,9,18,10,medium,1,approx,0.003085,176,success
g9_h18_k10_dmedium_s2.txt,9,18,10,medium,2,approx,0.002910,172,success
g9_h18_k10_dsparse_s0.txt,9,18,10,sparse,0,approx,0.002790,213,success
g9_h18_k10_dsparse_s1.txt,9,18,10,sparse,1,approx,0.002911,114,success
g9_h18_k10_dsparse_s2.txt,9,18,10,sparse,2,approx,0.002841,130,success
g12_h30_k6_ddense_s0.txt,12,30,6,dense,0,approx,0.003392,163,success
g12_h30_k6_ddense_s1.txt,12,30,6,dense,1,approx,0.003604,181,success
g12_h30_k6_ddense_s2.txt,12,30,6,dense,2,approx,0.003418,156,success
g12_h30_k6_dmedium_s0.txt,12,30,6,medium,0,approx,0.003289,224,success
g12_h30_k6_dmedium_s1.txt,12,30,6,medium,1,approx,0.003448,209,success
g12_h30_k6_dmedium_s2.txt,12,30,6,medium,2,approx,0.003345,235,success
g12_h30_k6_dsparse_s0.txt,12,30,6,sparse,0,approx,0.003340,224,success
g12_h30_k6_dsparse_s1.txt,12,30,6,sparse,1,approx,0.003268,195,success
g12_h30_k6_dsparse_s2.txt,12,30,6,sparse,2,approx,0.003387,225,success
g8_h24_k10_ddense_s0.txt,8,24,10,dense,0,approx,0.003069,185,success
g8_h24_k10_ddense_s1.txt,8,24,10,dense,1,approx,0.003104,159,success
g8_h24_k10_ddense_s2.txt,8,24,10,dense,2,approx,0.003007,162,success
g8_h24_k10_dmedium_s0.txt,8,24,10,medium,0,approx,0.002984,153,success
g8_h24_k10_dmedium_s1.txt,8,24,10,medium,1,approx,0.002997,200,success
g8_h24_k10_dmedium_s2.txt,8,24,10,medium,2,approx,0.003066,112,success
g8_h24_k10_dsparse_s0.txt,8,24,10,sparse,0,approx,0.002863,123,success
g8_h24_k10_dsparse_s1.txt,8,24,10,sparse,1,approx,0.003026,138,success
g8_h24_k10_dsparse_s2.txt,8,24,10,sparse,2,approx,0.002914,142,success
g12_h18_k8_ddense_s0.txt,12,18,8,dense,0,approx,0.003263,201,success
g12_h18_k8_ddense_s1.txt,12,18,8,dense,1,approx,0.003065,194,success
g12_h18_k8_ddense_s2.txt,12,18,8,dense,2,approx,0.003082,207,success
g12_h18_k8_dmedium_s0.txt,12,18,8,medium,0,approx,0.003103,289,success
g12_h18_k8_dmedium_s1.txt,12,18,8,medium,1,approx,0.003203,272,success
g12_h18_k8_dmedium_s2.txt,12,18,8,medium,2,approx,0.003204,268,success
g12_h18_k8_dsparse_s0.txt,12,18,8,sparse,0,approx,0.003068,311,success
g12_h18_k8_dsparse_s1.txt,12,18,8,sparse,1,approx,0.003046,228,success
g12_h18_k8_dsparse_s2.txt,12,18,8,sparse,2,approx,0.003052,281,success
g8_h32_k9_ddense_s0.txt,8,32,9,dense,0,approx,0.003144,155,success
g8_h32_k9_ddense_s1.txt,8,32,9,dense,1,approx,0.003481,109,success
g8_h32_k9_ddense_s2.txt,8,32,9,dense,2,approx,0.003782,126,success
g8_h32_k9_dmedium_s0.txt,8,32,9,medium,0,approx,0.004580,134,success
g8_h32_k9_dmedium_s1.txt,8,32,9,medium,1,approx,0.003478,129,success
g8_h32_k9_dmedium_s2.txt,8,32,9,medium,2,approx,0.003724,134,success
g8_h32_k9_dsparse_s0.txt,8,32,9,sparse,0,approx,0.003386,65,success
g8_h32_k9_dsparse_s1.txt,8,32,9,sparse,1,approx,0.003166,214,success
g8_h32_k9_dsparse_s2.txt,8,32,9,sparse,2,approx,0.003373,89,success
g15_h30_k5_ddense_s0.txt,15,30,5,dense,0,approx,0.004099,273,success
g15_h30_k5_ddense_s1.txt,15,30,5,dense,1,approx,0.003987,273,success
g15_h30_k5_ddense_s2.txt,15,30,5,dense,2,approx,0.004972,270,success
g15_h30_k5_dmedium_s0.txt,15,30,5,medium,0,approx,0.003962,363,success
g15_h30_k5_dmedium_s1.txt,15,30,5,medium,1,approx,0.007958,408,success
g15_h30_k5_dmedium_s2.txt,15,30,5,medium,2,approx,0.004827,463,success
g15_h30_k5_dsparse_s0.txt,15,30,5,sparse,0,approx,0.006421,269,success
g15_h30_k5_dsparse_s1.txt,15,30,5,sparse,1,approx,0.006711,376,success
g15_h30_k5_dsparse_s2.txt,15,30,5,sparse,2,approx,0.005352,244,success
g10_h25_k8_ddense_s0.txt,10,25,8,dense,0,approx,0.004086,126,success
g10_h25_k8_ddense_s1.txt,10,25,8,dense,1,approx,0.003660,122,success
g10_h25_k8_ddense_s2.txt,10,25,8,dense,2,approx,0.003996,126,success
g10_h25_k8_dmedium_s0.txt,10,25,8,medium,0,approx,0.003700,160,success
g10_h25_k8_dmedium_s1.txt,10,25,8,medium,1,approx,0.003834,155,success
g10_h25_k8_dmedium_s2.txt,10,25,8,medium,2,approx,0.003373,166,success
g10_h25_k8_dsparse_s0.txt,10,25,8,sparse,0,approx,0.003754,241,success
g10_h25_k8_dsparse_s1.txt,10,25,8,sparse,1,approx,0.003282,207,success
g10_h25_k8_dsparse_s2.txt,10,25,8,sparse,2,approx,0.003467,180,success
g10_h20_k9_ddense_s0.txt,10,20,9,dense,0,approx,0.003154,139,success
g10_h20_k9_ddense_s1.txt,10,20,9,dense,1,approx,0.003758,121,success
g10_h20_k9_ddense_s2.txt,10,20,9,dense,2,approx,0.003394,133,success
g10_h20_k9_dmedium_s0.txt,10,20,9,medium,0,approx,0.003253,150,success
g10_h20_k9_dmedium_s1.txt,10,20,9,medium,1,approx,0.003102,228,success
g10_h20_k9_dmedium_s2.txt,10,20,9,medium,2,approx,0.003303,183,success
g10_h20_k9_dsparse_s0.txt,10,20,9,sparse,0,approx,0.003420,227,success
g10_h20_k9_dsparse_s1.txt,10,20,9,sparse,1,approx,0.003332,239,success
g10_h20_k9_dsparse_s2.txt,10,20,9,sparse,2,approx,0.003637,118,success
g15_h22_k6_ddense_s0.txt,15,22,6,dense,0,approx,0.003736,290,success
g15_h22_k6_ddense_s1.txt,15,22,6,dense,1,approx,0.003586,274,success
g15_h22_k6_ddense_s2.txt,15,22,6,dense,2,approx,0.003804,263,success
g15_h22_k6_dmedium_s0.txt,15,22,6,medium,0,approx,0.003531,425,success
g15_h22_k6_dmedium_s1.txt,15,22,6,medium,1,approx,0.003505,448,success
g15_h22_k6_dmedium_s2.txt,15,22,6,medium,2,approx,0.003684,385,success
g15_h22_k6_dsparse_s0.txt,15,22,6,sparse,0,approx,0.003745,340,success
g15_h22_k6_dsparse_s1.txt,15,22,6,sparse,1,approx,0.003247,326,success
g15_h22_k6_dsparse_s2.txt,15,22,6,sparse,2,approx,0.003325,294,success
g15_h60_k4_ddense_s0.txt,15,60,4,dense,0,approx,0.004653,217,success
g15_h60_k4_ddense_s1.txt,15,60,4,dense,1,approx,0.004905,255,success
g15_h60_k4_ddense_s2.txt,15,60,4,dense,2,approx,0.004701,226,success
g15_h60_k4_dmedium_s0.txt,15,60,4,medium,0,approx,0.004826,306,success
g15_h60_k4_dmedium_s1.txt,15,60,4,medium,1,approx,0.004694,259,success
g15_h60_k4_dmedium_s2.txt,15,60,4,medium,2,approx,0.005008,311,success
g15_h60_k4_dsparse_s0.txt,15,60,4,sparse,0,approx,0.004778,247,success
g15_h60_k4_dsparse_s1.txt,15,60,4,sparse,1,approx,0.005037,275,success
g15_h60_k4_dsparse_s2.txt,15,60,4,sparse,2,approx,0.005480,254,success
g12_h24_k7_ddense_s0.txt,12,24,7,dense,0,approx,0.003609,182,success
g12_h24_k7_ddense_s1.txt,12,24,7,dense,1,approx,0.003229,163,success
g12_h24_k7_ddense_s2.txt,12,24,7,dense,2,approx,0.003521,169,success
g12_h24_k7_dmedium_s0.txt,12,24,7,medium,0,approx,0.003255,238,success
g12_h24_k7_dmedium_s1.txt,12,24,7,medium,1,approx,0.003320,269,success
g12_h24_k7_dmedium_s2.txt,12,24,7,medium,2,approx,0.003344,279,success
g12_h24_k7_dsparse_s0.txt,12,24,7,sparse,0,approx,0.003200,272,success
g12_h24_k7_dsparse_s1.txt,12,24,7,sparse,1,approx,0.003080,233,success
g12_h24_k7_dsparse_s2.txt,12,24,7,sparse,2,approx,0.003609,292,success
g9_h36_k8_ddense_s0.txt,9,36,8,dense,0,approx,0.003552,93,success
g9_h36_k8_ddense_s1.txt,9,36,8,dense,1,approx,0.003498,104,success
g9_h36_k8_ddense_s2.txt,9,36,8,dense,2,approx,0.003880,104,success
g9_h36_k8_dmedium_s0.txt,9,36,8,medium,0,approx,0.003613,141,success
g9_h36_k8_dmedium_s1.txt,9,36,8,medium,1,approx,0.003497,144,success
g9_h36_k8_dmedium_s2.txt,9,36,8,medium,2,approx,0.003859,127,success
g9_h36_k8_dsparse_s0.txt,9,36,8,sparse,0,approx,0.003659,135,success
g9_h36_k8_dsparse_s1.txt,9,36,8,sparse,1,approx,0.003922,123,success
g9_h36_k8_dsparse_s2.txt,9,36,8,sparse,2,approx,0.003673,173,success
g12_h36_k6_ddense_s0.txt,12,36,6,dense,0,approx,0.003830,172,success
g12_h36_k6_ddense_s1.txt,12,36,6,dense,1,approx,0.003782,159,success
g12_h36_k6_ddense_s2.txt,12,36,6,dense,2,approx,0.004007,173,success
g12_h36_k6_dmedium_s0.txt,12,36,6,medium,0,approx,0.003637,234,success
g12_h36_k6_dmedium_s1.txt,12,36,6,medium,1,approx,0.004341,230,success
g12_h36_k6_dmedium_s2.txt,12,36,6,medium,2,approx,0.004364,195,success
g12_h36_k6_dsparse_s0.txt,12,36,6,sparse,0,approx,0.004211,193,success
g12_h36_k6_dsparse_s1.txt,12,36,6,sparse,1,approx,0.004019,220,success
g12_h36_k6_dsparse_s2.txt,12,36,6,sparse,2,approx,0.003823,180,success
g9_h27_k9_ddense_s0.txt,9,27,9,dense,0,approx,0.004986,102,success
g9_h27_k9_ddense_s1.txt,9,27,9,dense,1,approx,0.004092,111,success
g9_h27_k9_ddense_s2.txt,9,27,9,dense,2,approx,0.003502,101,success
g9_h27_k9_dmedium_s0.txt,9,27,9,medium,0,approx,0.003624,126,success
g9_h27_k9_dmedium_s1.txt,9,27,9,medium,1,approx,0.003558,147,success
g9_h27_k9_dmedium_s2.txt,9,27,9,medium,2,approx,0.003391,123,success
g9_h27_k9_dsparse_s0.txt,9,27,9,sparse,0,approx,0.003457,137,success
g9_h27_k9_dsparse_s1.txt,9,27,9,sparse,1,approx,0.003877,133,success
g9_h27_k9_dsparse_s2.txt,9,27,9,sparse,2,approx,0.003677,163,success
g10_h40_k7_ddense_s0.txt,10,40,7,dense,0,approx,0.003919,125,success
g10_h40_k7_ddense_s1.txt,10,40,7,dense,1,approx,0.003965,116,success
g10_h40_k7_ddense_s2.txt,10,40,7,dense,2,approx,0.004166,118,success
g10_h40_k7_dmedium_s0.txt,10,40,7,medium,0,approx,0.004019,164,success
g10_h40_k7_dmedium_s1.txt,10,40,7,medium,1,approx,0.004125,158,success
g10_h40_k7_dmedium_s2.txt,10,40,7,medium,2,approx,0.004191,158,success
g10_h40_k7_dsparse_s0.txt,10,40,7,sparse,0,approx,0.004099,124,success
g10_h40_k7_dsparse_s1.txt,10,40,7,sparse,1,approx,0.004748,106,success
g10_h40_k7_dsparse_s2.txt,10,40,7,sparse,2,approx,0.004086,201,success
g9_h22_k10_ddense_s0.txt,9,22,10,dense,0,approx,0.004838,188,success
g9_h22_k10_ddense_s1.txt,9,22,10,dense,1,approx,0.003848,195,success
g9_h22_k10_ddense_s2.txt,9,22,10,dense,2,approx,0.004749,199,success
g9_h22_k10_dmedium_s0.txt,9,22,10,medium,0,approx,0.008319,128,success
g9_h22_k10_dmedium_s1.txt,9,22,10,medium,1,approx,0.003956,117,success
g9_h22_k10_dmedium_s2.txt,9,22,10,medium,2,approx,0.003820,191,success
g9_h22_k10_dsparse_s0.txt,9,22,10,sparse,0,approx,0.003604,173,success
g9_h22_k10_dsparse_s1.txt,9,22,10,sparse,1,approx,0.006220,119,success
g9_h22_k10_dsparse_s2.txt,9,22,10,sparse,2,approx,0.004290,125,success
g10_h30_k8_ddense_s0.txt,10,30,8,dense,0,approx,0.004422,111,success
g10_h30_k8_ddense_s1.txt,10,30,8,dense,1,approx,0.004661,117,success
g10_h30_k8_ddense_s2.txt,10,30,8,dense,2,approx,0.005482,114,success
g10_h30_k8_dmedium_s0.txt,10,30,8,medium,0,approx,0.004920,168,success
g10_h30_k8_dmedium_s1.txt,10,30,8,medium,1,approx,0.004100,173,success
g10_h30_k8_dmedium_s2.txt,10,30,8,medium,2,approx,0.004503,162,success
g10_h30_k8_dsparse_s0.txt,10,30,8,sparse,0,approx,0.004498,139,success
g10_h30_k8_dsparse_s1.txt,10,30,8,sparse,1,approx,0.004808,146,success
g10_h30_k8_dsparse_s2.txt,10,30,8,sparse,2,approx,0.005070,271,success
g15_h37_k5_ddense_s0.txt,15,37,5,dense,0,approx,0.005230,274,success
g15_h37_k5_ddense_s1.txt,15,37,5,dense,1,approx,0.005691,278,success
g15_h37_k5_ddense_s2.txt,15,37,5,dense,2,approx,0.004538,263,success
g15_h37_k5_dmedium_s0.txt,15,37,5,medium,0,approx,0.004483,307,success
g15_h37_k5_dmedium_s1.txt,15,37,5,medium,1,approx,0.004191,356,success
g15_h37_k5_dmedium_s2.txt,15,37,5,medium,2,approx,0.004040,343,success
g15_h37_k5_dsparse_s0.txt,15,37,5,sparse,0,approx,0.003909,366,success
g15_h37_k5_dsparse_s1.txt,15,37,5,sparse,1,approx,0.003883,303,success
g15_h37_k5_dsparse_s2.txt,15,37,5,sparse,2,approx,0.003976,308,success
g8_h32_k10_ddense_s0.txt,8,32,10,dense,0,approx,0.003430,191,success
g8_h32_k10_ddense_s1.txt,8,32,10,dense,1,approx,0.003352,191,success
g8_h32_k10_ddense_s2.txt,8,32,10,dense,2,approx,0.003362,174,success
g8_h32_k10_dmedium_s0.txt,8,32,10,medium,0,approx,0.003460,162,success
g8_h32_k10_dmedium_s1.txt,8,32,10,medium,1,approx,0.003425,196,success
g8_h32_k10_dmedium_s2.txt,8,32,10,medium,2,approx,0.003503,160,success
g8_h32_k10_dsparse_s0.txt,8,32,10,sparse,0,approx,0.003421,91,success
g8_h32_k10_dsparse_s1.txt,8,32,10,sparse,1,approx,0.003427,151,success
g8_h32_k10_dsparse_s2.txt,8,32,10,sparse,2,approx,0.003440,111,success
g12_h18_k9_ddense_s0.txt,12,18,9,dense,0,approx,0.003244,249,success
g12_h18_k9_ddense_s1.txt,12,18,9,dense,1,approx,0.003288,225,success
g12_h18_k9_ddense_s2.txt,12,18,9,dense,2,approx,0.004077,188,success
g12_h18_k9_dmedium_s0.txt,12,18,9,medium,0,approx,0.003677,250,success
g12_h18_k9_dmedium_s1.txt,12,18,9,medium,1,approx,0.003735,251,success
g12_h18_k9_dmedium_s2.txt,12,18,9,medium,2,approx,0.003475,249,success
g12_h18_k9_dsparse_s0.txt,12,18,9,sparse,0,approx,0.003386,300,success
g12_h18_k9_dsparse_s1.txt,12,18,9,sparse,1,approx,0.003400,216,success
g12_h18_k9_dsparse_s2.txt,12,18,9,sparse,2,approx,0.003389,225,success
g10_h20_k10_ddense_s0.txt,10,20,10,dense,0,approx,0.003215,132,success
g10_h20_k10_ddense_s1.txt,10,20,10,dense,1,approx,0.003269,127,success
g10_h20_k10_ddense_s2.txt,10,20,10,dense,2,approx,0.003302,133,success
g10_h20_k10_dmedium_s0.txt,10,20,10,medium,0,approx,0.003394,166,success
g10_h20_k10_dmedium_s1.txt,10,20,10,medium,1,approx,0.003275,162,success
g10_h20_k10_dmedium_s2.txt,10,20,10,medium,2,approx,0.003317,145,success
g10_h20_k10_dsparse_s0.txt,10,20,10,sparse,0,approx,0.003150,291,success
g10_h20_k10_dsparse_s1.txt,10,20,10,sparse,1,approx,0.003239,218,success
g10_h20_k10_dsparse_s2.txt,10,20,10,sparse,2,approx,0.003364,196,success
g10_h25_k9_ddense_s0.txt,10,25,9,dense,0,approx,0.003517,107,success
g10_h25_k9_ddense_s1.txt,10,25,9,dense,1,approx,0.003614,116,success
g10_h25_k9_ddense_s2.txt,10,25,9,dense,2,approx,0.003538,136,success
g10_h25_k9_dmedium_s0.txt,10,25,9,medium,0,approx,0.003505,165,success
g10_h25_k9_dmedium_s1.txt,10,25,9,medium,1,approx,0.003291,179,success
g10_h25_k9_dmedium_s2.txt,10,25,9,medium,2,approx,0.003518,106,success
g10_h25_k9_dsparse_s0.txt,10,25,9,sparse,0,approx,0.003260,147,success
g10_h25_k9_dsparse_s1.txt,10,25,9,sparse,1,approx,0.003317,216,success
g10_h25_k9_dsparse_s2.txt,10,25,9,sparse,2,approx,0.003371,192,success
g12_h30_k7_ddense_s0.txt,12,30,7,dense,0,approx,0.003945,168,success
g12_h30_k7_ddense_s1.txt,12,30,7,dense,1,approx,0.003953,166,success
g12_h30_k7_ddense_s2.txt,12,30,7,dense,2,approx,0.004025,165,success
g12_h30_k7_dmedium_s0.txt,12,30,7,medium,0,approx,0.004068,253,success
g12_h30_k7_dmedium_s1.txt,12,30,7,medium,1,approx,0.004244,271,success
g12_h30_k7_dmedium_s2.txt,12,30,7,medium,2,approx,0.003947,263,success
g12_h30_k7_dsparse_s0.txt,12,30,7,sparse,0,approx,0.003609,225,success
g12_h30_k7_dsparse_s1.txt,12,30,7,sparse,1,approx,0.003769,251,success
g12_h30_k7_dsparse_s2.txt,12,30,7,sparse,2,approx,0.004052,151,success
g12_h48_k6_ddense_s0.txt,12,48,6,dense,0,approx,0.004510,176,success
g12_h48_k6_ddense_s1.txt,12,48,6,dense,1,approx,0.004506,165,success
g12_h48_k6_ddense_s2.txt,12,48,6,dense,2,approx,0.004876,170,success
g12_h48_k6_dmedium_s0.txt,12,48,6,medium,0,approx,0.018524,201,success
g12_h48_k6_dmedium_s1.txt,12,48,6,medium,1,approx,0.012479,187,success
g12_h48_k6_dmedium_s2.txt,12,48,6,medium,2,approx,0.012034,243,success
g12_h48_k6_dsparse_s0.txt,12,48,6,sparse,0,approx,0.004910,177,success
g12_h48_k6_dsparse_s1.txt,12,48,6,sparse,1,approx,0.005202,270,success
g12_h48_k6_dsparse_s2.txt,12,48,6,sparse,2,approx,0.004675,217,success
g9_h27_k10_ddense_s0.txt,9,27,10,dense,0,approx,0.003650,177,success
g9_h27_k10_ddense_s1.txt,9,27,10,dense,1,approx,0.003580,173,success
g9_h27_k10_ddense_s2.txt,9,27,10,dense,2,approx,0.004096,174,success
g9_h27_k10_dmedium_s0.txt,9,27,10,medium,0,approx,0.003682,148,success
g9_h27_k10_dmedium_s1.txt,9,27,10,medium,1,approx,0.003624,166,success
g9_h27_k10_dmedium_s2.txt,9,27,10,medium,2,approx,0.003984,165,success
g9_h27_k10_dsparse_s0.txt,9,27,10,sparse,0,approx,0.004128,226,success
g9_h27_k10_dsparse_s1.txt,9,27,10,sparse,1,approx,0.005063,205,success
g9_h27_k10_dsparse_s2.txt,9,27,10,sparse,2,approx,0.004358,162,success
g15_h45_k5_ddense_s0.txt,15,45,5,dense,0,approx,0.005217,249,success
g15_h45_k5_ddense_s1.txt,15,45,5,dense,1,approx,0.004933,254,success
g15_h45_k5_ddense_s2.txt,15,45,5,dense,2,approx,0.005471,254,success
g15_h45_k5_dmedium_s0.txt,15,45,5,medium,0,approx,0.004720,348,success
g15_h45_k5_dmedium_s1.txt,15,45,5,medium,1,approx,0.004985,319,success
g15_h45_k5_dmedium_s2.txt,15,45,5,medium,2,approx,0.004869,332,success
g15_h45_k5_dsparse_s0.txt,15,45,5,sparse,0,approx,0.004721,318,success
g15_h45_k5_dsparse_s1.txt,15,45,5,sparse,1,approx,0.004292,377,success
g15_h45_k5_dsparse_s2.txt,15,45,5,sparse,2,approx,0.004490,256,success
g9_h36_k9_ddense_s0.txt,9,36,9,dense,0,approx,0.003506,97,success
g9_h36_k9_ddense_s1.txt,9,36,9,dense,1,approx,0.003606,97,success
g9_h36_k9_ddense_s2.txt,9,36,9,dense,2,approx,0.003499,93,success
g9_h36_k9_dmedium_s0.txt,9,36,9,medium,0,approx,0.003506,145,success
g9_h36_k9_dmedium_s1.txt,9,36,9,medium,1,approx,0.003668,111,success
g9_h36_k9_dmedium_s2.txt,9,36,9,medium,2,approx,0.003636,138,success
g9_h36_k9_dsparse_s0.txt,9,36,9,sparse,0,approx,0.003537,160,success
g9_h36_k9_dsparse_s1.txt,9,36,9,sparse,1,approx,0.003614,149,success
g9_h36_k9_dsparse_s2.txt,9,36,9,sparse,2,approx,0.003700,158,success
g12_h24_k8_ddense_s0.txt,12,24,8,dense,0,approx,0.003773,174,success
g12_h24_k8_ddense_s1.txt,12,24,8,dense,1,approx,0.003574,193,success
g12_h24_k8_ddense_s2.txt,12,24,8,dense,2,approx,0.003658,177,success
g12_h24_k8_dmedium_s0.txt,12,24,8,medium,0,approx,0.003809,203,success
g12_h24_k8_dmedium_s1.txt,12,24,8,medium,1,approx,0.003557,317,success
g12_h24_k8_dmedium_s2.txt,12,24,8,medium,2,approx,0.003382,231,success
g12_h24_k8_dsparse_s0.txt,12,24,8,sparse,0,approx,0.003387,262,success
g12_h24_k8_dsparse_s1.txt,12,24,8,sparse,1,approx,0.003556,252,success
g12_h24_k8_dsparse_s2.txt,12,24,8,sparse,2,approx,0.003362,175,success
g15_h22_k7_ddense_s0.txt,15,22,7,dense,0,approx,0.003481,247,success
g15_h22_k7_ddense_s1.txt,15,22,7,dense,1,approx,0.003663,293,success
g15_h22_k7_ddense_s2.txt,15,22,7,dense,2,approx,0.003731,354,success
g15_h22_k7_dmedium_s0.txt,15,22,7,medium,0,approx,0.003665,445,success
g15_h22_k7_dmedium_s1.txt,15,22,7,medium,1,approx,0.003994,490,success
g15_h22_k7_dmedium_s2.txt,15,22,7,medium,2,approx,0.003704,378,success
g15_h22_k7_dsparse_s0.txt,15,22,7,sparse,0,approx,0.004710,273,success
g15_h22_k7_dsparse_s1.txt,15,22,7,sparse,1,approx,0.007551,442,success
g15_h22_k7_dsparse_s2.txt,15,22,7,sparse,2,approx,0.005968,471,success
g15_h30_k6_ddense_s0.txt,15,30,6,dense,0,approx,0.006055,289,success
g15_h30_k6_ddense_s1.txt,15,30,6,dense,1,approx,0.004813,294,success
g15_h30_k6_ddense_s2.txt,15,30,6,dense,2,approx,0.004204,263,success
g15_h30_k6_dmedium_s0.txt,15,30,6,medium,0,approx,0.003980,456,success
g15_h30_k6_dmedium_s1.txt,15,30,6,medium,1,approx,0.003922,483,success
g15_h30_k6_dmedium_s2.txt,15,30,6,medium,2,approx,0.004708,372,success
g15_h30_k6_dsparse_s0.txt,15,30,6,sparse,0,approx,0.003860,311,success
g15_h30_k6_dsparse_s1.txt,15,30,6,sparse,1,approx,0.003997,268,success
g15_h30_k6_dsparse_s2.txt,15,30,6,sparse,2,approx,0.003876,363,success
g10_h40_k8_ddense_s0.txt,10,40,8,dense,0,approx,0.003759,114,success
g10_h40_k8_ddense_s1.txt,10,40,8,dense,1,approx,0.004396,125,success
g10_h40_k8_ddense_s2.txt,10,40,8,dense,2,approx,0.004151,111,success
g10_h40_k8_dmedium_s0.txt,10,40,8,medium,0,approx,0.005416,129,success
g10_h40_k8_dmedium_s1.txt,10,40,8,medium,1,approx,0.004822,171,success
g10_h40_k8_dmedium_s2.txt,10,40,8,medium,2,approx,0.004217,160,success
g10_h40_k8_dsparse_s0.txt,10,40,8,sparse,0,approx,0.004749,113,success
g10_h40_k8_dsparse_s1.txt,10,40,8,sparse,1,approx,0.004739,142,success
g10_h40_k8_dsparse_s2.txt,10,40,8,sparse,2,approx,0.004673,132,success
g12_h36_k7_ddense_s0.txt,12,36,7,dense,0,approx,0.004551,184,success
g12_h36_k7_ddense_s1.txt,12,36,7,dense,1,approx,0.004222,188,success
g12_h36_k7_ddense_s2.txt,12,36,7,dense,2,approx,0.004130,177,success
g12_h36_k7_dmedium_s0.txt,12,36,7,medium,0,approx,0.004360,244,success
g12_h36_k7_dmedium_s1.txt,12,36,7,medium,1,approx,0.003934,247,success
g12_h36_k7_dmedium_s2.txt,12,36,7,medium,2,approx,0.003891,235,success
g12_h36_k7_dsparse_s0.txt,12,36,7,sparse,0,approx,0.003842,229,success
g12_h36_k7_dsparse_s1.txt,12,36,7,sparse,1,approx,0.004243,194,success
g12_h36_k7_dsparse_s2.txt,12,36,7,sparse,2,approx,0.003846,208,success
g10_h30_k9_ddense_s0.txt,10,30,9,dense,0,approx,0.003591,119,success
g10_h30_k9_ddense_s1.txt,10,30,9,dense,1,approx,0.003488,108,success
g10_h30_k9_ddense_s2.txt,10,30,9,dense,2,approx,0.003605,121,success
g10_h30_k9_dmedium_s0.txt,10,30,9,medium,0,approx,0.003418,178,success
g10_h30_k9_dmedium_s1.txt,10,30,9,medium,1,approx,0.003498,150,success
g10_h30_k9_dmedium_s2.txt,10,30,9,medium,2,approx,0.003411,152,success
g10_h30_k9_dsparse_s0.txt,10,30,9,sparse,0,approx,0.003473,246,success
g10_h30_k9_dsparse_s1.txt,10,30,9,sparse,1,approx,0.003531,115,success
g10_h30_k9_dsparse_s2.txt,10,30,9,sparse,2,approx,0.003659,176,success
g12_h18_k10_ddense_s0.txt,12,18,10,dense,0,approx,0.003973,185,success
g12_h18_k10_ddense_s1.txt,12,18,10,dense,1,approx,0.003358,168,success
g12_h18_k10_ddense_s2.txt,12,18,10,dense,2,approx,0.003329,203,success
g12_h18_k10_dmedium_s0.txt,12,18,10,medium,0,approx,0.003388,305,success
g12_h18_k10_dmedium_s1.txt,12,18,10,medium,1,approx,0.003309,293,success
g12_h18_k10_dmedium_s2.txt,12,18,10,medium,2,approx,0.003365,263,success
g12_h18_k10_dsparse_s0.txt,12,18,10,sparse,0,approx,0.003207,278,success
g12_h18_k10_dsparse_s1.txt,12,18,10,sparse,1,approx,0.003316,312,success
g12_h18_k10_dsparse_s2.txt,12,18,10,sparse,2,approx,0.003448,215,success
g10_h25_k10_ddense_s0.txt,10,25,10,dense,0,approx,0.003484,129,success
g10_h25_k10_ddense_s1.txt,10,25,10,dense,1,approx,0.003695,120,success
g10_h25_k10_ddense_s2.txt,10,25,10,dense,2,approx,0.004020,110,success
g10_h25_k10_dmedium_s0.txt,10,25,10,medium,0,approx,0.003563,273,success
g10_h25_k10_dmedium_s1.txt,10,25,10,medium,1,approx,0.003652,171,success
g10_h25_k10_dmedium_s2.txt,10,25,10,medium,2,approx,0.003517,183,success
g10_h25_k10_dsparse_s0.txt,10,25,10,sparse,0,approx,0.003379,201,success
g10_h25_k10_dsparse_s1.txt,10,25,10,sparse,1,approx,0.003184,176,success
g10_h25_k10_dsparse_s2.txt,10,25,10,sparse,2,approx,0.003406,242,success
g15_h60_k5_ddense_s0.txt,15,60,5,dense,0,approx,0.005075,236,success
g15_h60_k5_ddense_s1.txt,15,60,5,dense,1,approx,0.004958,247,success
g15_h60_k5_ddense_s2.txt,15,60,5,dense,2,approx,0.005123,251,success
g15_h60_k5_dmedium_s0.txt,15,60,5,medium,0,approx,0.005648,293,success
g15_h60_k5_dmedium_s1.txt,15,60,5,medium,1,approx,0.005019,303,success
g15_h60_k5_dmedium_s2.txt,15,60,5,medium,2,approx,0.005221,321,success
g15_h60_k5_dsparse_s0.txt,15,60,5,sparse,0,approx,0.006129,234,success
g15_h60_k5_dsparse_s1.txt,15,60,5,sparse,1,approx,0.005546,279,success
g15_h60_k5_dsparse_s2.txt,15,60,5,sparse,2,approx,0.007099,366,success
g12_h30_k8_ddense_s0.txt,12,30,8,dense,0,approx,0.004756,166,success
g12_h30_k8_ddense_s1.txt,12,30,8,dense,1,approx,0.005333,170,success
g12_h30_k8_ddense_s2.txt,12,30,8,dense,2,approx,0.004871,172,success
g12_h30_k8_dmedium_s0.txt,12,30,8,medium,0,approx,0.004136,213,success
g12_h30_k8_dmedium_s1.txt,12,30,8,medium,1,approx,0.003830,224,success
g12_h30_k8_dmedium_s2.txt,12,30,8,medium,2,approx,0.003634,210,success
g12_h30_k8_dsparse_s0.txt,12,30,8,sparse,0,approx,0.003694,245,success
g12_h30_k8_dsparse_s1.txt,12,30,8,sparse,1,approx,0.004049,246,success
g12_h30_k8_dsparse_s2.txt,12,30,8,sparse,2,approx,0.003848,243,success
g9_h36_k10_ddense_s0.txt,9,36,10,dense,0,approx,0.003558,159,success
g9_h36_k10_ddense_s1.txt,9,36,10,dense,1,approx,0.003463,161,success
g9_h36_k10_ddense_s2.txt,9,36,10,dense,2,approx,0.003726,171,success
g9_h36_k10_dmedium_s0.txt,9,36,10,medium,0,approx,0.003720,174,success
g9_h36_k10_dmedium_s1.txt,9,36,10,medium,1,approx,0.004376,206,success
g9_h36_k10_dmedium_s2.txt,9,36,10,medium,2,approx,0.004122,185,success
g9_h36_k10_dsparse_s0.txt,9,36,10,sparse,0,approx,0.003695,305,success
g9_h36_k10_dsparse_s1.txt,9,36,10,sparse,1,approx,0.005890,138,success
g9_h36_k10_dsparse_s2.txt,9,36,10,sparse,2,approx,0.004546,108,success
g15_h37_k6_ddense_s0.txt,15,37,6,dense,0,approx,0.006935,262,success
g15_h37_k6_ddense_s1.txt,15,37,6,dense,1,approx,0.005806,236,success
g15_h37_k6_ddense_s2.txt,15,37,6,dense,2,approx,0.004893,275,success
g15_h37_k6_dmedium_s0.txt,15,37,6,medium,0,approx,0.004466,304,success
g15_h37_k6_dmedium_s1.txt,15,37,6,medium,1,approx,0.004822,400,success
g15_h37_k6_dmedium_s2.txt,15,37,6,medium,2,approx,0.004625,334,success
g15_h37_k6_dsparse_s0.txt,15,37,6,sparse,0,approx,0.004443,316,success
g15_h37_k6_dsparse_s1.txt,15,37,6,sparse,1,approx,0.004260,437,success
g15_h37_k6_dsparse_s2.txt,15,37,6,sparse,2,approx,0.004210,357,success
g12_h24_k9_ddense_s0.txt,12,24,9,dense,0,approx,0.003720,160,success
g12_h24_k9_ddense_s1.txt,12,24,9,dense,1,approx,0.003744,179,success
g12_h24_k9_ddense_s2.txt,12,24,9,dense,2,approx,0.003771,187,success
g12_h24_k9_dmedium_s0.txt,12,24,9,medium,0,approx,0.003715,288,success
g12_h24_k9_dmedium_s1.txt,12,24,9,medium,1,approx,0.003724,252,success
g12_h24_k9_dmedium_s2.txt,12,24,9,medium,2,approx,0.003538,388,success
g12_h24_k9_dsparse_s0.txt,12,24,9,sparse,0,approx,0.003541,246,success
g12_h24_k9_dsparse_s1.txt,12,24,9,sparse,1,approx,0.003479,302,success
g12_h24_k9_dsparse_s2.txt,12,24,9,sparse,2,approx,0.003497,305,success
g12_h48_k7_ddense_s0.txt,12,48,7,dense,0,approx,0.004488,171,success
g12_h48_k7_ddense_s1.txt,12,48,7,dense,1,approx,0.004512,147,success
g12_h48_k7_ddense_s2.txt,12,48,7,dense,2,approx,0.004360,195,success
g12_h48_k7_dmedium_s0.txt,12,48,7,medium,0,approx,0.004303,202,success
g12_h48_k7_dmedium_s1.txt,12,48,7,medium,1,approx,0.004336,245,success
g12_h48_k7_dmedium_s2.txt,12,48,7,medium,2,approx,0.004290,225,success
g12_h48_k7_dsparse_s0.txt,12,48,7,sparse,0,approx,0.004354,223,success
g12_h48_k7_dsparse_s1.txt,12,48,7,sparse,1,approx,0.004370,167,success
g12_h48_k7_dsparse_s2.txt,12,48,7,sparse,2,approx,0.004144,286,success
g10_h30_k10_ddense_s0.txt,10,30,10,dense,0,approx,0.003506,101,success
g10_h30_k10_ddense_s1.txt,10,30,10,dense,1,approx,0.003469,132,success
g10_h30_k10_ddense_s2.txt,10,30,10,dense,2,approx,0.003443,109,success
g10_h30_k10_dmedium_s0.txt,10,30,10,medium,0,approx,0.003431,162,success
g10_h30_k10_dmedium_s1.txt,10,30,10,medium,1,approx,0.003638,139,success
g10_h30_k10_dmedium_s2.txt,10,30,10,medium,2,approx,0.003610,160,success
g10_h30_k10_dsparse_s0.txt,10,30,10,sparse,0,approx,0.003385,216,success
g10_h30_k10_dsparse_s1.txt,10,30,10,sparse,1,approx,0.003592,210,success
g10_h30_k10_dsparse_s2.txt,10,30,10,sparse,2,approx,0.003359,198,success
g10_h40_k9_ddense_s0.txt,10,40,9,dense,0,approx,0.003843,124,success
g10_h40_k9_ddense_s1.txt,10,40,9,dense,1,approx,0.003740,127,success
g10_h40_k9_ddense_s2.txt,10,40,9,dense,2,approx,0.004613,132,success
g10_h40_k9_dmedium_s0.txt,10,40,9,medium,0,approx,0.004136,153,success
g10_h40_k9_dmedium_s1.txt,10,40,9,medium,1,approx,0.004028,155,success
g10_h40_k9_dmedium_s2.txt,10,40,9,medium,2,approx,0.003927,151,success
g10_h40_k9_dsparse_s0.txt,10,40,9,sparse,0,approx,0.004049,183,success
g10_h40_k9_dsparse_s1.txt,10,40,9,sparse,1,approx,0.003738,196,success
g10_h40_k9_dsparse_s2.txt,10,40,9,sparse,2,approx,0.003799,265,success
g15_h22_k8_ddense_s0.txt,15,22,8,dense,0,approx,0.003894,316,success
g15_h22_k8_ddense_s1.txt,15,22,8,dense,1,approx,0.003734,310,success
g15_h22_k8_ddense_s2.txt,15,22,8,dense,2,approx,0.004070,306,success
g15_h22_k8_dmedium_s0.txt,15,22,8,medium,0,approx,0.003918,495,success
g15_h22_k8_dmedium_s1.txt,15,22,8,medium,1,approx,0.003803,434,success
g15_h22_k8_dmedium_s2.txt,15,22,8,medium,2,approx,0.003667,381,success
g15_h22_k8_dsparse_s0.txt,15,22,8,sparse,0,approx,0.003751,324,success
g15_h22_k8_dsparse_s1.txt,15,22,8,sparse,1,approx,0.003680,425,success
g15_h22_k8_dsparse_s2.txt,15,22,8,sparse,2,approx,0.003601,318,success
g12_h36_k8_ddense_s0.txt,12,36,8,dense,0,approx,0.004009,162,success
g12_h36_k8_ddense_s1.txt,12,36,8,dense,1,approx,0.004076,173,success
g12_h36_k8_ddense_s2.txt,12,36,8,dense,2,approx,0.003884,177,success
g12_h36_k8_dmedium_s0.txt,12,36,8,medium,0,approx,0.003938,217,success
g12_h36_k8_dmedium_s1.txt,12,36,8,medium,1,approx,0.004053,223,success
g12_h36_k8_dmedium_s2.txt,12,36,8,medium,2,approx,0.003881,210,success
g12_h36_k8_dsparse_s0.txt,12,36,8,sparse,0,approx,0.005196,301,success
g12_h36_k8_dsparse_s1.txt,12,36,8,sparse,1,approx,0.004334,245,success
g12_h36_k8_dsparse_s2.txt,12,36,8,sparse,2,approx,0.004289,271,success
g15_h30_k7_ddense_s0.txt,15,30,7,dense,0,approx,0.004310,280,success
g15_h30_k7_ddense_s1.txt,15,30,7,dense,1,approx,0.004424,275,success
g15_h30_k7_ddense_s2.txt,15,30,7,dense,2,approx,0.004427,293,success
g15_h30_k7_dmedium_s0.txt,15,30,7,medium,0,approx,0.004537,437,success
g15_h30_k7_dmedium_s1.txt,15,30,7,medium,1,approx,0.004338,360,success
g15_h30_k7_dmedium_s2.txt,15,30,7,medium,2,approx,0.004587,370,success
g15_h30_k7_dsparse_s0.txt,15,30,7,sparse,0,approx,0.004489,410,success
g15_h30_k7_dsparse_s1.txt,15,30,7,sparse,1,approx,0.004891,284,success
g15_h30_k7_dsparse_s2.txt,15,30,7,sparse,2,approx,0.004907,362,success
g15_h45_k6_ddense_s0.txt,15,45,6,dense,0,approx,0.005529,293,success
g15_h45_k6_ddense_s1.txt,15,45,6,dense,1,approx,0.005776,267,success
g15_h45_k6_ddense_s2.txt,15,45,6,dense,2,approx,0.005020,260,success
g15_h45_k6_dmedium_s0.txt,15,45,6,medium,0,approx,0.005972,336,success
g15_h45_k6_dmedium_s1.txt,15,45,6,medium,1,approx,0.005164,347,success
g15_h45_k6_dmedium_s2.txt,15,45,6,medium,2,approx,0.004956,297,success
g15_h45_k6_dsparse_s0.txt,15,45,6,sparse,0,approx,0.005290,357,success
g15_h45_k6_dsparse_s1.txt,15,45,6,sparse,1,approx,0.005102,404,success
g15_h45_k6_dsparse_s2.txt,15,45,6,sparse,2,approx,0.004706,284,success
g12_h30_k9_ddense_s0.txt,12,30,9,dense,0,approx,0.004448,166,success
g12_h30_k9_ddense_s1.txt,12,30,9,dense,1,approx,0.004674,187,success
g12_h30_k9_ddense_s2.txt,12,30,9,dense,2,approx,0.004655,161,success
g12_h30_k9_dmedium_s0.txt,12,30,9,medium,0,approx,0.004313,219,success
g12_h30_k9_dmedium_s1.txt,12,30,9,medium,1,approx,0.006211,260,success
g12_h30_k9_dmedium_s2.txt,12,30,9,medium,2,approx,0.006174,259,success
g12_h30_k9_dsparse_s0.txt,12,30,9,sparse,0,approx,0.005069,250,success
g12_h30_k9_dsparse_s1.txt,12,30,9,sparse,1,approx,0.004355,254,success
g12_h30_k9_dsparse_s2.txt,12,30,9,sparse,2,approx,0.004201,288,success
g12_h24_k10_ddense_s0.txt,12,24,10,dense,0,approx,0.005996,196,success
g12_h24_k10_ddense_s1.txt,12,24,10,dense,1,approx,0.004794,172,success
g12_h24_k10_ddense_s2.txt,12,24,10,dense,2,approx,0.005015,187,success
g12_h24_k10_dmedium_s0.txt,12,24,10,medium,0,approx,0.004471,311,success
g12_h24_k10_dmedium_s1.txt,12,24,10,medium,1,approx,0.004944,260,success
g12_h24_k10_dmedium_s2.txt,12,24,10,medium,2,approx,0.004205,221,success
g12_h24_k10_dsparse_s0.txt,12,24,10,sparse,0,approx,0.003910,315,success
g12_h24_k10_dsparse_s1.txt,12,24,10,sparse,1,approx,0.014644,337,success
g12_h24_k10_dsparse_s2.txt,12,24,10,sparse,2,approx,0.015510,356,success
g10_h40_k10_ddense_s0.txt,10,40,10,dense,0,approx,0.011364,105,success
g10_h40_k10_ddense_s1.txt,10,40,10,dense,1,approx,0.012347,141,success
g10_h40_k10_ddense_s2.txt,10,40,10,dense,2,approx,0.004927,129,success
g10_h40_k10_dmedium_s0.txt,10,40,10,medium,0,approx,0.017916,176,success
g10_h40_k10_dmedium_s1.txt,10,40,10,medium,1,approx,0.005887,179,success
g10_h40_k10_dmedium_s2.txt,10,40,10,medium,2,approx,0.006135,163,success
g10_h40_k10_dsparse_s0.txt,10,40,10,sparse,0,approx,0.005712,149,success
g10_h40_k10_dsparse_s1.txt,10,40,10,sparse,1,approx,0.004841,196,success
g10_h40_k10_dsparse_s2.txt,10,40,10,sparse,2,approx,0.005077,209,success
g15_h22_k9_ddense_s0.txt,15,22,9,dense,0,approx,0.004650,275,success
g15_h22_k9_ddense_s1.txt,15,22,9,dense,1,approx,0.004206,323,success
g15_h22_k9_ddense_s2.txt,15,22,9,dense,2,approx,0.009904,324,success
g15_h22_k9_dmedium_s0.txt,15,22,9,medium,0,approx,0.006204,495,success
g15_h22_k9_dmedium_s1.txt,15,22,9,medium,1,approx,0.004758,472,success
g15_h22_k9_dmedium_s2.txt,15,22,9,medium,2,approx,0.004608,476,success
g15_h22_k9_dsparse_s0.txt,15,22,9,sparse,0,approx,0.007245,465,success
g15_h22_k9_dsparse_s1.txt,15,22,9,sparse,1,approx,0.004529,418,success
g15_h22_k9_dsparse_s2.txt,15,22,9,sparse,2,approx,0.004588,422,success
g15_h37_k7_ddense_s0.txt,15,37,7,dense,0,approx,0.005695,289,success
g15_h37_k7_ddense_s1.txt,15,37,7,dense,1,approx,0.005392,247,success
g15_h37_k7_ddense_s2.txt,15,37,7,dense,2,approx,0.004984,275,success
g15_h37_k7_dmedium_s0.txt,15,37,7,medium,0,approx,0.004555,371,success
g15_h37_k7_dmedium_s1.txt,15,37,7,medium,1,approx,0.004463,365,success
g15_h37_k7_dmedium_s2.txt,15,37,7,medium,2,approx,0.004566,374,success
g15_h37_k7_dsparse_s0.txt,15,37,7,sparse,0,approx,0.005540,387,success
g15_h37_k7_dsparse_s1.txt,15,37,7,sparse,1,approx,0.004515,307,success
g15_h37_k7_dsparse_s2.txt,15,37,7,sparse,2,approx,0.005392,343,success
g12_h48_k8_ddense_s0.txt,12,48,8,dense,0,approx,0.005252,205,success
g12_h48_k8_ddense_s1.txt,12,48,8,dense,1,approx,0.004904,170,success
g12_h48_k8_ddense_s2.txt,12,48,8,dense,2,approx,0.004831,192,success
g12_h48_k8_dmedium_s0.txt,12,48,8,medium,0,approx,0.004727,251,success
g12_h48_k8_dmedium_s1.txt,12,48,8,medium,1,approx,0.004550,247,success
g12_h48_k8_dmedium_s2.txt,12,48,8,medium,2,approx,0.004623,224,success
g12_h48_k8_dsparse_s0.txt,12,48,8,sparse,0,approx,0.004576,207,success
g12_h48_k8_dsparse_s1.txt,12,48,8,sparse,1,approx,0.004355,212,success
g12_h48_k8_dsparse_s2.txt,12,48,8,sparse,2,approx,0.004375,246,success
g15_h60_k6_ddense_s0.txt,15,60,6,dense,0,approx,0.005550,265,success
g15_h60_k6_ddense_s1.txt,15,60,6,dense,1,approx,0.005621,302,success
g15_h60_k6_ddense_s2.txt,15,60,6,dense,2,approx,0.006486,269,success
g15_h60_k6_dmedium_s0.txt,15,60,6,medium,0,approx,0.006483,334,success
g15_h60_k6_dmedium_s1.txt,15,60,6,medium,1,approx,0.005744,352,success
g15_h60_k6_dmedium_s2.txt,15,60,6,medium,2,approx,0.005697,284,success
g15_h60_k6_dsparse_s0.txt,15,60,6,sparse,0,approx,0.005549,317,success
g15_h60_k6_dsparse_s1.txt,15,60,6,sparse,1,approx,0.005186,270,success
g15_h60_k6_dsparse_s2.txt,15,60,6,sparse,2,approx,0.005291,287,success
g12_h36_k9_ddense_s0.txt,12,36,9,dense,0,approx,0.004560,180,success
g12_h36_k9_ddense_s1.txt,12,36,9,dense,1,approx,0.005056,175,success
g12_h36_k9_ddense_s2.txt,12,36,9,dense,2,approx,0.004997,195,success
g12_h36_k9_dmedium_s0.txt,12,36,9,medium,0,approx,0.004544,212,success
g12_h36_k9_dmedium_s1.txt,12,36,9,medium,1,approx,0.005545,251,success
g12_h36_k9_dmedium_s2.txt,12,36,9,medium,2,approx,0.006411,253,success
g12_h36_k9_dsparse_s0.txt,12,36,9,sparse,0,approx,0.004983,199,success
g12_h36_k9_dsparse_s1.txt,12,36,9,sparse,1,approx,0.004293,287,success
g12_h36_k9_dsparse_s2.txt,12,36,9,sparse,2,approx,0.004361,163,success
g15_h30_k8_ddense_s0.txt,15,30,8,dense,0,approx,0.006020,261,success
g15_h30_k8_ddense_s1.txt,15,30,8,dense,1,approx,0.005376,308,success
g15_h30_k8_ddense_s2.txt,15,30,8,dense,2,approx,0.005277,296,success
g15_h30_k8_dmedium_s0.txt,15,30,8,medium,0,approx,0.006094,376,success
g15_h30_k8_dmedium_s1.txt,15,30,8,medium,1,approx,0.005134,395,success
g15_h30_k8_dmedium_s2.txt,15,30,8,medium,2,approx,0.005045,407,success
g15_h30_k8_dsparse_s0.txt,15,30,8,sparse,0,approx,0.004327,369,success
g15_h30_k8_dsparse_s1.txt,15,30,8,sparse,1,approx,0.004412,392,success
g15_h30_k8_dsparse_s2.txt,15,30,8,sparse,2,approx,0.004356,459,success
g12_h30_k10_ddense_s0.txt,12,30,10,dense,0,approx,0.004487,181,success
g12_h30_k10_ddense_s1.txt,12,30,10,dense,1,approx,0.004134,166,success
g12_h30_k10_ddense_s2.txt,12,30,10,dense,2,approx,0.004035,181,success
g12_h30_k10_dmedium_s0.txt,12,30,10,medium,0,approx,0.004177,260,success
g12_h30_k10_dmedium_s1.txt,12,30,10,medium,1,approx,0.004145,272,success
g12_h30_k10_dmedium_s2.txt,12,30,10,medium,2,approx,0.004278,239,success
g12_h30_k10_dsparse_s0.txt,12,30,10,sparse,0,approx,0.004064,329,success
g12_h30_k10_dsparse_s1.txt,12,30,10,sparse,1,approx,0.003927,253,success
g12_h30_k10_dsparse_s2.txt,12,30,10,sparse,2,approx,0.003928,231,success
g15_h45_k7_ddense_s0.txt,15,45,7,dense,0,approx,0.004900,298,success
g15_h45_k7_ddense_s1.txt,15,45,7,dense,1,approx,0.004834,294,success
g15_h45_k7_ddense_s2.txt,15,45,7,dense,2,approx,0.004717,273,success
g15_h45_k7_dmedium_s0.txt,15,45,7,medium,0,approx,0.005221,407,success
g15_h45_k7_dmedium_s1.txt,15,45,7,medium,1,approx,0.005052,366,success
g15_h45_k7_dmedium_s2.txt,15,45,7,medium,2,approx,0.005150,368,success
g15_h45_k7_dsparse_s0.txt,15,45,7,sparse,0,approx,0.005180,361,success
g15_h45_k7_dsparse_s1.txt,15,45,7,sparse,1,approx,0.004956,316,success
g15_h45_k7_dsparse_s2.txt,15,45,7,sparse,2,approx,0.004735,340,success
g15_h22_k10_ddense_s0.txt,15,22,10,dense,0,approx,0.004108,272,success
g15_h22_k10_ddense_s1.txt,15,22,10,dense,1,approx,0.004440,269,success
g15_h22_k10_ddense_s2.txt,15,22,10,dense,2,approx,0.004086,300,success
g15_h22_k10_dmedium_s0.txt,15,22,10,medium,0,approx,0.004316,459,success
g15_h22_k10_dmedium_s1.txt,15,22,10,medium,1,approx,0.004605,420,success
g15_h22_k10_dmedium_s2.txt,15,22,10,medium,2,approx,0.004697,463,success
g15_h22_k10_dsparse_s0.txt,15,22,10,sparse,0,approx,0.003976,503,success
g15_h22_k10_dsparse_s1.txt,15,22,10,sparse,1,approx,0.004277,350,success
g15_h22_k10_dsparse_s2.txt,15,22,10,sparse,2,approx,0.004186,353,success
g12_h48_k9_ddense_s0.txt,12,48,9,dense,0,approx,0.004575,192,success
g12_h48_k9_ddense_s1.txt,12,48,9,dense,1,approx,0.004615,206,success
g12_h48_k9_ddense_s2.txt,12,48,9,dense,2,approx,0.004791,172,success
g12_h48_k9_dmedium_s0.txt,12,48,9,medium,0,approx,0.005338,255,success
g12_h48_k9_dmedium_s1.txt,12,48,9,medium,1,approx,0.004886,228,success
g12_h48_k9_dmedium_s2.txt,12,48,9,medium,2,approx,0.004887,237,success
g12_h48_k9_dsparse_s0.txt,12,48,9,sparse,0,approx,0.004788,175,success
g12_h48_k9_dsparse_s1.txt,12,48,9,sparse,1,approx,0.004696,246,success
g12_h48_k9_dsparse_s2.txt,12,48,9,sparse,2,approx,0.004578,239,success
g12_h36_k10_ddense_s0.txt,12,36,10,dense,0,approx,0.004476,183,success
g12_h36_k10_ddense_s1.txt,12,36,10,dense,1,approx,0.004144,176,success
g12_h36_k10_ddense_s2.txt,12,36,10,dense,2,approx,0.004143,168,success
g12_h36_k10_dmedium_s0.txt,12,36,10,medium,0,approx,0.005170,269,success
g12_h36_k10_dmedium_s1.txt,12,36,10,medium,1,approx,0.004539,247,success
g12_h36_k10_dmedium_s2.txt,12,36,10,medium,2,approx,0.004221,240,success
g12_h36_k10_dsparse_s0.txt,12,36,10,sparse,0,approx,0.004310,241,success
g12_h36_k10_dsparse_s1.txt,12,36,10,sparse,1,approx,0.004305,386,success
g12_h36_k10_dsparse_s2.txt,12,36,10,sparse,2,approx,0.004334,242,success
g15_h37_k8_ddense_s0.txt,15,37,8,dense,0,approx,0.004831,258,success
g15_h37_k8_ddense_s1.txt,15,37,8,dense,1,approx,0.004387,286,success
g15_h37_k8_ddense_s2.txt,15,37,8,dense,2,approx,0.004816,296,success
g15_h37_k8_dmedium_s0.txt,15,37,8,medium,0,approx,0.004827,380,success
g15_h37_k8_dmedium_s1.txt,15,37,8,medium,1,approx,0.005120,415,success
g15_h37_k8_dmedium_s2.txt,15,37,8,medium,2,approx,0.005070,387,success
g15_h37_k8_dsparse_s0.txt,15,37,8,sparse,0,approx,0.005561,432,success
g15_h37_k8_dsparse_s1.txt,15,37,8,sparse,1,approx,0.005485,505,success
g15_h37_k8_dsparse_s2.txt,15,37,8,sparse,2,approx,0.005706,421,success
g15_h60_k7_ddense_s0.txt,15,60,7,dense,0,approx,0.006674,285,success
g15_h60_k7_ddense_s1.txt,15,60,7,dense,1,approx,0.006798,255,success
g15_h60_k7_ddense_s2.txt,15,60,7,dense,2,approx,0.007200,262,success
g15_h60_k7_dmedium_s0.txt,15,60,7,medium,0,approx,0.007407,366,success
g15_h60_k7_dmedium_s1.txt,15,60,7,medium,1,approx,0.007388,353,success
g15_h60_k7_dmedium_s2.txt,15,60,7,medium,2,approx,0.008034,359,success
g15_h60_k7_dsparse_s0.txt,15,60,7,sparse,0,approx,0.007942,321,success
g15_h60_k7_dsparse_s1.txt,15,60,7,sparse,1,approx,0.010271,362,success
g15_h60_k7_dsparse_s2.txt,15,60,7,sparse,2,approx,0.006936,344,success
g15_h30_k9_ddense_s0.txt,15,30,9,dense,0,approx,0.008200,287,success
g15_h30_k9_ddense_s1.txt,15,30,9,dense,1,approx,0.009850,241,success
g15_h30_k9_ddense_s2.txt,15,30,9,dense,2,approx,0.008558,264,success
g15_h30_k9_dmedium_s0.txt,15,30,9,medium,0,approx,0.005731,374,success
g15_h30_k9_dmedium_s1.txt,15,30,9,medium,1,approx,0.006265,374,success
g15_h30_k9_dmedium_s2.txt,15,30,9,medium,2,approx,0.005750,503,success
g15_h30_k9_dsparse_s0.txt,15,30,9,sparse,0,approx,0.008694,359,success
g15_h30_k9_dsparse_s1.txt,15,30,9,sparse,1,approx,0.008563,430,success
g15_h30_k9_dsparse_s2.txt,15,30,9,sparse,2,approx,0.011005,376,success
g15_h45_k8_ddense_s0.txt,15,45,8,dense,0,approx,0.010415,282,success
g15_h45_k8_ddense_s1.txt,15,45,8,dense,1,approx,0.013459,290,success
g15_h45_k8_ddense_s2.txt,15,45,8,dense,2,approx,0.013833,258,success
g15_h45_k8_dmedium_s0.txt,15,45,8,medium,0,approx,0.013228,366,success
g15_h45_k8_dmedium_s1.txt,15,45,8,medium,1,approx,0.006871,386,success
g15_h45_k8_dmedium_s2.txt,15,45,8,medium,2,approx,0.009499,349,success
g15_h45_k8_dsparse_s0.txt,15,45,8,sparse,0,approx,0.006404,320,success
g15_h45_k8_dsparse_s1.txt,15,45,8,sparse,1,approx,0.010407,385,success
g15_h45_k8_dsparse_s2.txt,15,45,8,sparse,2,approx,0.011149,470,success
g12_h48_k10_ddense_s0.txt,12,48,10,dense,0,approx,0.007665,187,success
g12_h48_k10_ddense_s1.txt,12,48,10,dense,1,approx,0.016878,175,success
g12_h48_k10_ddense_s2.txt,12,48,10,dense,2,approx,0.012101,193,success
g12_h48_k10_dmedium_s0.txt,12,48,10,medium,0,approx,0.006549,267,success
g12_h48_k10_dmedium_s1.txt,12,48,10,medium,1,approx,0.007093,243,success
g12_h48_k10_dmedium_s2.txt,12,48,10,medium,2,approx,0.006028,251,success
g12_h48_k10_dsparse_s0.txt,12,48,10,sparse,0,approx,0.005813,386,success
g12_h48_k10_dsparse_s1.txt,12,48,10,sparse,1,approx,0.005181,250,success
g12_h48_k10_dsparse_s2.txt,12,48,10,sparse,2,approx,0.005281,325,success
g15_h37_k9_ddense_s0.txt,15,37,9,dense,0,approx,0.004678,292,success
g15_h37_k9_ddense_s1.txt,15,37,9,dense,1,approx,0.004739,271,success
g15_h37_k9_ddense_s2.txt,15,37,9,dense,2,approx,0.004864,283,success
g15_h37_k9_dmedium_s0.txt,15,37,9,medium,0,approx,0.004875,451,success
g15_h37_k9_dmedium_s1.txt,15,37,9,medium,1,approx,0.004854,374,success
g15_h37_k9_dmedium_s2.txt,15,37,9,medium,2,approx,0.004813,417,success
g15_h37_k9_dsparse_s0.txt,15,37,9,sparse,0,approx,0.004779,335,success
g15_h37_k9_dsparse_s1.txt,15,37,9,sparse,1,approx,0.004893,432,success
g15_h37_k9_dsparse_s2.txt,15,37,9,sparse,2,approx,0.005143,306,success
g15_h30_k10_ddense_s0.txt,15,30,10,dense,0,approx,0.004370,245,success
g15_h30_k10_ddense_s1.txt,15,30,10,dense,1,approx,0.004570,303,success
g15_h30_k10_ddense_s2.txt,15,30,10,dense,2,approx,0.005030,298,success
g15_h30_k10_dmedium_s0.txt,15,30,10,medium,0,approx,0.004993,400,success
g15_h30_k10_dmedium_s1.txt,15,30,10,medium,1,approx,0.004620,369,success
g15_h30_k10_dmedium_s2.txt,15,30,10,medium,2,approx,0.004342,428,success
g15_h30_k10_dsparse_s0.txt,15,30,10,sparse,0,approx,0.004466,430,success
g15_h30_k10_dsparse_s1.txt,15,30,10,sparse,1,approx,0.004459,520,success
g15_h30_k10_dsparse_s2.txt,15,30,10,sparse,2,approx,0.004516,495,success
g15_h60_k8_ddense_s0.txt,15,60,8,dense,0,approx,0.005947,267,success
g15_h60_k8_ddense_s1.txt,15,60,8,dense,1,approx,0.006023,293,success
g15_h60_k8_ddense_s2.txt,15,60,8,dense,2,approx,0.006448,285,success
g15_h60_k8_dmedium_s0.txt,15,60,8,medium,0,approx,0.006176,376,success
g15_h60_k8_dmedium_s1.txt,15,60,8,medium,1,approx,0.006390,357,success
g15_h60_k8_dmedium_s2.txt,15,60,8,medium,2,approx,0.005935,368,success
g15_h60_k8_dsparse_s0.txt,15,60,8,sparse,0,approx,0.006002,403,success
g15_h60_k8_dsparse_s1.txt,15,60,8,sparse,1,approx,0.006086,302,success
g15_h60_k8_dsparse_s2.txt,15,60,8,sparse,2,approx,0.006005,341,success
g15_h45_k9_ddense_s0.txt,15,45,9,dense,0,approx,0.005247,255,success
g15_h45_k9_ddense_s1.txt,15,45,9,dense,1,approx,0.004987,316,success
g15_h45_k9_ddense_s2.txt,15,45,9,dense,2,approx,0.004933,286,success
g15_h45_k9_dmedium_s0.txt,15,45,9,medium,0,approx,0.005292,377,success
g15_h45_k9_dmedium_s1.txt,15,45,9,medium,1,approx,0.005141,440,success
g15_h45_k9_dmedium_s2.txt,15,45,9,medium,2,approx,0.004915,379,success
g15_h45_k9_dsparse_s0.txt,15,45,9,sparse,0,approx,0.005171,497,success
g15_h45_k9_dsparse_s1.txt,15,45,9,sparse,1,approx,0.005085,417,success
g15_h45_k9_dsparse_s2.txt,15,45,9,sparse,2,approx,0.004678,399,success
g15_h37_k10_ddense_s0.txt,15,37,10,dense,0,approx,0.004977,256,success
g15_h37_k10_ddense_s1.txt,15,37,10,dense,1,approx,0.004793,293,success
g15_h37_k10_ddense_s2.txt,15,37,10,dense,2,approx,0.004748,301,success
g15_h37_k10_dmedium_s0.txt,15,37,10,medium,0,approx,0.004807,417,success
g15_h37_k10_dmedium_s1.txt,15,37,10,medium,1,approx,0.004529,383,success
g15_h37_k10_dmedium_s2.txt,15,37,10,medium,2,approx,0.005358,351,success
g15_h37_k10_dsparse_s0.txt,15,37,10,sparse,0,approx,0.005011,415,success
g15_h37_k10_dsparse_s1.txt,15,37,10,sparse,1,approx,0.004927,534,success
g15_h37_k10_dsparse_s2.txt,15,37,10,sparse,2,approx,0.005155,540,success
g15_h60_k9_ddense_s0.txt,15,60,9,dense,0,approx,0.005891,314,success
g15_h60_k9_ddense_s1.txt,15,60,9,dense,1,approx,0.005753,307,success
g15_h60_k9_ddense_s2.txt,15,60,9,dense,2,approx,0.006400,310,success
g15_h60_k9_dmedium_s0.txt,15,60,9,medium,0,approx,0.006386,360,success
g15_h60_k9_dmedium_s1.txt,15,60,9,medium,1,approx,0.006047,377,success
g15_h60_k9_dmedium_s2.txt,15,60,9,medium,2,approx,0.006384,402,success
g15_h60_k9_dsparse_s0.txt,15,60,9,sparse,0,approx,0.006315,351,success
g15_h60_k9_dsparse_s1.txt,15,60,9,sparse,1,approx,0.006588,348,success
g15_h60_k9_dsparse_s2.txt,15,60,9,sparse,2,approx,0.006140,471,success
g15_h45_k10_ddense_s0.txt,15,45,10,dense,0,approx,0.005466,275,success
g15_h45_k10_ddense_s1.txt,15,45,10,dense,1,approx,0.005460,287,success
g15_h45_k10_ddense_s2.txt,15,45,10,dense,2,approx,0.005561,276,success
g15_h45_k10_dmedium_s0.txt,15,45,10,medium,0,approx,0.005578,329,success
g15_h45_k10_dmedium_s1.txt,15,45,10,medium,1,approx,0.005561,414,success
g15_h45_k10_dmedium_s2.txt,15,45,10,medium,2,approx,0.005555,382,success
g15_h45_k10_dsparse_s0.txt,15,45,10,sparse,0,approx,0.005444,492,success
g15_h45_k10_dsparse_s1.txt,15,45,10,sparse,1,approx,0.005483,434,success
g15_h45_k10_dsparse_s2.txt,15,45,10,sparse,2,approx,0.005899,454,success
g15_h60_k10_ddense_s0.txt,15,60,10,dense,0,approx,0.008535,291,success
g15_h60_k10_ddense_s1.txt,15,60,10,dense,1,approx,0.007420,273,success
g15_h60_k10_ddense_s2.txt,15,60,10,dense,2,approx,0.006927,267,success
g15_h60_k10_dmedium_s0.txt,15,60,10,medium,0,approx,0.006233,438,success
g15_h60_k10_dmedium_s1.txt,15,60,10,medium,1,approx,0.006839,390,success
g15_h60_k10_dmedium_s2.txt,15,60,10,medium,2,approx,0.006938,379,success
g15_h60_k10_dsparse_s0.txt,15,60,10,sparse,0,approx,0.006722,433,success
g15_h60_k10_dsparse_s1.txt,15,60,10,sparse,1,approx,0.006207,504,success
g15_h60_k10_dsparse_s2.txt,15,60,10,sparse,2,approx,0.006708,359,success
